# Blender 4.1.1
# www.blender.org
mtllib robot.mtl
o Sphere
v 0.000000 0.620247 -0.555570
v 0.000000 0.414436 -0.831470
v 0.000000 0.145531 -0.980785
v 0.000000 0.000000 -1.000000
v 0.000000 -0.145531 -0.980785
v 0.000000 -0.414436 -0.831470
v 0.074658 0.796140 -0.180240
v 0.074658 0.689182 -0.375330
v 0.108386 0.620247 -0.544895
v 0.137950 0.527477 -0.693520
v 0.162212 0.414436 -0.815493
v 0.180240 0.285468 -0.906127
v 0.191342 0.145531 -0.961940
v 0.195090 0.000000 -0.980785
v 0.191342 -0.145531 -0.961940
v 0.180240 -0.285468 -0.906127
v 0.162212 -0.414436 -0.815493
v 0.137950 -0.527477 -0.693520
v 0.108386 -0.620247 -0.544895
v 0.074658 -0.689182 -0.375330
v 0.038060 -0.731631 -0.191342
v 0.074658 0.753690 -0.375330
v 0.146447 0.689182 -0.353553
v 0.212608 0.620247 -0.513280
v 0.270598 0.527477 -0.653281
v 0.318190 0.414436 -0.768178
v 0.353553 0.285468 -0.853553
v 0.375330 0.145531 -0.906127
v 0.382683 0.000000 -0.923879
v 0.375330 -0.145531 -0.906127
v 0.353553 -0.285468 -0.853553
v 0.318190 -0.414436 -0.768178
v 0.270598 -0.527477 -0.653281
v 0.212608 -0.620247 -0.513280
v 0.146447 -0.689182 -0.353553
v 0.074658 -0.731631 -0.180240
v 0.038060 0.796140 -0.191342
v 0.212608 0.689182 -0.318190
v 0.308658 0.620247 -0.461940
v 0.392847 0.527477 -0.587938
v 0.461940 0.414436 -0.691342
v 0.513280 0.285468 -0.768178
v 0.544895 0.145531 -0.815493
v 0.555570 0.000000 -0.831469
v 0.544895 -0.145531 -0.815493
v 0.513280 -0.285468 -0.768178
v 0.461940 -0.414436 -0.691342
v 0.392847 -0.527477 -0.587938
v 0.308658 -0.620247 -0.461940
v 0.212608 -0.689182 -0.318190
v 0.108386 -0.731631 -0.162212
v -0.000000 0.810473 -0.000000
v 0.270598 0.689182 -0.270598
v 0.392847 0.620247 -0.392847
v 0.500000 0.527477 -0.500000
v 0.587938 0.414436 -0.587938
v 0.653281 0.285468 -0.653281
v 0.693520 0.145531 -0.693520
v 0.707107 0.000000 -0.707107
v 0.693520 -0.145531 -0.693520
v 0.653281 -0.285468 -0.653281
v 0.587938 -0.414436 -0.587938
v 0.500000 -0.527477 -0.500000
v 0.392847 -0.620247 -0.392847
v 0.270598 -0.689182 -0.270598
v 0.137950 -0.731631 -0.137950
v -0.162212 0.796140 -0.108386
v 0.318190 0.689182 -0.212608
v 0.461940 0.620247 -0.308658
v 0.587938 0.527477 -0.392847
v 0.691342 0.414436 -0.461940
v 0.838020 0.215520 -0.442665
v 0.862055 0.144186 -0.458735
v 0.877725 0.000000 -0.469226
v 0.862055 -0.144186 -0.458735
v 0.838020 -0.215520 -0.442665
v 0.691342 -0.414436 -0.461940
v 0.587938 -0.527477 -0.392847
v 0.461940 -0.620247 -0.308658
v 0.318190 -0.689182 -0.212608
v 0.162212 -0.731631 -0.108386
v 0.000000 0.745965 0.000000
v -0.137950 0.796140 -0.137950
v 0.353553 0.689182 -0.146447
v 0.513280 0.620247 -0.212607
v 0.653281 0.527477 -0.270598
v 0.768178 0.414436 -0.318190
v 0.879601 0.215464 -0.364343
v 0.806092 0.145531 0.000000
v 0.777381 0.215464 -0.000000
v 0.759087 -0.215464 -0.185740
v 0.853553 -0.285468 -0.353553
v 0.768178 -0.414436 -0.318190
v 0.653281 -0.527477 -0.270598
v 0.513280 -0.620247 -0.212607
v 0.353553 -0.689182 -0.146447
v 0.180240 -0.731631 -0.074658
v 0.191342 0.731631 -0.038060
v 0.375330 0.689182 -0.074658
v 0.544895 0.620247 -0.108386
v 0.693520 0.527477 -0.137950
v 0.815493 0.414436 -0.162212
v 0.933780 0.215464 -0.185740
v 0.787247 -0.145531 -0.191342
v 0.806092 0.000000 -0.195090
v 0.787247 0.145531 -0.191342
v 0.906127 -0.285468 -0.180240
v 0.815493 -0.414436 -0.162212
v 0.693520 -0.527477 -0.137950
v 0.544895 -0.620247 -0.108386
v 0.375330 -0.689182 -0.074658
v 0.191342 -0.731631 -0.038060
v 0.195090 0.731631 0.000000
v 0.382683 0.689182 0.000000
v 0.555570 0.620247 0.000000
v 0.707107 0.527477 -0.000000
v 0.831469 0.414436 0.000000
v 0.952073 0.215464 -0.000000
v 0.759087 0.215464 -0.185740
v 0.687363 -0.144186 -0.458735
v 0.687363 0.144186 -0.458735
v 0.923879 -0.285468 -0.000000
v 0.831469 -0.414436 0.000000
v 0.707107 -0.527477 -0.000000
v 0.555570 -0.620247 0.000000
v 0.382683 -0.689182 0.000000
v 0.195090 -0.731631 0.000000
v 0.191342 0.731631 0.038060
v 0.375330 0.689182 0.074658
v 0.544895 0.620247 0.108386
v 0.693520 0.527477 0.137950
v 0.815493 0.414436 0.162212
v 0.933780 0.215464 0.185740
v 0.703033 0.000000 -0.469226
v 0.704908 -0.215464 -0.364343
v 0.731434 -0.145531 -0.375330
v 0.906127 -0.285468 0.180240
v 0.815493 -0.414436 0.162212
v 0.693520 -0.527477 0.137950
v 0.544895 -0.620247 0.108386
v 0.375330 -0.689182 0.074658
v 0.191342 -0.731631 0.038060
v 0.180240 0.731631 0.074658
v 0.353553 0.689182 0.146447
v 0.513280 0.620247 0.212608
v 0.653281 0.527477 0.270598
v 0.768178 0.414436 0.318190
v 0.879601 0.215464 0.364343
v 0.749187 0.000000 -0.382683
v 0.731434 0.145531 -0.375330
v 0.704908 0.215464 -0.364343
v 0.853553 -0.285468 0.353553
v 0.768178 -0.414436 0.318190
v 0.653281 -0.527477 0.270598
v 0.513280 -0.620247 0.212608
v 0.353553 -0.689182 0.146447
v 0.180240 -0.731631 0.074658
v -0.195090 0.796140 -0.000000
v 0.318190 0.689182 0.212608
v 0.461940 0.620247 0.308658
v 0.587938 0.527477 0.392847
v 0.691341 0.414436 0.461940
v 0.838020 0.215520 0.442665
v 0.862055 0.144186 0.458735
v 0.877725 0.000000 0.469226
v 0.862055 -0.144186 0.458735
v 0.838020 -0.215520 0.442665
v 0.691341 -0.414436 0.461940
v 0.587938 -0.527477 0.392847
v 0.461940 -0.620247 0.308658
v 0.318190 -0.689182 0.212608
v 0.162212 -0.731631 0.108386
v -0.191342 0.796140 -0.038060
v 0.270598 0.689182 0.270598
v 0.392847 0.620247 0.392847
v 0.500000 0.527477 0.500000
v 0.587938 0.414436 0.587938
v 0.653281 0.285468 0.653281
v 0.693520 0.145531 0.693520
v 0.707106 0.000000 0.707107
v 0.693520 -0.145531 0.693520
v 0.653281 -0.285468 0.653281
v 0.587938 -0.414436 0.587938
v 0.500000 -0.527477 0.500000
v 0.392847 -0.620247 0.392847
v 0.270598 -0.689182 0.270598
v 0.137950 -0.731631 0.137950
v -0.162212 0.796140 0.108386
v 0.212607 0.689182 0.318190
v 0.308658 0.620247 0.461940
v 0.392847 0.527477 0.587938
v 0.461940 0.414436 0.691342
v 0.513280 0.285468 0.768178
v 0.544895 0.145531 0.815493
v 0.555570 0.000000 0.831469
v 0.544895 -0.145531 0.815493
v 0.513280 -0.285468 0.768178
v 0.461940 -0.414436 0.691342
v 0.392847 -0.527477 0.587938
v 0.308658 -0.620247 0.461940
v 0.212607 -0.689182 0.318190
v 0.108386 -0.731631 0.162212
v -0.180240 0.796140 0.074658
v 0.146447 0.689182 0.353553
v 0.212607 0.620247 0.513280
v 0.270598 0.527477 0.653281
v 0.318189 0.414436 0.768178
v 0.353553 0.285468 0.853553
v 0.375330 0.145531 0.906127
v 0.382683 0.000000 0.923879
v 0.375330 -0.145531 0.906127
v 0.353553 -0.285468 0.853553
v 0.318189 -0.414436 0.768178
v 0.270598 -0.527477 0.653281
v 0.212607 -0.620247 0.513280
v 0.146447 -0.689182 0.353553
v 0.074658 -0.731631 0.180240
v -0.108386 0.796140 0.162212
v 0.074658 0.689182 0.375330
v 0.108386 0.620247 0.544895
v 0.137950 0.527477 0.693520
v 0.162212 0.414436 0.815493
v 0.180240 0.285468 0.906127
v 0.191342 0.145531 0.961939
v 0.195090 0.000000 0.980785
v 0.191342 -0.145531 0.961939
v 0.180240 -0.285468 0.906127
v 0.162212 -0.414436 0.815493
v 0.137950 -0.527477 0.693520
v 0.108386 -0.620247 0.544895
v 0.074658 -0.689182 0.375330
v 0.038060 -0.731631 0.191342
v -0.137950 0.796140 0.137950
v -0.000000 0.689182 0.382683
v -0.000000 0.620247 0.555570
v -0.000000 0.527477 0.707107
v -0.000000 0.414436 0.831469
v 0.000000 0.285468 0.923879
v -0.000000 0.145531 0.980785
v -0.000000 0.000000 0.999999
v -0.000000 -0.145531 0.980785
v 0.000000 -0.285468 0.923879
v -0.000000 -0.414436 0.831469
v -0.000000 -0.527477 0.707107
v -0.000000 -0.620247 0.555570
v -0.000000 -0.689182 0.382683
v -0.000000 -0.731631 0.195090
v -0.038060 0.731631 0.191342
v -0.074658 0.689182 0.375330
v -0.108386 0.620247 0.544895
v -0.137950 0.527477 0.693520
v -0.162212 0.414436 0.815493
v -0.180240 0.285468 0.906127
v -0.191342 0.145531 0.961939
v -0.195091 0.000000 0.980785
v -0.191342 -0.145531 0.961939
v -0.180240 -0.285468 0.906127
v -0.162212 -0.414436 0.815493
v -0.137950 -0.527477 0.693520
v -0.108386 -0.620247 0.544895
v -0.074658 -0.689182 0.375330
v -0.038060 -0.731631 0.191342
v -0.074658 0.731631 0.180240
v -0.146447 0.689182 0.353553
v -0.212608 0.620247 0.513280
v -0.270598 0.527477 0.653281
v -0.318190 0.414436 0.768177
v -0.353553 0.285468 0.853553
v -0.375330 0.145531 0.906127
v -0.382683 0.000000 0.923879
v -0.375330 -0.145531 0.906127
v -0.353553 -0.285468 0.853553
v -0.318190 -0.414436 0.768177
v -0.270598 -0.527477 0.653281
v -0.212608 -0.620247 0.513280
v -0.146447 -0.689182 0.353553
v -0.074658 -0.731631 0.180240
v -0.108386 0.731631 0.162212
v -0.212608 0.689182 0.318190
v -0.308658 0.620247 0.461939
v -0.392847 0.527477 0.587938
v -0.461940 0.414436 0.691341
v -0.513280 0.285468 0.768178
v -0.544895 0.145531 0.815493
v -0.555570 0.000000 0.831469
v -0.544895 -0.145531 0.815493
v -0.513280 -0.285468 0.768178
v -0.461940 -0.414436 0.691341
v -0.392847 -0.527477 0.587938
v -0.308658 -0.620247 0.461939
v -0.212608 -0.689182 0.318190
v -0.108386 -0.731631 0.162212
v -0.137950 0.731631 0.137950
v -0.270598 0.689182 0.270598
v -0.392847 0.620247 0.392847
v -0.500000 0.527477 0.500000
v -0.587938 0.414436 0.587937
v -0.653281 0.285468 0.653281
v -0.693520 0.145531 0.693520
v -0.707106 0.000000 0.707106
v -0.693520 -0.145531 0.693520
v -0.653281 -0.285468 0.653281
v -0.587938 -0.414436 0.587937
v -0.500000 -0.527477 0.500000
v -0.392847 -0.620247 0.392847
v -0.270598 -0.689182 0.270598
v -0.137950 -0.731631 0.137950
v 0.000000 -0.745965 0.000000
v -0.162212 0.731631 0.108386
v -0.318190 0.689182 0.212607
v -0.461940 0.620247 0.308658
v -0.587938 0.527477 0.392847
v -0.691341 0.414436 0.461939
v -0.768177 0.285468 0.513280
v -0.815493 0.145531 0.544895
v -0.831469 0.000000 0.555569
v -0.815493 -0.145531 0.544895
v -0.768177 -0.285468 0.513280
v -0.691341 -0.414436 0.461939
v -0.587938 -0.527477 0.392847
v -0.461940 -0.620247 0.308658
v -0.318190 -0.689182 0.212607
v -0.162212 -0.731631 0.108386
v -0.180240 0.731631 0.074658
v -0.353553 0.689182 0.146447
v -0.513280 0.620247 0.212607
v -0.653281 0.527477 0.270598
v -0.768177 0.414436 0.318189
v -0.853553 0.285468 0.353553
v -0.906127 0.145531 0.375330
v -0.923879 0.000000 0.382683
v -0.906127 -0.145531 0.375330
v -0.853553 -0.285468 0.353553
v -0.768177 -0.414436 0.318189
v -0.653281 -0.527477 0.270598
v -0.513280 -0.620247 0.212607
v -0.353553 -0.689182 0.146447
v -0.180240 -0.731631 0.074658
v -0.038060 0.796140 0.191342
v -0.375330 0.689182 0.074658
v -0.544895 0.620247 0.108386
v -0.693520 0.527477 0.137950
v -0.815493 0.414436 0.162211
v -0.906127 0.285468 0.180240
v -0.961939 0.145531 0.191341
v -0.980784 0.000000 0.195090
v -0.961939 -0.145531 0.191341
v -0.906127 -0.285468 0.180240
v -0.815493 -0.414436 0.162211
v -0.693520 -0.527477 0.137950
v -0.544895 -0.620247 0.108386
v -0.375330 -0.689182 0.074658
v -0.191342 -0.731631 0.038060
v -0.195090 0.731631 -0.000000
v -0.382683 0.689182 -0.000000
v -0.555570 0.620247 -0.000000
v -0.707107 0.527477 -0.000000
v -0.831469 0.414436 -0.000000
v -0.923879 0.285468 -0.000000
v -0.980785 0.145531 -0.000000
v -0.999999 0.000000 -0.000000
v -0.980785 -0.145531 -0.000000
v -0.923879 -0.285468 -0.000000
v -0.831469 -0.414436 -0.000000
v -0.707107 -0.527477 -0.000000
v -0.555570 -0.620247 -0.000000
v -0.382683 -0.689182 -0.000000
v -0.195090 -0.731631 -0.000000
v -0.191342 0.731631 -0.038060
v -0.375330 0.689182 -0.074658
v -0.544895 0.620247 -0.108386
v -0.693520 0.527477 -0.137950
v -0.815493 0.414436 -0.162212
v -0.906127 0.285468 -0.180240
v -0.961939 0.145531 -0.191342
v -0.980784 0.000000 -0.195091
v -0.961939 -0.145531 -0.191342
v -0.906127 -0.285468 -0.180240
v -0.815493 -0.414436 -0.162212
v -0.693520 -0.527477 -0.137950
v -0.544895 -0.620247 -0.108386
v -0.375330 -0.689182 -0.074658
v -0.191342 -0.731631 -0.038060
v -0.074658 0.796140 0.180240
v -0.353553 0.689182 -0.146447
v -0.513279 0.620247 -0.212607
v -0.653281 0.527477 -0.270598
v -0.768177 0.414436 -0.318190
v -0.853553 0.285468 -0.353553
v -0.906127 0.145531 -0.375330
v -0.923878 0.000000 -0.382683
v -0.906127 -0.145531 -0.375330
v -0.853553 -0.285468 -0.353553
v -0.768177 -0.414436 -0.318190
v -0.653281 -0.527477 -0.270598
v -0.513279 -0.620247 -0.212607
v -0.353553 -0.689182 -0.146447
v -0.180240 -0.731631 -0.074658
v -0.162212 0.731631 -0.108386
v -0.318189 0.689182 -0.212607
v -0.461939 0.620247 -0.308658
v -0.587938 0.527477 -0.392847
v -0.691341 0.414436 -0.461940
v -0.768177 0.285468 -0.513280
v -0.815493 0.145531 -0.544895
v -0.831468 0.000000 -0.555570
v -0.815493 -0.145531 -0.544895
v -0.768177 -0.285468 -0.513280
v -0.691341 -0.414436 -0.461940
v -0.587938 -0.527477 -0.392847
v -0.461939 -0.620247 -0.308658
v -0.318189 -0.689182 -0.212607
v -0.162212 -0.731631 -0.108386
v -0.137950 0.731631 -0.137950
v -0.270598 0.689182 -0.270598
v -0.392847 0.620247 -0.392847
v -0.500000 0.527477 -0.500000
v -0.587937 0.414436 -0.587938
v -0.653281 0.285468 -0.653281
v -0.693519 0.145531 -0.693520
v -0.707106 0.000000 -0.707106
v -0.693519 -0.145531 -0.693520
v -0.653281 -0.285468 -0.653281
v -0.587937 -0.414436 -0.587938
v -0.500000 -0.527477 -0.500000
v -0.392847 -0.620247 -0.392847
v -0.270598 -0.689182 -0.270598
v -0.137950 -0.731631 -0.137950
v 0.180240 0.796140 0.074658
v -0.212607 0.689182 -0.318190
v -0.308658 0.620247 -0.461939
v -0.392847 0.527477 -0.587938
v -0.461939 0.414436 -0.691341
v -0.513280 0.285468 -0.768177
v -0.544895 0.145531 -0.815493
v -0.555569 0.000000 -0.831469
v -0.544895 -0.145531 -0.815493
v -0.513280 -0.285468 -0.768177
v -0.461939 -0.414436 -0.691341
v -0.392847 -0.527477 -0.587938
v -0.308658 -0.620247 -0.461939
v -0.212607 -0.689182 -0.318190
v -0.108386 -0.731631 -0.162212
v 0.191342 0.796140 0.038060
v -0.146446 0.689182 -0.353553
v -0.212607 0.620247 -0.513279
v -0.270598 0.527477 -0.653281
v -0.318189 0.414436 -0.768177
v -0.353553 0.285468 -0.853553
v -0.375330 0.145531 -0.906127
v -0.382683 0.000000 -0.923879
v -0.375330 -0.145531 -0.906127
v -0.353553 -0.285468 -0.853553
v -0.318189 -0.414436 -0.768177
v -0.270598 -0.527477 -0.653281
v -0.212607 -0.620247 -0.513279
v -0.146446 -0.689182 -0.353553
v -0.074658 -0.731631 -0.180240
v 0.195090 0.796140 0.000000
v -0.074658 0.689182 -0.375330
v -0.108386 0.620247 -0.544895
v -0.137950 0.527477 -0.693520
v -0.162211 0.414436 -0.815493
v -0.180240 0.285468 -0.906127
v -0.191341 0.145531 -0.961939
v -0.195090 0.000000 -0.980784
v -0.191341 -0.145531 -0.961939
v -0.180240 -0.285468 -0.906127
v -0.162211 -0.414436 -0.815493
v -0.137950 -0.527477 -0.693520
v -0.108386 -0.620247 -0.544895
v -0.074658 -0.689182 -0.375330
v -0.038060 -0.731631 -0.191342
v 0.191342 0.796140 -0.038060
v 0.000000 0.689182 -0.382683
v 0.000000 0.527477 -0.707107
v 0.000000 0.285468 -0.923879
v 0.000000 -0.285468 -0.923879
v 0.000000 -0.527477 -0.707107
v 0.000000 -0.620247 -0.555570
v 0.000000 -0.689182 -0.382683
v 0.000000 -0.731631 -0.195090
v 0.768178 0.285468 -0.513280
v 0.815493 0.145531 -0.544895
v 0.831470 0.000000 -0.555570
v 0.815493 -0.145531 -0.544895
v 0.768178 -0.285468 -0.513280
v 0.879601 -0.215464 -0.364343
v 0.853553 0.285468 -0.353553
v 0.906127 0.285468 -0.180240
v 0.933780 -0.215464 -0.185740
v 0.952073 -0.215464 -0.000000
v 0.923879 0.285468 -0.000000
v 0.906127 0.285468 0.180240
v 0.933780 -0.215464 0.185740
v 0.879601 -0.215464 0.364343
v 0.853553 0.285468 0.353553
v 0.768178 0.285468 0.513280
v 0.815493 0.145531 0.544895
v 0.831469 0.000000 0.555570
v 0.815493 -0.145531 0.544895
v 0.768178 -0.285468 0.513280
v 0.866088 0.215464 -0.364343
v 0.866088 -0.215464 -0.364343
v 0.864212 0.000000 -0.469226
v 0.848542 0.144186 -0.458735
v 0.848542 -0.144186 -0.458735
v 0.920267 0.215464 -0.185740
v 0.920267 -0.215464 -0.185740
v 0.938560 0.215464 -0.000000
v 0.938560 -0.215464 -0.000000
v 0.920267 0.215464 0.185740
v 0.920267 -0.215464 0.185740
v 0.866088 0.215464 0.364343
v 0.866088 -0.215464 0.364343
v 0.848542 0.144186 0.458735
v 0.864212 0.000000 0.469226
v 0.848542 -0.144186 0.458735
v 0.824507 0.215520 -0.442665
v 0.824507 -0.215520 -0.442665
v 0.824507 0.215520 0.442665
v 0.824507 -0.215520 0.442665
v 0.825307 0.000000 0.000000
v 0.806092 -0.145531 0.000000
v 0.777381 -0.215464 -0.000000
v 0.759087 0.215464 0.185740
v 0.787247 0.145531 0.191342
v 0.806092 0.000000 0.195090
v 0.787247 -0.145531 0.191342
v 0.759087 -0.215464 0.185740
v 0.704908 0.215464 0.364343
v 0.731434 0.145531 0.375330
v 0.749186 0.000000 0.382683
v 0.731434 -0.145531 0.375330
v 0.704908 -0.215464 0.364343
v 0.687362 0.144186 0.458735
v 0.703032 0.000000 0.469226
v 0.687362 -0.144186 0.458735
v 0.663327 0.215520 -0.442665
v 0.663327 -0.215520 -0.442665
v 0.663327 0.215520 0.442665
v 0.663327 -0.215520 0.442665
v 0.074658 0.689182 -0.375330
v 0.146447 0.689182 -0.353553
v 0.212608 0.689182 -0.318190
v 0.270598 0.689182 -0.270598
v 0.318190 0.689182 -0.212608
v 0.000000 0.745965 0.000000
v 0.353553 0.689182 -0.146447
v 0.191342 0.731631 -0.038060
v 0.375330 0.689182 -0.074658
v 0.195090 0.731631 0.000000
v 0.382683 0.689182 0.000000
v 0.191342 0.731631 0.038060
v 0.375330 0.689182 0.074658
v 0.180240 0.731631 0.074658
v 0.353553 0.689182 0.146447
v 0.318190 0.689182 0.212608
v 0.270598 0.689182 0.270598
v 0.212607 0.689182 0.318190
v 0.146447 0.689182 0.353553
v 0.074658 0.689182 0.375330
v -0.000000 0.689182 0.382683
v -0.038060 0.731631 0.191342
v -0.074658 0.689182 0.375330
v -0.074658 0.731631 0.180240
v -0.146447 0.689182 0.353553
v -0.108386 0.731631 0.162212
v -0.212608 0.689182 0.318190
v -0.137950 0.731631 0.137950
v -0.270598 0.689182 0.270598
v -0.162212 0.731631 0.108386
v -0.318190 0.689182 0.212607
v -0.180240 0.731631 0.074658
v -0.353553 0.689182 0.146447
v -0.375330 0.689182 0.074658
v -0.195090 0.731631 -0.000000
v -0.382683 0.689182 -0.000000
v -0.191342 0.731631 -0.038060
v -0.375330 0.689182 -0.074658
v -0.353553 0.689182 -0.146447
v -0.162212 0.731631 -0.108386
v -0.318189 0.689182 -0.212607
v -0.137950 0.731631 -0.137950
v -0.270598 0.689182 -0.270598
v -0.212607 0.689182 -0.318190
v -0.146446 0.689182 -0.353553
v -0.074658 0.689182 -0.375330
v 0.000000 0.689182 -0.382683
v 0.146447 0.753690 -0.353553
v 0.108386 0.796140 -0.162212
v 0.212608 0.753690 -0.318190
v 0.137950 0.796140 -0.137950
v 0.270598 0.753690 -0.270598
v 0.162212 0.796140 -0.108386
v 0.318190 0.753690 -0.212608
v -0.000000 0.810473 -0.000000
v 0.180240 0.796140 -0.074658
v 0.353553 0.753690 -0.146447
v 0.191342 0.796140 -0.038060
v 0.375330 0.753690 -0.074658
v 0.195090 0.796140 0.000000
v 0.382683 0.753690 0.000000
v 0.191342 0.796140 0.038060
v 0.375330 0.753690 0.074658
v 0.180240 0.796140 0.074658
v 0.353553 0.753690 0.146447
v 0.162212 0.796140 0.108386
v 0.318190 0.753690 0.212608
v 0.137950 0.796140 0.137950
v 0.270598 0.753690 0.270598
v 0.108386 0.796140 0.162212
v 0.212607 0.753690 0.318190
v 0.074658 0.796140 0.180240
v 0.146447 0.753690 0.353553
v 0.038060 0.796140 0.191342
v 0.074658 0.753690 0.375330
v -0.000000 0.796140 0.195090
v -0.000000 0.753690 0.382683
v -0.038060 0.796140 0.191342
v -0.074658 0.753690 0.375330
v -0.074658 0.796140 0.180240
v -0.146447 0.753690 0.353553
v -0.108386 0.796140 0.162212
v -0.212608 0.753690 0.318190
v -0.137950 0.796140 0.137950
v -0.270598 0.753690 0.270598
v -0.162212 0.796140 0.108386
v -0.318190 0.753690 0.212607
v -0.180240 0.796140 0.074658
v -0.353553 0.753690 0.146447
v -0.191342 0.796140 0.038060
v -0.375330 0.753690 0.074658
v -0.195090 0.796140 -0.000000
v -0.382683 0.753690 -0.000000
v -0.191342 0.796140 -0.038060
v -0.375330 0.753690 -0.074658
v -0.180240 0.796140 -0.074658
v -0.353553 0.753690 -0.146447
v -0.162212 0.796140 -0.108386
v -0.318189 0.753690 -0.212607
v -0.137950 0.796140 -0.137950
v -0.270598 0.753690 -0.270598
v -0.108386 0.796140 -0.162212
v -0.212607 0.753690 -0.318190
v -0.074658 0.796140 -0.180240
v -0.146446 0.753690 -0.353553
v -0.038060 0.796140 -0.191342
v -0.074658 0.753690 -0.375330
v 0.000000 0.796140 -0.195090
v 0.000000 0.753690 -0.382683
vn -0.0000 0.8930 -0.4500
vn -0.0000 0.6645 -0.7473
vn -0.0000 0.2562 -0.9666
vn -0.0000 -0.0000 -1.0000
vn -0.0000 -0.2562 -0.9666
vn -0.0000 -0.6645 -0.7473
vn 0.0579 0.9885 -0.1398
vn 0.0368 0.9820 -0.1850
vn 0.0878 0.8930 -0.4414
vn 0.1173 0.7991 -0.5897
vn 0.1458 0.6645 -0.7329
vn 0.1708 0.4830 -0.8588
vn 0.1886 0.2562 -0.9481
vn 0.1951 -0.0000 -0.9808
vn 0.1886 -0.2562 -0.9481
vn 0.1708 -0.4830 -0.8588
vn 0.1458 -0.6645 -0.7329
vn 0.1173 -0.7991 -0.5897
vn 0.0878 -0.8930 -0.4414
vn 0.0584 -0.9541 -0.2938
vn 0.0295 -0.9885 -0.1484
vn 0.1414 0.6891 -0.7108
vn 0.0722 0.9820 -0.1743
vn 0.1722 0.8930 -0.4158
vn 0.2301 0.7991 -0.5555
vn 0.2860 0.6645 -0.6904
vn 0.3351 0.4830 -0.8090
vn 0.3699 0.2562 -0.8931
vn 0.3827 -0.0000 -0.9239
vn 0.3699 -0.2562 -0.8931
vn 0.3351 -0.4830 -0.8090
vn 0.2860 -0.6645 -0.6904
vn 0.2301 -0.7991 -0.5555
vn 0.1722 -0.8930 -0.4158
vn 0.1146 -0.9541 -0.2767
vn 0.0579 -0.9885 -0.1398
vn 0.0295 0.9885 -0.1484
vn 0.1048 0.9820 -0.1568
vn 0.2500 0.8930 -0.3742
vn 0.3340 0.7991 -0.4999
vn 0.4152 0.6645 -0.6214
vn 0.4865 0.4830 -0.7280
vn 0.5370 0.2562 -0.8037
vn 0.5556 -0.0000 -0.8315
vn 0.5370 -0.2562 -0.8037
vn 0.4865 -0.4830 -0.7280
vn 0.4152 -0.6645 -0.6214
vn 0.3340 -0.7991 -0.4999
vn 0.2500 -0.8930 -0.3742
vn 0.1664 -0.9541 -0.2490
vn 0.0840 -0.9885 -0.1258
vn 0.2267 0.9459 -0.2321
vn 0.1334 0.9820 -0.1334
vn 0.3182 0.8930 -0.3182
vn 0.4251 0.7991 -0.4251
vn 0.5284 0.6645 -0.5284
vn 0.6192 0.4830 -0.6192
vn 0.6835 0.2562 -0.6835
vn 0.7071 -0.0000 -0.7071
vn 0.6835 -0.2562 -0.6835
vn 0.6192 -0.4830 -0.6192
vn 0.5284 -0.6645 -0.5284
vn 0.4251 -0.7991 -0.4251
vn 0.3182 -0.8930 -0.3182
vn 0.2118 -0.9541 -0.2118
vn 0.1070 -0.9885 -0.1070
vn -0.7499 0.6540 0.0995
vn 0.1568 0.9820 -0.1048
vn 0.3742 0.8930 -0.2500
vn 0.4999 0.7991 -0.3340
vn 0.6214 0.6645 -0.4152
vn 0.9434 -0.3224 -0.0774
vn 0.8682 0.1284 0.4794
vn 0.8811 -0.0000 0.4730
vn 0.8682 -0.1284 0.4794
vn 0.9434 0.3224 -0.0774
vn 0.6214 -0.6645 -0.4152
vn 0.4999 -0.7991 -0.3340
vn 0.3742 -0.8930 -0.2500
vn 0.2490 -0.9541 -0.1664
vn 0.1258 -0.9885 -0.0840
vn 0.0180 0.9997 -0.0184
vn -0.0487 0.6540 -0.7550
vn 0.1743 0.9820 -0.0722
vn 0.4158 0.8930 -0.1722
vn 0.5555 0.7991 -0.2301
vn 0.6904 0.6645 -0.2860
vn 0.6734 -0.6847 -0.2788
vn 0.9662 0.2578 -0.0000
vn 0.6866 -0.7270 -0.0000
vn 0.6734 0.7270 -0.1340
vn 0.8095 -0.4821 -0.3351
vn 0.6904 -0.6645 -0.2860
vn 0.5555 -0.7991 -0.2301
vn 0.4158 -0.8930 -0.1722
vn 0.2767 -0.9541 -0.1146
vn 0.1398 -0.9885 -0.0579
vn 0.2725 0.8995 -0.3414
vn 0.1850 0.9820 -0.0368
vn 0.4414 0.8930 -0.0878
vn 0.5897 0.7991 -0.1173
vn 0.7329 0.6645 -0.1458
vn 0.7148 -0.6847 -0.1422
vn 0.9476 -0.2578 -0.1885
vn 0.9808 -0.0000 -0.1951
vn 0.9476 0.2578 -0.1885
vn 0.8596 -0.4816 -0.1710
vn 0.7329 -0.6645 -0.1458
vn 0.5897 -0.7991 -0.1173
vn 0.4414 -0.8930 -0.0878
vn 0.2938 -0.9541 -0.0584
vn 0.1484 -0.9885 -0.0295
vn 0.3339 0.8995 0.2817
vn 0.1886 0.9820 -0.0000
vn 0.4500 0.8930 -0.0000
vn 0.6012 0.7991 -0.0000
vn 0.7473 0.6645 -0.0000
vn 0.7288 -0.6847 -0.0000
vn 0.6734 -0.7270 -0.1340
vn 0.8219 -0.0881 0.5627
vn 0.8219 0.0881 0.5627
vn 0.8764 -0.4816 -0.0000
vn 0.7473 -0.6645 -0.0000
vn 0.6012 -0.7991 -0.0000
vn 0.4500 -0.8930 -0.0000
vn 0.2995 -0.9541 -0.0000
vn 0.1513 -0.9885 -0.0000
vn 0.3824 0.8995 -0.2111
vn 0.1850 0.9820 0.0368
vn 0.4414 0.8930 0.0878
vn 0.5897 0.7991 0.1173
vn 0.7329 0.6645 0.1458
vn 0.7148 -0.6847 0.1422
vn 0.8307 -0.0000 0.5567
vn 0.6345 0.7268 -0.2629
vn 0.8929 -0.2579 -0.3691
vn 0.8596 -0.4816 0.1710
vn 0.7329 -0.6645 0.1458
vn 0.5897 -0.7991 0.1173
vn 0.4414 -0.8930 0.0878
vn 0.2938 -0.9541 0.0584
vn 0.1484 -0.9885 0.0295
vn 0.2007 0.8995 0.3880
vn 0.1743 0.9820 0.0722
vn 0.4158 0.8930 0.1722
vn 0.5555 0.7991 0.2301
vn 0.6904 0.6645 0.2860
vn 0.6734 -0.6847 0.2788
vn 0.9242 -0.0000 -0.3818
vn 0.8929 0.2579 -0.3691
vn 0.6345 -0.7268 -0.2629
vn 0.8095 -0.4821 0.3351
vn 0.6904 -0.6645 0.2860
vn 0.5555 -0.7991 0.2301
vn 0.4158 -0.8930 0.1722
vn 0.2767 -0.9541 0.1146
vn 0.1398 -0.9885 0.0579
vn -0.5683 0.6540 0.4994
vn 0.1568 0.9820 0.1048
vn 0.3742 0.8930 0.2500
vn 0.4999 0.7991 0.3340
vn 0.6214 0.6645 0.4152
vn 0.9434 -0.3224 0.0774
vn 0.8682 0.1284 -0.4794
vn 0.8811 -0.0000 -0.4730
vn 0.8682 -0.1284 -0.4794
vn 0.9434 0.3224 0.0774
vn 0.6214 -0.6645 0.4152
vn 0.4999 -0.7991 0.3340
vn 0.3742 -0.8930 0.2500
vn 0.2490 -0.9541 0.1664
vn 0.1258 -0.9885 0.0840
vn -0.4599 0.6540 -0.6007
vn 0.1334 0.9820 0.1334
vn 0.3182 0.8930 0.3182
vn 0.4251 0.7991 0.4251
vn 0.5284 0.6645 0.5284
vn 0.6192 0.4830 0.6192
vn 0.6835 0.2562 0.6835
vn 0.7071 -0.0000 0.7071
vn 0.6835 -0.2562 0.6835
vn 0.6192 -0.4830 0.6192
vn 0.5284 -0.6645 0.5284
vn 0.4251 -0.7991 0.4251
vn 0.3182 -0.8930 0.3182
vn 0.2118 -0.9541 0.2118
vn 0.1070 -0.9885 0.1070
vn -0.1950 0.6540 0.7309
vn 0.1048 0.9820 0.1568
vn 0.2500 0.8930 0.3742
vn 0.3340 0.7991 0.4999
vn 0.4152 0.6645 0.6214
vn 0.4865 0.4830 0.7280
vn 0.5370 0.2562 0.8037
vn 0.5556 -0.0000 0.8315
vn 0.5370 -0.2562 0.8037
vn 0.4865 -0.4830 0.7280
vn 0.4152 -0.6645 0.6214
vn 0.3340 -0.7991 0.4999
vn 0.2500 -0.8930 0.3742
vn 0.1664 -0.9541 0.2490
vn 0.0840 -0.9885 0.1258
vn -0.7161 0.6540 -0.2439
vn 0.0722 0.9820 0.1743
vn 0.1722 0.8930 0.4158
vn 0.2301 0.7991 0.5555
vn 0.2860 0.6645 0.6904
vn 0.3351 0.4830 0.8090
vn 0.3699 0.2562 0.8931
vn 0.3827 -0.0000 0.9239
vn 0.3699 -0.2562 0.8931
vn 0.3351 -0.4830 0.8090
vn 0.2860 -0.6645 0.6904
vn 0.2301 -0.7991 0.5555
vn 0.1722 -0.8930 0.4158
vn 0.1146 -0.9541 0.2767
vn 0.0579 -0.9885 0.1398
vn 0.0995 0.6540 0.7499
vn 0.0368 0.9820 0.1850
vn 0.0878 0.8930 0.4414
vn 0.1173 0.7991 0.5897
vn 0.1458 0.6645 0.7329
vn 0.1708 0.4830 0.8588
vn 0.1886 0.2562 0.9481
vn 0.1951 -0.0000 0.9808
vn 0.1886 -0.2562 0.9481
vn 0.1708 -0.4830 0.8588
vn 0.1458 -0.6645 0.7329
vn 0.1173 -0.7991 0.5897
vn 0.0878 -0.8930 0.4414
vn 0.0584 -0.9541 0.2938
vn 0.0295 -0.9885 0.1484
vn -0.7550 0.6540 0.0487
vn -0.0000 0.9820 0.1886
vn -0.0000 0.8930 0.4500
vn -0.0000 0.7991 0.6012
vn -0.0000 0.6645 0.7473
vn -0.0000 0.4830 0.8756
vn -0.0000 0.2562 0.9666
vn -0.0000 -0.0000 1.0000
vn -0.0000 -0.2562 0.9666
vn -0.0000 -0.4830 0.8756
vn -0.0000 -0.6645 0.7473
vn -0.0000 -0.7991 0.6012
vn -0.0000 -0.8930 0.4500
vn -0.0000 -0.9541 0.2995
vn -0.0000 -0.9885 0.1513
vn 0.2111 0.8995 0.3824
vn -0.0368 0.9820 0.1850
vn -0.0878 0.8930 0.4414
vn -0.1173 0.7991 0.5897
vn -0.1458 0.6645 0.7329
vn -0.1708 0.4830 0.8588
vn -0.1886 0.2562 0.9481
vn -0.1951 -0.0000 0.9808
vn -0.1886 -0.2562 0.9481
vn -0.1708 -0.4830 0.8588
vn -0.1458 -0.6645 0.7329
vn -0.1173 -0.7991 0.5897
vn -0.0878 -0.8930 0.4414
vn -0.0584 -0.9541 0.2938
vn -0.0295 -0.9885 0.1484
vn -0.3880 0.8995 0.2007
vn -0.0722 0.9820 0.1743
vn -0.1722 0.8930 0.4158
vn -0.2301 0.7991 0.5555
vn -0.2860 0.6645 0.6904
vn -0.3351 0.4830 0.8090
vn -0.3699 0.2562 0.8931
vn -0.3827 -0.0000 0.9239
vn -0.3699 -0.2562 0.8931
vn -0.3351 -0.4830 0.8090
vn -0.2860 -0.6645 0.6904
vn -0.2301 -0.7991 0.5555
vn -0.1722 -0.8930 0.4158
vn -0.1146 -0.9541 0.2767
vn -0.0579 -0.9885 0.1398
vn 0.0487 0.8995 0.4341
vn -0.1048 0.9820 0.1568
vn -0.2500 0.8930 0.3742
vn -0.3340 0.7991 0.4999
vn -0.4152 0.6645 0.6214
vn -0.4865 0.4830 0.7280
vn -0.5370 0.2562 0.8037
vn -0.5556 -0.0000 0.8315
vn -0.5370 -0.2562 0.8037
vn -0.4865 -0.4830 0.7280
vn -0.4152 -0.6645 0.6214
vn -0.3340 -0.7991 0.4999
vn -0.2500 -0.8930 0.3742
vn -0.1664 -0.9541 0.2490
vn -0.0840 -0.9885 0.1258
vn -0.4353 0.8995 0.0369
vn -0.1334 0.9820 0.1334
vn -0.3182 0.8930 0.3182
vn -0.4251 0.7991 0.4251
vn -0.5284 0.6645 0.5284
vn -0.6192 0.4830 0.6192
vn -0.6835 0.2562 0.6835
vn -0.7071 -0.0000 0.7071
vn -0.6835 -0.2562 0.6835
vn -0.6192 -0.4830 0.6192
vn -0.5284 -0.6645 0.5284
vn -0.4251 -0.7991 0.4251
vn -0.3182 -0.8930 0.3182
vn -0.2118 -0.9541 0.2118
vn -0.1070 -0.9885 0.1070
vn -0.0000 -1.0000 -0.0000
vn -0.1211 0.8995 0.4197
vn -0.1568 0.9820 0.1048
vn -0.3742 0.8930 0.2500
vn -0.4999 0.7991 0.3340
vn -0.6214 0.6645 0.4152
vn -0.7280 0.4830 0.4865
vn -0.8037 0.2562 0.5370
vn -0.8315 -0.0000 0.5556
vn -0.8037 -0.2562 0.5370
vn -0.7280 -0.4830 0.4865
vn -0.6214 -0.6645 0.4152
vn -0.4999 -0.7991 0.3340
vn -0.3742 -0.8930 0.2500
vn -0.2490 -0.9541 0.1664
vn -0.1258 -0.9885 0.0840
vn -0.4163 0.8995 -0.1324
vn -0.1743 0.9820 0.0722
vn -0.4158 0.8930 0.1722
vn -0.5555 0.7991 0.2301
vn -0.6904 0.6645 0.2860
vn -0.8090 0.4830 0.3351
vn -0.8931 0.2562 0.3699
vn -0.9239 -0.0000 0.3827
vn -0.8931 -0.2562 0.3699
vn -0.8090 -0.4830 0.3351
vn -0.6904 -0.6645 0.2860
vn -0.5555 -0.7991 0.2301
vn -0.4158 -0.8930 0.1722
vn -0.2767 -0.9541 0.1146
vn -0.1398 -0.9885 0.0579
vn 0.3790 0.6540 0.6548
vn -0.1850 0.9820 0.0368
vn -0.4414 0.8930 0.0878
vn -0.5897 0.7991 0.1173
vn -0.7329 0.6645 0.1458
vn -0.8588 0.4830 0.1708
vn -0.9481 0.2562 0.1886
vn -0.9808 -0.0000 0.1951
vn -0.9481 -0.2562 0.1886
vn -0.8588 -0.4830 0.1708
vn -0.7329 -0.6645 0.1458
vn -0.5897 -0.7991 0.1173
vn -0.4414 -0.8930 0.0878
vn -0.2938 -0.9541 0.0584
vn -0.1484 -0.9885 0.0295
vn -0.3339 0.8995 0.2817
vn -0.1886 0.9820 -0.0000
vn -0.4500 0.8930 -0.0000
vn -0.6012 0.7991 -0.0000
vn -0.7473 0.6645 -0.0000
vn -0.8756 0.4830 -0.0000
vn -0.9666 0.2562 -0.0000
vn -1.0000 -0.0000 -0.0000
vn -0.9666 -0.2562 -0.0000
vn -0.8756 -0.4830 -0.0000
vn -0.7473 -0.6645 -0.0000
vn -0.6012 -0.7991 -0.0000
vn -0.4500 -0.8930 -0.0000
vn -0.2995 -0.9541 -0.0000
vn -0.1513 -0.9885 -0.0000
vn -0.2725 0.8995 -0.3414
vn -0.1850 0.9820 -0.0368
vn -0.4414 0.8930 -0.0878
vn -0.5897 0.7991 -0.1173
vn -0.7329 0.6645 -0.1458
vn -0.8588 0.4830 -0.1708
vn -0.9481 0.2562 -0.1886
vn -0.9808 -0.0000 -0.1951
vn -0.9481 -0.2562 -0.1886
vn -0.8588 -0.4830 -0.1708
vn -0.7329 -0.6645 -0.1458
vn -0.5897 -0.7991 -0.1173
vn -0.4414 -0.8930 -0.0878
vn -0.2938 -0.9541 -0.0584
vn -0.1484 -0.9885 -0.0295
vn -0.6789 0.6540 0.3339
vn -0.1743 0.9820 -0.0722
vn -0.4158 0.8930 -0.1722
vn -0.5555 0.7991 -0.2301
vn -0.6904 0.6645 -0.2860
vn -0.8090 0.4830 -0.3351
vn -0.8931 0.2562 -0.3699
vn -0.9239 -0.0000 -0.3827
vn -0.8931 -0.2562 -0.3699
vn -0.8090 -0.4830 -0.3351
vn -0.6904 -0.6645 -0.2860
vn -0.5555 -0.7991 -0.2301
vn -0.4158 -0.8930 -0.1722
vn -0.2767 -0.9541 -0.1146
vn -0.1398 -0.9885 -0.0579
vn -0.4341 0.8995 0.0487
vn -0.1568 0.9820 -0.1048
vn -0.3742 0.8930 -0.2500
vn -0.4999 0.7991 -0.3340
vn -0.6214 0.6645 -0.4152
vn -0.7280 0.4830 -0.4865
vn -0.8037 0.2562 -0.5370
vn -0.8315 -0.0000 -0.5556
vn -0.8037 -0.2562 -0.5370
vn -0.7280 -0.4830 -0.4865
vn -0.6214 -0.6645 -0.4152
vn -0.4999 -0.7991 -0.3340
vn -0.3742 -0.8930 -0.2500
vn -0.2490 -0.9541 -0.1664
vn -0.1258 -0.9885 -0.0840
vn -0.0369 0.8995 -0.4353
vn -0.1334 0.9820 -0.1334
vn -0.3182 0.8930 -0.3182
vn -0.4251 0.7991 -0.4251
vn -0.5284 0.6645 -0.5284
vn -0.6192 0.4830 -0.6192
vn -0.6835 0.2562 -0.6835
vn -0.7071 -0.0000 -0.7071
vn -0.6835 -0.2562 -0.6835
vn -0.6192 -0.4830 -0.6192
vn -0.5284 -0.6645 -0.5284
vn -0.4251 -0.7991 -0.4251
vn -0.3182 -0.8930 -0.3182
vn -0.2118 -0.9541 -0.2118
vn -0.1070 -0.9885 -0.1070
vn 0.3339 0.6540 0.6789
vn -0.1048 0.9820 -0.1568
vn -0.2500 0.8930 -0.3742
vn -0.3340 0.7991 -0.4999
vn -0.4152 0.6645 -0.6214
vn -0.4865 0.4830 -0.7280
vn -0.5370 0.2562 -0.8037
vn -0.5556 -0.0000 -0.8315
vn -0.5370 -0.2562 -0.8037
vn -0.4865 -0.4830 -0.7280
vn -0.4152 -0.6645 -0.6214
vn -0.3340 -0.7991 -0.4999
vn -0.2500 -0.8930 -0.3742
vn -0.1664 -0.9541 -0.2490
vn -0.0840 -0.9885 -0.1258
vn 0.6548 0.6540 -0.3790
vn -0.0722 0.9820 -0.1743
vn -0.1722 0.8930 -0.4158
vn -0.2301 0.7991 -0.5555
vn -0.2860 0.6645 -0.6904
vn -0.3351 0.4830 -0.8090
vn -0.3699 0.2562 -0.8931
vn -0.3827 -0.0000 -0.9239
vn -0.3699 -0.2562 -0.8931
vn -0.3351 -0.4830 -0.8090
vn -0.2860 -0.6645 -0.6904
vn -0.2301 -0.7991 -0.5555
vn -0.1722 -0.8930 -0.4158
vn -0.1146 -0.9541 -0.2767
vn -0.0579 -0.9885 -0.1398
vn 0.5683 0.6540 0.4994
vn -0.0368 0.9820 -0.1850
vn -0.0878 0.8930 -0.4414
vn -0.1173 0.7991 -0.5897
vn -0.1458 0.6645 -0.7329
vn -0.1708 0.4830 -0.8588
vn -0.1886 0.2562 -0.9481
vn -0.1951 -0.0000 -0.9808
vn -0.1886 -0.2562 -0.9481
vn -0.1708 -0.4830 -0.8588
vn -0.1458 -0.6645 -0.7329
vn -0.1173 -0.7991 -0.5897
vn -0.0878 -0.8930 -0.4414
vn -0.0584 -0.9541 -0.2938
vn -0.0295 -0.9885 -0.1484
vn 0.4599 0.6540 -0.6007
vn -0.0000 0.9820 -0.1886
vn -0.0000 0.7991 -0.6012
vn -0.0000 0.4830 -0.8756
vn -0.0000 -0.4830 -0.8756
vn -0.0000 -0.7991 -0.6012
vn -0.0000 -0.8930 -0.4500
vn -0.0000 -0.9541 -0.2995
vn -0.0000 -0.9885 -0.1513
vn 0.7282 0.4829 -0.4864
vn 0.8034 0.2567 -0.5373
vn 0.8310 -0.0000 -0.5563
vn 0.8034 -0.2567 -0.5373
vn 0.7282 -0.4829 -0.4864
vn 0.6734 0.6847 -0.2788
vn 0.8095 0.4821 -0.3351
vn 0.8596 0.4816 -0.1710
vn 0.7148 0.6847 -0.1422
vn 0.7288 0.6847 -0.0000
vn 0.8764 0.4816 -0.0000
vn 0.8596 0.4816 0.1710
vn 0.7148 0.6847 0.1422
vn 0.6734 0.6847 0.2788
vn 0.8095 0.4821 0.3351
vn 0.7282 0.4829 0.4864
vn 0.8034 0.2567 0.5373
vn 0.8310 -0.0000 0.5563
vn 0.8034 -0.2567 0.5373
vn 0.7282 -0.4829 0.4864
vn -0.0000 -1.0000 -0.0004
vn -0.0000 1.0000 -0.0004
vn -0.0000 -0.1469 0.9891
vn -0.0000 0.1469 0.9891
vn -0.0000 1.0000 -0.0000
vn -0.0000 -1.0000 0.0004
vn -0.0000 1.0000 0.0004
vn -0.0000 -0.1469 -0.9891
vn -0.0000 0.1469 -0.9891
vn -0.0000 -0.8459 0.5333
vn -0.0000 0.8459 0.5333
vn -0.0000 -0.8459 -0.5333
vn -0.0000 0.8459 -0.5333
vn 1.0000 -0.0000 -0.0000
vn 0.9662 -0.2578 -0.0000
vn 0.6866 0.7270 -0.0000
vn 0.6734 -0.7270 0.1340
vn 0.9476 0.2578 0.1885
vn 0.9808 -0.0000 0.1951
vn 0.9476 -0.2578 0.1885
vn 0.6734 0.7270 0.1340
vn 0.6345 -0.7268 0.2629
vn 0.8929 0.2579 0.3691
vn 0.9242 -0.0000 0.3818
vn 0.8929 -0.2579 0.3691
vn 0.6345 0.7268 0.2629
vn 0.8219 0.0881 -0.5627
vn 0.8307 -0.0000 -0.5567
vn 0.8219 -0.0881 -0.5627
vn 0.7286 -0.6070 0.3173
vn 0.7286 0.6070 0.3173
vn 0.7286 -0.6070 -0.3173
vn 0.7286 0.6070 -0.3173
vn 0.1163 0.8029 -0.5846
vn 0.2281 0.8029 -0.5507
vn 0.3312 0.8029 -0.4956
vn 0.4215 0.8029 -0.4215
vn 0.4956 0.8029 -0.3312
vn -0.0180 0.9997 0.0184
vn 0.5507 0.8029 -0.2281
vn -0.2725 0.8995 0.3414
vn 0.5846 0.8029 -0.1163
vn -0.3339 0.8995 -0.2817
vn 0.5961 0.8029 -0.0000
vn -0.3824 0.8995 0.2111
vn 0.5846 0.8029 0.1163
vn -0.2007 0.8995 -0.3880
vn 0.5507 0.8029 0.2281
vn 0.4956 0.8029 0.3312
vn 0.4215 0.8029 0.4215
vn 0.3312 0.8029 0.4956
vn 0.2281 0.8029 0.5507
vn 0.1163 0.8029 0.5846
vn -0.0000 0.8029 0.5961
vn -0.2111 0.8995 -0.3824
vn -0.1163 0.8029 0.5846
vn 0.3880 0.8995 -0.2007
vn -0.2281 0.8029 0.5507
vn -0.0487 0.8995 -0.4341
vn -0.3312 0.8029 0.4956
vn 0.4353 0.8995 -0.0369
vn -0.4215 0.8029 0.4215
vn 0.1211 0.8995 -0.4197
vn -0.4956 0.8029 0.3312
vn 0.4163 0.8995 0.1324
vn -0.5507 0.8029 0.2281
vn -0.5846 0.8029 0.1163
vn 0.3339 0.8995 -0.2817
vn -0.5961 0.8029 -0.0000
vn 0.2725 0.8995 0.3414
vn -0.5846 0.8029 -0.1163
vn -0.5507 0.8029 -0.2281
vn 0.4341 0.8995 -0.0487
vn -0.4956 0.8029 -0.3312
vn 0.0369 0.8995 0.4353
vn -0.4215 0.8029 -0.4215
vn -0.3312 0.8029 -0.4956
vn -0.2281 0.8029 -0.5507
vn -0.1163 0.8029 -0.5846
vn -0.0000 0.8029 -0.5961
vn 0.2773 0.6891 -0.6695
vn 0.0840 0.9885 -0.1258
vn 0.4026 0.6891 -0.6026
vn 0.1070 0.9885 -0.1070
vn 0.5124 0.6891 -0.5124
vn 0.1258 0.9885 -0.0840
vn 0.6026 0.6891 -0.4026
vn -0.0668 0.9954 0.0684
vn 0.1398 0.9885 -0.0579
vn 0.6695 0.6891 -0.2773
vn -0.0235 0.9698 0.2427
vn 0.7108 0.6891 -0.1414
vn -0.0704 0.9698 -0.2335
vn 0.7247 0.6891 -0.0000
vn -0.1146 0.9698 0.2152
vn 0.7108 0.6891 0.1414
vn 0.0243 0.9698 -0.2426
vn 0.6695 0.6891 0.2773
vn 0.1258 0.9885 0.0840
vn 0.6026 0.6891 0.4026
vn 0.1070 0.9885 0.1070
vn 0.5124 0.6891 0.5124
vn 0.0840 0.9885 0.1258
vn 0.4026 0.6891 0.6026
vn 0.0579 0.9885 0.1398
vn 0.2773 0.6891 0.6695
vn 0.0295 0.9885 0.1484
vn 0.1414 0.6891 0.7108
vn -0.0000 0.9885 0.1513
vn -0.0000 0.6891 0.7247
vn -0.2152 0.9698 -0.1146
vn -0.1414 0.6891 0.7108
vn 0.2426 0.9698 0.0243
vn -0.2773 0.6891 0.6695
vn -0.1550 0.9698 -0.1883
vn -0.4026 0.6891 0.6026
vn 0.2149 0.9698 0.1153
vn -0.5124 0.6891 0.5124
vn -0.0711 0.9698 -0.2332
vn -0.6026 0.6891 0.4026
vn 0.1544 0.9698 0.1887
vn -0.6695 0.6891 0.2773
vn -0.1484 0.9885 0.0295
vn -0.7108 0.6891 0.1414
vn 0.0704 0.9698 -0.2335
vn -0.7247 0.6891 -0.0000
vn 0.0235 0.9698 0.2427
vn -0.7108 0.6891 -0.1414
vn -0.1398 0.9885 -0.0579
vn -0.6695 0.6891 -0.2773
vn 0.1883 0.9698 -0.1550
vn -0.6026 0.6891 -0.4026
vn -0.1153 0.9698 0.2149
vn -0.5124 0.6891 -0.5124
vn -0.0840 0.9885 -0.1258
vn -0.4026 0.6891 -0.6026
vn -0.0579 0.9885 -0.1398
vn -0.2773 0.6891 -0.6695
vn -0.0295 0.9885 -0.1484
vn -0.1414 0.6891 -0.7108
vn -0.0000 0.9885 -0.1513
vn -0.0000 0.6891 -0.7247
vt 0.750000 0.500000
vt 0.750000 0.562500
vt 0.718750 0.562500
vt 0.718750 0.500000
vt 0.156250 0.937500
vt 0.140625 1.000000
vt 0.125000 0.937500
vt 0.734375 0.000000
vt 0.750000 0.062500
vt 0.718750 0.062500
vt 0.750000 0.437500
vt 0.718750 0.437500
vt 0.218750 0.937500
vt 0.203125 1.000000
vt 0.187500 0.937500
vt 0.750000 0.375000
vt 0.718750 0.375000
vt 0.750000 0.812500
vt 0.750000 0.875000
vt 0.718750 0.875000
vt 0.718750 0.812500
vt 0.750000 0.312500
vt 0.718750 0.312500
vt 0.750000 0.750000
vt 0.718750 0.750000
vt 0.750000 0.250000
vt 0.718750 0.250000
vt 0.750000 0.687500
vt 0.718750 0.687500
vt 0.750000 0.187500
vt 0.718750 0.187500
vt 0.750000 0.625000
vt 0.718750 0.625000
vt 0.750000 0.125000
vt 0.718750 0.125000
vt 0.687500 0.625000
vt 0.687500 0.562500
vt 0.687500 0.125000
vt 0.687500 0.062500
vt 0.687500 0.500000
vt 0.468750 0.937500
vt 0.453125 1.000000
vt 0.437500 0.937500
vt 0.703125 0.000000
vt 0.687500 0.437500
vt 0.531250 0.937500
vt 0.515625 1.000000
vt 0.500000 0.937500
vt 0.687500 0.375000
vt 0.687500 0.875000
vt 0.687500 0.812500
vt 0.687500 0.312500
vt 0.687500 0.750000
vt 0.687500 0.250000
vt 0.687500 0.687500
vt 0.687500 0.187500
vt 0.656250 0.375000
vt 0.656250 0.312500
vt 0.656250 0.812500
vt 0.656250 0.750000
vt 0.656250 0.250000
vt 0.656250 0.687500
vt 0.656250 0.187500
vt 0.656250 0.625000
vt 0.656250 0.125000
vt 0.656250 0.562500
vt 0.656250 0.062500
vt 0.656250 0.500000
vt 0.437500 0.875000
vt 0.468750 0.875000
vt 0.671875 0.000000
vt 0.656250 0.437500
vt 0.890625 1.000000
vt 0.906250 0.937500
vt 0.656250 0.875000
vt 0.625000 0.125000
vt 0.625000 0.062500
vt 0.625000 0.562500
vt 0.625000 0.500000
vt 0.218750 0.875000
vt 0.250000 0.875000
vt 0.640625 0.000000
vt 0.625000 0.437500
vt 0.625000 0.375000
vt 0.625000 0.875000
vt 0.625000 0.812500
vt 0.625000 0.312500
vt 0.625000 0.750000
vt 0.625000 0.250000
vt 0.625000 0.687500
vt 0.625000 0.187500
vt 0.625000 0.625000
vt 0.593750 0.812500
vt 0.593750 0.750000
vt 0.593750 0.312500
vt 0.593750 0.250000
vt 0.593750 0.687500
vt 0.593750 0.187500
vt 0.593750 0.625000
vt 0.593750 0.125000
vt 0.593750 0.562500
vt 0.593750 0.062500
vt 0.593750 0.500000
vt 0.593750 0.875000
vt 0.609375 0.000000
vt 0.593750 0.437500
vt 0.500000 0.875000
vt 0.531250 0.875000
vt 0.593750 0.375000
vt 0.577832 0.561914
vt 0.577347 0.593759
vt 0.562496 0.593759
vt 0.562500 0.562500
vt 0.578125 0.000000
vt 0.562500 0.062500
vt 0.577347 0.406241
vt 0.577832 0.438092
vt 0.562500 0.437500
vt 0.562496 0.406241
vt 0.000000 0.875000
vt 0.031250 0.875000
vt 0.578135 0.500003
vt 0.562500 0.500000
vt 0.562500 0.875000
vt 0.562500 0.812500
vt 0.562500 0.375000
vt 0.562500 0.312500
vt 0.562500 0.750000
vt 0.562500 0.250000
vt 0.562500 0.687500
vt 0.562500 0.187500
vt 0.562500 0.625000
vt 0.562500 0.125000
vt 0.531250 0.312500
vt 0.531250 0.250000
vt 0.531250 0.750000
vt 0.531250 0.687500
vt 0.531250 0.187500
vt 0.531250 0.625000
vt 0.531250 0.125000
vt 0.531246 0.593759
vt 0.499996 0.593759
vt 0.531250 0.062500
vt 0.421865 0.500003
vt 0.422168 0.438092
vt 0.968750 0.937500
vt 0.984375 1.000000
vt 0.546875 0.000000
vt 0.281250 0.875000
vt 0.312500 0.875000
vt 0.499996 0.406241
vt 0.531246 0.406241
vt 0.531250 0.812500
vt 0.531250 0.375000
vt 0.515625 0.000000
vt 0.500000 0.062500
vt 0.422168 0.561914
vt 0.500000 0.812500
vt 0.500000 0.375000
vt 0.500000 0.312500
vt 0.500000 0.750000
vt 0.500000 0.250000
vt 0.500000 0.687500
vt 0.500000 0.187500
vt 0.500000 0.625000
vt 0.500000 0.125000
vt 0.422653 0.593759
vt 0.468750 0.250000
vt 0.468750 0.187500
vt 0.468750 0.687500
vt 0.468750 0.625000
vt 0.468750 0.125000
vt 0.468750 0.062500
vt 0.468746 0.593759
vt 0.437496 0.593759
vt 1.000000 0.937500
vt 0.484375 0.000000
vt 0.968750 0.875000
vt 1.000000 0.875000
vt 0.437496 0.406241
vt 0.468746 0.406241
vt 0.468750 0.812500
vt 0.468750 0.375000
vt 0.468750 0.312500
vt 0.468750 0.750000
vt 0.422653 0.406241
vt 0.437500 0.812500
vt 0.437500 0.375000
vt 0.437500 0.312500
vt 0.437500 0.750000
vt 0.437500 0.250000
vt 0.437500 0.687500
vt 0.437500 0.187500
vt 0.437500 0.625000
vt 0.437500 0.125000
vt 0.437500 0.062500
vt 0.453125 0.000000
vt 0.406250 0.687500
vt 0.406250 0.625000
vt 0.406250 0.187500
vt 0.406250 0.125000
vt 0.406250 0.062500
vt 0.781250 0.875000
vt 0.812500 0.875000
vt 0.421875 0.000000
vt 0.406250 0.875000
vt 0.406250 0.812500
vt 0.406250 0.375000
vt 0.406250 0.312500
vt 0.406250 0.750000
vt 0.406250 0.250000
vt 0.406250 0.437500
vt 0.375000 0.437500
vt 0.375000 0.375000
vt 0.375000 0.875000
vt 0.375000 0.812500
vt 0.375000 0.312500
vt 0.375000 0.750000
vt 0.375000 0.250000
vt 0.375000 0.687500
vt 0.375000 0.187500
vt 0.375000 0.625000
vt 0.375000 0.125000
vt 0.406250 0.562500
vt 0.375000 0.562500
vt 0.375000 0.062500
vt 0.406250 0.500000
vt 0.375000 0.500000
vt 0.062500 0.875000
vt 0.093750 0.875000
vt 0.390625 0.000000
vt 0.343750 0.187500
vt 0.343750 0.125000
vt 0.343750 0.625000
vt 0.343750 0.562500
vt 0.343750 0.062500
vt 0.343750 0.500000
vt 0.343750 0.875000
vt 0.359375 0.000000
vt 0.343750 0.437500
vt 0.093750 0.937500
vt 0.062500 0.937500
vt 0.343750 0.375000
vt 0.343750 0.812500
vt 0.343750 0.312500
vt 0.343750 0.750000
vt 0.343750 0.250000
vt 0.343750 0.687500
vt 0.312500 0.812500
vt 0.312500 0.375000
vt 0.312500 0.312500
vt 0.312500 0.750000
vt 0.312500 0.250000
vt 0.312500 0.687500
vt 0.312500 0.187500
vt 0.312500 0.625000
vt 0.312500 0.125000
vt 0.312500 0.562500
vt 0.312500 0.062500
vt 0.312500 0.500000
vt 0.078125 1.000000
vt 0.328125 0.000000
vt 0.312500 0.437500
vt 0.281250 0.625000
vt 0.281250 0.562500
vt 0.281250 0.125000
vt 0.281250 0.062500
vt 0.281250 0.500000
vt 0.843750 0.875000
vt 0.875000 0.875000
vt 0.296875 0.000000
vt 0.281250 0.437500
vt 0.281250 0.375000
vt 0.281250 0.812500
vt 0.281250 0.312500
vt 0.281250 0.750000
vt 0.281250 0.250000
vt 0.281250 0.687500
vt 0.281250 0.187500
vt 0.250000 0.375000
vt 0.250000 0.312500
vt 0.250000 0.812500
vt 0.250000 0.750000
vt 0.250000 0.250000
vt 0.250000 0.687500
vt 0.250000 0.187500
vt 0.250000 0.625000
vt 0.250000 0.125000
vt 0.250000 0.562500
vt 0.250000 0.062500
vt 0.250000 0.500000
vt 0.125000 0.875000
vt 0.156250 0.875000
vt 0.265625 0.000000
vt 0.250000 0.437500
vt 0.218750 0.125000
vt 0.218750 0.062500
vt 0.218750 0.562500
vt 0.218750 0.500000
vt 0.234375 0.000000
vt 0.218750 0.437500
vt 0.218750 0.375000
vt 0.218750 0.812500
vt 0.218750 0.312500
vt 0.218750 0.750000
vt 0.218750 0.250000
vt 0.218750 0.687500
vt 0.218750 0.187500
vt 0.218750 0.625000
vt 0.187500 0.312500
vt 0.187500 0.250000
vt 0.187500 0.750000
vt 0.187500 0.687500
vt 0.187500 0.187500
vt 0.187500 0.625000
vt 0.187500 0.125000
vt 0.187500 0.562500
vt 0.187500 0.062500
vt 0.187500 0.500000
vt 0.203125 0.000000
vt 0.187500 0.437500
vt 0.187500 0.375000
vt 0.187500 0.875000
vt 0.187500 0.812500
vt 0.171875 0.000000
vt 0.156250 0.062500
vt 0.156250 0.500000
vt 0.156250 0.437500
vt 0.156250 0.375000
vt 0.156250 0.812500
vt 0.156250 0.312500
vt 0.156250 0.750000
vt 0.156250 0.250000
vt 0.156250 0.687500
vt 0.156250 0.187500
vt 0.156250 0.625000
vt 0.156250 0.125000
vt 0.156250 0.562500
vt 0.125000 0.750000
vt 0.125000 0.687500
vt 0.125000 0.250000
vt 0.125000 0.187500
vt 0.125000 0.625000
vt 0.125000 0.125000
vt 0.125000 0.562500
vt 0.125000 0.062500
vt 0.125000 0.500000
vt 0.140625 0.000000
vt 0.125000 0.437500
vt 0.125000 0.375000
vt 0.125000 0.812500
vt 0.125000 0.312500
vt 0.093750 0.500000
vt 0.093750 0.437500
vt 0.093750 0.375000
vt 0.093750 0.812500
vt 0.093750 0.312500
vt 0.093750 0.750000
vt 0.093750 0.250000
vt 0.093750 0.687500
vt 0.093750 0.187500
vt 0.093750 0.625000
vt 0.093750 0.125000
vt 0.093750 0.562500
vt 0.093750 0.062500
vt 0.906250 0.875000
vt 0.937500 0.875000
vt 0.109375 0.000000
vt 0.062500 0.250000
vt 0.062500 0.187500
vt 0.062500 0.687500
vt 0.062500 0.625000
vt 0.062500 0.125000
vt 0.062500 0.562500
vt 0.062500 0.062500
vt 0.062500 0.500000
vt 0.078125 0.000000
vt 0.062500 0.437500
vt 0.062500 0.375000
vt 0.062500 0.812500
vt 0.062500 0.312500
vt 0.062500 0.750000
vt 0.031250 0.437500
vt 0.031250 0.375000
vt 0.031250 0.812500
vt 0.031250 0.312500
vt 0.031250 0.750000
vt 0.031250 0.250000
vt 0.031250 0.687500
vt 0.031250 0.187500
vt 0.031250 0.625000
vt 0.031250 0.125000
vt 0.031250 0.562500
vt 0.031250 0.062500
vt 0.031250 0.500000
vt 0.046875 0.000000
vt 0.000000 0.687500
vt 0.000000 0.625000
vt 0.000000 0.187500
vt 0.000000 0.125000
vt 0.000000 0.562500
vt 0.000000 0.062500
vt 0.000000 0.500000
vt 0.015625 0.000000
vt 0.000000 0.437500
vt 0.000000 0.375000
vt 0.000000 0.812500
vt 0.000000 0.312500
vt 0.000000 0.750000
vt 0.000000 0.250000
vt 1.000000 0.375000
vt 1.000000 0.437500
vt 0.968750 0.437500
vt 0.968750 0.375000
vt 1.000000 0.812500
vt 0.968750 0.812500
vt 1.000000 0.312500
vt 0.968750 0.312500
vt 1.000000 0.750000
vt 0.968750 0.750000
vt 1.000000 0.250000
vt 0.968750 0.250000
vt 1.000000 0.687500
vt 0.968750 0.687500
vt 1.000000 0.187500
vt 0.968750 0.187500
vt 1.000000 0.625000
vt 0.968750 0.625000
vt 1.000000 0.125000
vt 0.968750 0.125000
vt 1.000000 0.562500
vt 0.968750 0.562500
vt 1.000000 0.062500
vt 0.968750 0.062500
vt 1.000000 0.500000
vt 0.968750 0.500000
vt 0.984375 0.000000
vt 0.937500 0.187500
vt 0.937500 0.125000
vt 0.937500 0.625000
vt 0.937500 0.562500
vt 0.937500 0.062500
vt 0.937500 0.500000
vt 0.953125 0.000000
vt 0.937500 0.437500
vt 0.937500 0.375000
vt 0.937500 0.812500
vt 0.937500 0.312500
vt 0.937500 0.750000
vt 0.937500 0.250000
vt 0.937500 0.687500
vt 0.906250 0.375000
vt 0.906250 0.312500
vt 0.906250 0.812500
vt 0.906250 0.750000
vt 0.906250 0.250000
vt 0.906250 0.687500
vt 0.906250 0.187500
vt 0.906250 0.625000
vt 0.906250 0.125000
vt 0.906250 0.562500
vt 0.906250 0.062500
vt 0.906250 0.500000
vt 0.921875 0.000000
vt 0.906250 0.437500
vt 0.875000 0.125000
vt 0.875000 0.062500
vt 0.875000 0.562500
vt 0.875000 0.500000
vt 0.890625 0.000000
vt 0.875000 0.437500
vt 0.875000 0.375000
vt 0.875000 0.812500
vt 0.875000 0.312500
vt 0.875000 0.750000
vt 0.875000 0.250000
vt 0.875000 0.687500
vt 0.875000 0.187500
vt 0.875000 0.625000
vt 0.843750 0.812500
vt 0.843750 0.750000
vt 0.843750 0.312500
vt 0.843750 0.250000
vt 0.843750 0.687500
vt 0.843750 0.187500
vt 0.843750 0.625000
vt 0.843750 0.125000
vt 0.843750 0.562500
vt 0.843750 0.062500
vt 0.843750 0.500000
vt 0.859375 0.000000
vt 0.843750 0.437500
vt 0.843750 0.375000
vt 0.812500 0.562500
vt 0.812500 0.500000
vt 0.875000 0.937500
vt 0.828125 0.000000
vt 0.812500 0.062500
vt 0.812500 0.437500
vt 0.812500 0.375000
vt 0.812500 0.812500
vt 0.812500 0.312500
vt 0.812500 0.750000
vt 0.812500 0.250000
vt 0.812500 0.687500
vt 0.812500 0.187500
vt 0.812500 0.625000
vt 0.812500 0.125000
vt 0.781250 0.312500
vt 0.781250 0.250000
vt 0.781250 0.750000
vt 0.781250 0.687500
vt 0.781250 0.187500
vt 0.781250 0.625000
vt 0.781250 0.125000
vt 0.781250 0.562500
vt 0.781250 0.062500
vt 0.781250 0.500000
vt 0.796875 0.000000
vt 0.781250 0.437500
vt 0.781250 0.375000
vt 0.781250 0.812500
vt 0.765625 0.000000
vt 0.531250 0.562500
vt 0.531250 0.500000
vt 0.531250 0.437500
vt 0.500000 0.500000
vt 0.500000 0.437500
vt 0.500000 0.562500
vt 0.468750 0.562500
vt 0.468750 0.500000
vt 0.468750 0.437500
vt 0.437500 0.437500
vt 0.437500 0.562500
vt 0.437500 0.500000
vt 0.750000 0.937500
vt 0.734375 1.000000
vt 0.718750 0.937500
vt 0.703125 1.000000
vt 0.687500 0.937500
vt 0.671875 1.000000
vt 0.656250 0.937500
vt 0.640625 1.000000
vt 0.625000 0.937500
vt 0.609375 1.000000
vt 0.593750 0.937500
vt 0.578125 1.000000
vt 0.562500 0.937500
vt 0.546875 1.000000
vt 0.484375 1.000000
vt 0.421875 1.000000
vt 0.406250 0.937500
vt 0.390625 1.000000
vt 0.375000 0.937500
vt 0.359375 1.000000
vt 0.343750 0.937500
vt 0.328125 1.000000
vt 0.312500 0.937500
vt 0.296875 1.000000
vt 0.281250 0.937500
vt 0.265625 1.000000
vt 0.250000 0.937500
vt 0.234375 1.000000
vt 0.171875 1.000000
vt 0.109375 1.000000
vt 0.031250 0.937500
vt 0.046875 1.000000
vt 0.015625 1.000000
vt 0.000000 0.937500
vt 0.953125 1.000000
vt 0.937500 0.937500
vt 0.921875 1.000000
vt 0.859375 1.000000
vt 0.843750 0.937500
vt 0.828125 1.000000
vt 0.812500 0.937500
vt 0.796875 1.000000
vt 0.781250 0.937500
vt 0.765625 1.000000
s 1
f 4/1/4 3/2/3 13/3/13 14/4/14
f 218/5/218 52/6/52 233/7/233
f 308/8/308 482/9/482 21/10/21
f 5/11/5 4/1/4 14/4/14 15/12/15
f 339/13/339 52/14/52 384/15/384
f 478/16/478 5/11/5 15/12/15 16/17/16
f 1/18/1 475/19/475 8/20/8 9/21/9
f 6/22/6 478/16/478 16/17/16 17/23/17
f 476/24/476 1/18/1 9/21/9 10/25/10
f 479/26/479 6/22/6 17/23/17 18/27/18
f 2/28/2 476/24/476 10/25/10 11/29/11
f 480/30/480 479/26/479 18/27/18 19/31/19
f 477/32/477 2/28/2 11/29/11 12/33/12
f 481/34/481 480/30/480 19/31/19 20/35/20
f 3/2/3 477/32/477 12/33/12 13/3/13
f 482/9/482 481/34/481 20/35/20 21/10/21
f 13/3/13 12/33/12 27/36/27 28/37/28
f 21/10/21 20/35/20 35/38/35 36/39/36
f 14/4/14 13/3/13 28/37/28 29/40/29
f 444/41/444 52/42/52 429/43/429
f 308/44/308 21/10/21 36/39/36
f 15/12/15 14/4/14 29/40/29 30/45/30
f 474/46/474 52/47/52 459/48/459
f 16/17/16 15/12/15 30/45/30 31/49/31
f 9/21/9 8/20/8 23/50/23 24/51/24
f 17/23/17 16/17/16 31/49/31 32/52/32
f 10/25/10 9/21/9 24/51/24 25/53/25
f 18/27/18 17/23/17 32/52/32 33/54/33
f 11/29/11 10/25/10 25/53/25 26/55/26
f 19/31/19 18/27/18 33/54/33 34/56/34
f 12/33/12 11/29/11 26/55/26 27/36/27
f 20/35/20 19/31/19 34/56/34 35/38/35
f 32/52/32 31/49/31 46/57/46 47/58/47
f 25/53/25 24/51/24 39/59/39 40/60/40
f 33/54/33 32/52/32 47/58/47 48/61/48
f 26/55/26 25/53/25 40/60/40 41/62/41
f 34/56/34 33/54/33 48/61/48 49/63/49
f 27/36/27 26/55/26 41/62/41 42/64/42
f 35/38/35 34/56/34 49/63/49 50/65/50
f 28/37/28 27/36/27 42/64/42 43/66/43
f 36/39/36 35/38/35 50/65/50 51/67/51
f 29/40/29 28/37/28 43/66/43 44/68/44
f 144/69/144 129/70/129 555/70/548 557/69/550
f 308/71/308 36/39/36 51/67/51
f 30/45/30 29/40/29 44/68/44 45/72/45
f 82/73/82 399/74/399 582/74/575 548/73/541
f 31/49/31 30/45/30 45/72/45 46/57/46
f 24/51/24 23/50/23 38/75/38 39/59/39
f 51/67/51 50/65/50 65/76/65 66/77/66
f 44/68/44 43/66/43 58/78/58 59/79/59
f 249/80/249 234/81/234 563/81/556 565/80/558
f 308/82/308 51/67/51 66/77/66
f 45/72/45 44/68/44 59/79/59 60/83/60
f 98/46/98 113/48/113 552/48/545 550/46/543
f 46/57/46 45/72/45 60/83/60 61/84/61
f 39/59/39 38/75/38 53/85/53 54/86/54
f 47/58/47 46/57/46 61/84/61 62/87/62
f 40/60/40 39/59/39 54/86/54 55/88/55
f 48/61/48 47/58/47 62/87/62 63/89/63
f 41/62/41 40/60/40 55/88/55 56/90/56
f 49/63/49 48/61/48 63/89/63 64/91/64
f 42/64/42 41/62/41 56/90/56 57/92/57
f 50/65/50 49/63/49 64/91/64 65/76/65
f 43/66/43 42/64/42 57/92/57 58/78/58
f 55/88/55 54/86/54 69/93/69 70/94/70
f 63/89/63 62/87/62 77/95/77 78/96/78
f 56/90/56 55/88/55 70/94/70 71/97/71
f 64/91/64 63/89/63 78/96/78 79/98/79
f 57/92/57 56/90/56 71/97/71 483/99/483
f 65/76/65 64/91/64 79/98/79 80/100/80
f 58/78/58 57/92/57 483/99/483 484/101/484
f 66/77/66 65/76/65 80/100/80 81/102/81
f 59/79/59 58/78/58 484/101/484 485/103/485
f 68/104/68 53/85/53 546/85/539 547/104/540
f 308/105/308 66/77/66 81/102/81
f 60/83/60 59/79/59 485/103/485 486/106/486
f 114/107/114 99/108/99 551/108/544 553/107/546
f 61/84/61 60/83/60 486/106/486 487/109/487
f 54/86/54 53/85/53 68/104/68 69/93/69
f 62/87/62 61/84/61 487/109/487 77/95/77
f 121/110/121 539/111/532 151/112/151 150/113/150
f 8/20/8 475/19/475 589/19/582 543/20/536
f 308/114/308 81/102/81 97/115/97
f 540/116/533 120/117/120 136/118/136 135/119/135
f 355/120/355 340/121/340 576/121/569 578/120/571
f 120/117/120 134/122/134 149/123/149 136/118/136
f 69/93/69 68/104/68 84/124/84 85/125/85
f 77/95/77 487/109/487 92/126/92 93/127/93
f 70/94/70 69/93/69 85/125/85 86/128/86
f 78/96/78 77/95/77 93/127/93 94/129/94
f 71/97/71 70/94/70 86/128/86 87/130/87
f 79/98/79 78/96/78 94/129/94 95/131/95
f 483/99/483 71/97/71 87/130/87 489/132/489
f 80/100/80 79/98/79 95/131/95 96/133/96
f 134/122/134 121/110/121 150/113/150 149/123/149
f 81/102/81 80/100/80 96/133/96 97/115/97
f 94/129/94 93/127/93 108/134/108 109/135/109
f 87/130/87 86/128/86 101/136/101 102/137/102
f 95/131/95 94/129/94 109/135/109 110/138/110
f 489/132/489 87/130/87 102/137/102 490/139/490
f 96/133/96 95/131/95 110/138/110 111/140/111
f 103/141/103 118/142/118 510/142/308 508/141/308
f 97/115/97 96/133/96 111/140/111 112/143/112
f 165/144/165 166/145/166 518/145/511 517/144/4
f 369/146/369 82/147/82 548/147/541 579/146/572
f 308/148/308 97/115/97 112/143/112
f 74/122/74 73/110/73 506/110/505 505/122/240
f 219/149/219 204/150/204 561/150/554 562/149/555
f 492/151/492 491/152/491 509/152/507 511/151/507
f 85/125/85 84/124/84 99/108/99 100/153/100
f 93/127/93 92/126/92 107/154/107 108/134/108
f 86/128/86 85/125/85 100/153/100 101/136/101
f 308/155/308 112/143/112 127/156/127
f 164/157/164 165/144/165 517/144/4 516/157/510
f 84/124/84 68/104/68 547/104/540 549/124/542
f 73/110/73 72/111/72 519/111/512 506/110/505
f 100/153/100 99/108/99 114/107/114 115/158/115
f 108/134/108 107/154/107 122/159/122 123/160/123
f 101/136/101 100/153/100 115/158/115 116/161/116
f 109/135/109 108/134/108 123/160/123 124/162/124
f 102/137/102 101/136/101 116/161/116 117/163/117
f 110/138/110 109/135/109 124/162/124 125/164/125
f 490/139/490 102/137/102 117/163/117 493/165/493
f 111/140/111 110/138/110 125/164/125 126/166/126
f 491/152/491 488/119/488 504/119/504 509/152/507
f 112/143/112 111/140/111 126/166/126 127/156/127
f 163/167/163 164/157/164 516/157/510 521/167/514
f 548/73/541 582/74/575 640/74/633 597/73/590
f 125/164/125 124/162/124 139/168/139 140/169/140
f 493/165/493 117/163/117 132/170/132 494/171/494
f 126/166/126 125/164/125 140/169/140 141/172/141
f 88/112/88 103/141/103 508/141/308 503/112/503
f 127/156/127 126/166/126 141/172/141 142/173/142
f 133/174/133 148/175/148 514/175/508 512/174/308
f 82/147/82 354/176/354 577/176/570 548/147/541
f 308/177/308 127/156/127 142/173/142
f 72/111/72 88/112/88 503/112/503 519/111/512
f 370/178/370 355/179/355 578/179/571 580/178/573
f 496/180/496 495/181/495 513/181/507 515/180/509
f 115/158/115 114/107/114 129/70/129 130/182/130
f 123/160/123 122/159/122 137/183/137 138/184/138
f 116/161/116 115/158/115 130/182/130 131/185/131
f 124/162/124 123/160/123 138/184/138 139/168/139
f 117/163/117 116/161/116 131/185/131 132/170/132
f 38/75/38 23/50/23 544/50/537 545/75/538
f 167/186/167 496/180/496 515/180/509 522/186/515
f 130/182/130 129/70/129 144/69/144 145/187/145
f 138/184/138 137/183/137 152/188/152 153/189/153
f 131/185/131 130/182/130 145/187/145 146/190/146
f 139/168/139 138/184/138 153/189/153 154/191/154
f 132/170/132 131/185/131 146/190/146 147/192/147
f 140/169/140 139/168/139 154/191/154 155/193/155
f 494/171/494 132/170/132 147/192/147 497/194/497
f 141/172/141 140/169/140 155/193/155 156/195/156
f 488/119/488 76/116/76 520/116/513 504/119/504
f 142/173/142 141/172/141 156/195/156 157/196/157
f 495/181/495 492/151/492 511/151/507 513/181/507
f 578/120/571 576/121/569 633/121/626 635/120/628
f 308/197/308 142/173/142 157/196/157
f 148/175/148 163/167/163 521/167/514 514/175/508
f 497/194/497 147/192/147 162/198/162 498/199/498
f 156/195/156 155/193/155 170/200/170 171/201/171
f 76/116/76 75/117/75 507/117/506 520/116/513
f 157/196/157 156/195/156 171/201/171 172/202/172
f 118/142/118 133/174/133 512/174/308 510/142/308
f 460/203/460 445/204/445 587/204/580 588/203/581
f 308/205/308 157/196/157 172/202/172
f 166/145/166 167/186/167 522/186/515 518/145/511
f 143/43/143 82/42/82 548/42/541 556/43/549
f 75/117/75 74/122/74 505/122/240 507/117/506
f 145/187/145 144/69/144 159/206/159 160/207/160
f 153/189/153 152/188/152 502/208/502 168/209/168
f 146/190/146 145/187/145 160/207/160 161/210/161
f 154/191/154 153/189/153 168/209/168 169/211/169
f 147/192/147 146/190/146 161/210/161 162/198/162
f 155/193/155 154/191/154 169/211/169 170/200/170
f 502/208/502 501/212/501 181/213/181 182/214/182
f 160/207/160 159/206/159 174/215/174 175/216/175
f 168/209/168 502/208/502 182/214/182 183/217/183
f 161/210/161 160/207/160 175/216/175 176/218/176
f 169/211/169 168/209/168 183/217/183 184/219/184
f 162/198/162 161/210/161 176/218/176 177/220/177
f 170/200/170 169/211/169 184/219/184 185/221/185
f 498/199/498 162/198/162 177/220/177 178/222/178
f 171/201/171 170/200/170 185/221/185 186/223/186
f 499/224/499 498/199/498 178/222/178 179/225/179
f 172/202/172 171/201/171 186/223/186 187/226/187
f 500/227/500 499/224/499 179/225/179 180/228/180
f 325/229/325 310/230/310 573/230/566 575/229/568
f 308/231/308 172/202/172 187/226/187
f 501/212/501 500/227/500 180/228/180 181/213/181
f 82/42/82 128/41/128 554/41/547 548/42/541
f 186/223/186 185/221/185 200/232/200 201/233/201
f 179/225/179 178/222/178 193/234/193 194/235/194
f 187/226/187 186/223/186 201/233/201 202/236/202
f 180/228/180 179/225/179 194/235/194 195/237/195
f 189/238/189 174/215/174 559/215/552 560/238/553
f 308/239/308 187/226/187 202/236/202
f 181/213/181 180/228/180 195/237/195 196/240/196
f 309/241/309 324/242/324 574/242/567 572/241/565
f 182/214/182 181/213/181 196/240/196 197/243/197
f 175/216/175 174/215/174 189/238/189 190/244/190
f 183/217/183 182/214/182 197/243/197 198/245/198
f 176/218/176 175/216/175 190/244/190 191/246/191
f 184/219/184 183/217/183 198/245/198 199/247/199
f 177/220/177 176/218/176 191/246/191 192/248/192
f 185/221/185 184/219/184 199/247/199 200/232/200
f 178/222/178 177/220/177 192/248/192 193/234/193
f 190/244/190 189/238/189 204/150/204 205/249/205
f 198/245/198 197/243/197 212/250/212 213/251/213
f 191/246/191 190/244/190 205/249/205 206/252/206
f 199/247/199 198/245/198 213/251/213 214/253/214
f 192/248/192 191/246/191 206/252/206 207/254/207
f 200/232/200 199/247/199 214/253/214 215/255/215
f 193/234/193 192/248/192 207/254/207 208/256/208
f 201/233/201 200/232/200 215/255/215 216/257/216
f 194/235/194 193/234/193 208/256/208 209/258/209
f 202/236/202 201/233/201 216/257/216 217/259/217
f 195/237/195 194/235/194 209/258/209 210/260/210
f 324/242/324 82/261/82 548/261/541 574/242/567
f 308/262/308 202/236/202 217/259/217
f 196/240/196 195/237/195 210/260/210 211/263/211
f 113/48/113 82/47/82 548/47/541 552/48/545
f 197/243/197 196/240/196 211/263/211 212/250/212
f 209/258/209 208/256/208 223/264/223 224/265/224
f 217/259/217 216/257/216 231/266/231 232/267/232
f 210/260/210 209/258/209 224/265/224 225/268/225
f 430/269/430 415/270/415 585/270/578 586/269/579
f 308/271/308 217/259/217 232/267/232
f 211/263/211 210/260/210 225/268/225 226/272/226
f 53/85/53 38/75/38 545/75/538 546/85/539
f 212/250/212 211/263/211 226/272/226 227/273/227
f 205/249/205 204/150/204 219/149/219 220/274/220
f 213/251/213 212/250/212 227/273/227 228/275/228
f 206/252/206 205/249/205 220/274/220 221/276/221
f 214/253/214 213/251/213 228/275/228 229/277/229
f 207/254/207 206/252/206 221/276/221 222/278/222
f 215/255/215 214/253/214 229/277/229 230/279/230
f 208/256/208 207/254/207 222/278/222 223/264/223
f 216/257/216 215/255/215 230/279/230 231/266/231
f 228/275/228 227/273/227 242/280/242 243/281/243
f 221/276/221 220/274/220 235/282/235 236/283/236
f 229/277/229 228/275/228 243/281/243 244/284/244
f 222/278/222 221/276/221 236/283/236 237/285/237
f 230/279/230 229/277/229 244/284/244 245/286/245
f 223/264/223 222/278/222 237/285/237 238/287/238
f 231/266/231 230/279/230 245/286/245 246/288/246
f 224/265/224 223/264/223 238/287/238 239/289/239
f 232/267/232 231/266/231 246/288/246 247/290/247
f 225/268/225 224/265/224 239/289/239 240/291/240
f 294/292/294 279/293/279 569/293/562 571/292/564
f 308/294/308 232/267/232 247/290/247
f 226/272/226 225/268/225 240/291/240 241/295/241
f 82/261/82 309/241/309 572/241/565 548/261/541
f 227/273/227 226/272/226 241/295/241 242/280/242
f 220/274/220 219/149/219 234/81/234 235/282/235
f 247/290/247 246/288/246 261/296/261 262/297/262
f 240/291/240 239/289/239 254/298/254 255/299/255
f 82/47/82 98/46/98 550/46/543 548/47/541
f 308/300/308 247/290/247 262/297/262
f 241/295/241 240/291/240 255/299/255 256/301/256
f 293/7/293 82/6/82 548/6/541 570/7/563
f 242/280/242 241/295/241 256/301/256 257/302/257
f 235/282/235 234/81/234 249/80/249 250/303/250
f 243/281/243 242/280/242 257/302/257 258/304/258
f 236/283/236 235/282/235 250/303/250 251/305/251
f 244/284/244 243/281/243 258/304/258 259/306/259
f 237/285/237 236/283/236 251/305/251 252/307/252
f 245/286/245 244/284/244 259/306/259 260/308/260
f 238/287/238 237/285/237 252/307/252 253/309/253
f 246/288/246 245/286/245 260/308/260 261/296/261
f 239/289/239 238/287/238 253/309/253 254/298/254
f 259/306/259 258/304/258 273/310/273 274/311/274
f 252/307/252 251/305/251 266/312/266 267/313/267
f 260/308/260 259/306/259 274/311/274 275/314/275
f 253/309/253 252/307/252 267/313/267 268/315/268
f 261/296/261 260/308/260 275/314/275 276/316/276
f 254/298/254 253/309/253 268/315/268 269/317/269
f 262/297/262 261/296/261 276/316/276 277/318/277
f 255/299/255 254/298/254 269/317/269 270/319/270
f 82/147/82 369/146/369 173/146/173 52/147/52
f 308/320/308 262/297/262 277/318/277
f 256/301/256 255/299/255 270/319/270 271/321/271
f 204/150/204 189/238/189 560/238/553 561/150/554
f 257/302/257 256/301/256 271/321/271 272/322/272
f 250/303/250 249/80/249 264/323/264 265/324/265
f 258/304/258 257/302/257 272/322/272 273/310/273
f 251/305/251 250/303/250 265/324/265 266/312/266
f 278/5/278 293/7/293 570/7/563 568/5/561
f 308/325/308 277/318/277 292/326/292
f 271/321/271 270/319/270 285/327/285 286/328/286
f 159/206/159 144/69/144 557/69/550 558/206/551
f 272/322/272 271/321/271 286/328/286 287/329/287
f 265/324/265 264/323/264 279/293/279 280/330/280
f 273/310/273 272/322/272 287/329/287 288/331/288
f 266/312/266 265/324/265 280/330/280 281/332/281
f 274/311/274 273/310/273 288/331/288 289/333/289
f 267/313/267 266/312/266 281/332/281 282/334/282
f 275/314/275 274/311/274 289/333/289 290/335/290
f 268/315/268 267/313/267 282/334/282 283/336/283
f 276/316/276 275/314/275 290/335/290 291/337/291
f 269/317/269 268/315/268 283/336/283 284/338/284
f 277/318/277 276/316/276 291/337/291 292/326/292
f 270/319/270 269/317/269 284/338/284 285/327/285
f 282/334/282 281/332/281 296/339/296 297/340/297
f 290/335/290 289/333/289 304/341/304 305/342/305
f 283/336/283 282/334/282 297/340/297 298/343/298
f 291/337/291 290/335/290 305/342/305 306/344/306
f 284/338/284 283/336/283 298/343/298 299/345/299
f 292/326/292 291/337/291 306/344/306 307/346/307
f 285/327/285 284/338/284 299/345/299 300/347/300
f 562/149/555 561/150/554 615/150/608 617/149/610
f 308/348/308 292/326/292 307/346/307
f 286/328/286 285/327/285 300/347/300 301/349/301
f 340/121/340 325/229/325 575/229/568 576/121/569
f 287/329/287 286/328/286 301/349/301 302/350/302
f 280/330/280 279/293/279 294/292/294 295/351/295
f 288/331/288 287/329/287 302/350/302 303/352/303
f 281/332/281 280/330/280 295/351/295 296/339/296
f 289/333/289 288/331/288 303/352/303 304/341/304
f 301/349/301 300/347/300 316/353/316 317/354/317
f 82/6/82 278/5/278 568/5/561 548/6/541
f 302/350/302 301/349/301 317/354/317 318/355/318
f 295/351/295 294/292/294 310/230/310 311/356/311
f 303/352/303 302/350/302 318/355/318 319/357/319
f 296/339/296 295/351/295 311/356/311 312/358/312
f 304/341/304 303/352/303 319/357/319 320/359/320
f 297/340/297 296/339/296 312/358/312 313/360/313
f 305/342/305 304/341/304 320/359/320 321/361/321
f 298/343/298 297/340/297 313/360/313 314/362/314
f 306/344/306 305/342/305 321/361/321 322/363/322
f 299/345/299 298/343/298 314/362/314 315/364/315
f 307/346/307 306/344/306 322/363/322 323/365/323
f 300/347/300 299/345/299 315/364/315 316/353/316
f 400/366/400 385/367/385 581/367/574 583/366/576
f 308/368/308 307/346/307 323/365/323
f 321/361/321 320/359/320 335/369/335 336/370/336
f 314/362/314 313/360/313 328/371/328 329/372/329
f 322/363/322 321/361/321 336/370/336 337/373/337
f 315/364/315 314/362/314 329/372/329 330/374/330
f 323/365/323 322/363/322 337/373/337 338/375/338
f 316/353/316 315/364/315 330/374/330 331/376/331
f 579/146/572 548/147/541 597/147/590 636/146/629
f 308/377/308 323/365/323 338/375/338
f 317/354/317 316/353/316 331/376/331 332/378/332
f 23/50/23 8/20/8 543/20/536 544/50/537
f 318/355/318 317/354/317 332/378/332 333/379/333
f 311/356/311 310/230/310 325/229/325 326/380/326
f 319/357/319 318/355/318 333/379/333 334/381/334
f 312/358/312 311/356/311 326/380/326 327/382/327
f 320/359/320 319/357/319 334/381/334 335/369/335
f 313/360/313 312/358/312 327/382/327 328/371/328
f 445/204/445 430/269/430 586/269/579 587/204/580
f 333/379/333 332/378/332 347/383/347 348/384/348
f 326/380/326 325/229/325 340/121/340 341/385/341
f 334/381/334 333/379/333 348/384/348 349/386/349
f 327/382/327 326/380/326 341/385/341 342/387/342
f 335/369/335 334/381/334 349/386/349 350/388/350
f 328/371/328 327/382/327 342/387/342 343/389/343
f 336/370/336 335/369/335 350/388/350 351/390/351
f 329/372/329 328/371/328 343/389/343 344/391/344
f 337/373/337 336/370/336 351/390/351 352/392/352
f 330/374/330 329/372/329 344/391/344 345/393/345
f 338/375/338 337/373/337 352/392/352 353/394/353
f 331/376/331 330/374/330 345/393/345 346/395/346
f 263/15/263 82/14/82 548/14/541 566/15/559
f 308/396/308 338/375/338 353/394/353
f 332/378/332 331/376/331 346/395/346 347/383/347
f 344/391/344 343/389/343 358/397/358 359/398/359
f 352/392/352 351/390/351 366/399/366 367/400/367
f 345/393/345 344/391/344 359/398/359 360/401/360
f 353/394/353 352/392/352 367/400/367 368/402/368
f 346/395/346 345/393/345 360/401/360 361/403/361
f 174/215/174 159/206/159 558/206/551 559/215/552
f 308/404/308 353/394/353 368/402/368
f 347/383/347 346/395/346 361/403/361 362/405/362
f 264/323/264 249/80/249 565/80/558 567/323/560
f 348/384/348 347/383/347 362/405/362 363/406/363
f 341/385/341 340/121/340 355/120/355 356/407/356
f 349/386/349 348/384/348 363/406/363 364/408/364
f 342/387/342 341/385/341 356/407/356 357/409/357
f 350/388/350 349/386/349 364/408/364 365/410/365
f 343/389/343 342/387/342 357/409/357 358/397/358
f 351/390/351 350/388/350 365/410/365 366/399/366
f 363/411/363 362/412/362 377/413/377 378/414/378
f 356/415/356 355/179/355 370/178/370 371/416/371
f 364/417/364 363/411/363 378/414/378 379/418/379
f 357/419/357 356/415/356 371/416/371 372/420/372
f 365/421/365 364/417/364 379/418/379 380/422/380
f 358/423/358 357/419/357 372/420/372 373/424/373
f 366/425/366 365/421/365 380/422/380 381/426/381
f 359/427/359 358/423/358 373/424/373 374/428/374
f 367/429/367 366/425/366 381/426/381 382/430/382
f 360/431/360 359/427/359 374/428/374 375/432/375
f 368/433/368 367/429/367 382/430/382 383/434/383
f 361/435/361 360/431/360 375/432/375 376/436/376
f 549/124/542 547/104/540 596/104/589 599/124/592
f 308/437/308 368/433/368 383/434/383
f 362/412/362 361/435/361 376/436/376 377/413/377
f 310/230/310 294/292/294 571/292/564 573/230/566
f 382/430/382 381/426/381 396/438/396 397/439/397
f 375/432/375 374/428/374 389/440/389 390/441/390
f 383/434/383 382/430/382 397/439/397 398/442/398
f 376/436/376 375/432/375 390/441/390 391/443/391
f 129/70/129 114/107/114 553/107/546 555/70/548
f 308/444/308 383/434/383 398/442/398
f 377/413/377 376/436/376 391/443/391 392/445/392
f 82/14/82 248/13/248 564/13/557 548/14/541
f 378/414/378 377/413/377 392/445/392 393/446/393
f 371/416/371 370/178/370 385/367/385 386/447/386
f 379/418/379 378/414/378 393/446/393 394/448/394
f 372/420/372 371/416/371 386/447/386 387/449/387
f 380/422/380 379/418/379 394/448/394 395/450/395
f 373/424/373 372/420/372 387/449/387 388/451/388
f 381/426/381 380/422/380 395/450/395 396/438/396
f 374/428/374 373/424/373 388/451/388 389/440/389
f 394/448/394 393/446/393 408/452/408 409/453/409
f 387/449/387 386/447/386 401/454/401 402/455/402
f 395/450/395 394/448/394 409/453/409 410/456/410
f 388/451/388 387/449/387 402/455/402 403/457/403
f 396/438/396 395/450/395 410/456/410 411/458/411
f 389/440/389 388/451/388 403/457/403 404/459/404
f 397/439/397 396/438/396 411/458/411 412/460/412
f 390/441/390 389/440/389 404/459/404 405/461/405
f 398/442/398 397/439/397 412/460/412 413/462/413
f 391/443/391 390/441/390 405/461/405 406/463/406
f 248/13/248 263/15/263 566/15/559 564/13/557
f 308/464/308 398/442/398 413/462/413
f 392/445/392 391/443/391 406/463/406 407/465/407
f 415/270/415 400/366/400 583/366/576 585/270/578
f 393/446/393 392/445/392 407/465/407 408/452/408
f 386/447/386 385/367/385 400/366/400 401/454/401
f 413/462/413 412/460/412 427/466/427 428/467/428
f 406/463/406 405/461/405 420/468/420 421/469/421
f 589/19/582 588/203/581 649/203/642 651/19/644
f 308/470/308 413/462/413 428/467/428
f 407/465/407 406/463/406 421/469/421 422/471/422
f 354/176/354 369/146/369 579/146/572 577/176/570
f 408/452/408 407/465/407 422/471/422 423/472/423
f 401/454/401 400/366/400 415/270/415 416/473/416
f 409/453/409 408/452/408 423/472/423 424/474/424
f 402/455/402 401/454/401 416/473/416 417/475/417
f 410/456/410 409/453/409 424/474/424 425/476/425
f 403/457/403 402/455/402 417/475/417 418/477/418
f 411/458/411 410/456/410 425/476/425 426/478/426
f 404/459/404 403/457/403 418/477/418 419/479/419
f 412/460/412 411/458/411 426/478/426 427/466/427
f 405/461/405 404/459/404 419/479/419 420/468/420
f 417/475/417 416/473/416 431/480/431 432/481/432
f 425/476/425 424/474/424 439/482/439 440/483/440
f 418/477/418 417/475/417 432/481/432 433/484/433
f 426/478/426 425/476/425 440/483/440 441/485/441
f 419/479/419 418/477/418 433/484/433 434/486/434
f 427/466/427 426/478/426 441/485/441 442/487/442
f 420/468/420 419/479/419 434/486/434 435/488/435
f 428/467/428 427/466/427 442/487/442 443/489/443
f 421/469/421 420/468/420 435/488/435 436/490/436
f 234/81/234 219/149/219 562/149/555 563/81/556
f 308/491/308 428/467/428 443/489/443
f 422/471/422 421/469/421 436/490/436 437/492/437
f 99/108/99 84/124/84 549/124/542 551/108/544
f 423/472/423 422/471/422 437/492/437 438/493/438
f 416/473/416 415/270/415 430/269/430 431/480/431
f 424/474/424 423/472/423 438/493/438 439/482/439
f 436/490/436 435/488/435 450/494/450 451/495/451
f 399/74/399 414/496/414 584/496/577 582/74/575
f 308/497/308 443/489/443 458/498/458
f 437/492/437 436/490/436 451/495/451 452/499/452
f 279/293/279 264/323/264 567/323/560 569/293/562
f 438/493/438 437/492/437 452/499/452 453/500/453
f 431/480/431 430/269/430 445/204/445 446/501/446
f 439/482/439 438/493/438 453/500/453 454/502/454
f 432/481/432 431/480/431 446/501/446 447/503/447
f 440/483/440 439/482/439 454/502/454 455/504/455
f 433/484/433 432/481/432 447/503/447 448/505/448
f 441/485/441 440/483/440 455/504/455 456/506/456
f 434/486/434 433/484/433 448/505/448 449/507/449
f 442/487/442 441/485/441 456/506/456 457/508/457
f 435/488/435 434/486/434 449/507/449 450/494/450
f 443/489/443 442/487/442 457/508/457 458/498/458
f 455/504/455 454/502/454 469/509/469 470/510/470
f 448/505/448 447/503/447 462/511/462 463/512/463
f 456/506/456 455/504/455 470/510/470 471/513/471
f 449/507/449 448/505/448 463/512/463 464/514/464
f 457/508/457 456/506/456 471/513/471 472/515/472
f 450/494/450 449/507/449 464/514/464 465/516/465
f 458/498/458 457/508/457 472/515/472 473/517/473
f 451/495/451 450/494/450 465/516/465 466/518/466
f 475/19/475 460/203/460 588/203/581 589/19/582
f 308/519/308 458/498/458 473/517/473
f 452/499/452 451/495/451 466/518/466 467/520/467
f 414/496/414 82/73/82 548/73/541 584/496/577
f 453/500/453 452/499/452 467/520/467 468/521/468
f 446/501/446 445/204/445 460/203/460 461/522/461
f 454/502/454 453/500/453 468/521/468 469/509/469
f 447/503/447 446/501/446 461/522/461 462/511/462
f 385/367/385 370/178/370 580/178/573 581/367/574
f 308/523/308 473/517/473 482/9/482
f 467/520/467 466/518/466 4/1/4 5/11/5
f 128/41/128 143/43/143 556/43/549 554/41/547
f 468/521/468 467/520/467 5/11/5 478/16/478
f 461/522/461 460/203/460 475/19/475 1/18/1
f 469/509/469 468/521/468 478/16/478 6/22/6
f 462/511/462 461/522/461 1/18/1 476/24/476
f 470/510/470 469/509/469 6/22/6 479/26/479
f 463/512/463 462/511/462 476/24/476 2/28/2
f 471/513/471 470/510/470 479/26/479 480/30/480
f 464/514/464 463/512/463 2/28/2 477/32/477
f 472/515/472 471/513/471 480/30/480 481/34/481
f 465/516/465 464/514/464 477/32/477 3/2/3
f 473/517/473 472/515/472 481/34/481 482/9/482
f 466/518/466 465/516/465 3/2/3 4/1/4
f 72/111/72 73/110/73 484/101/484 483/99/483
f 73/110/73 74/122/74 485/103/485 484/101/484
f 74/122/74 75/117/75 486/106/486 485/103/485
f 75/117/75 76/116/76 487/109/487 486/106/486
f 76/116/76 488/119/488 92/126/92 487/109/487
f 88/112/88 72/111/72 483/99/483 489/132/489
f 103/141/103 88/112/88 489/132/489 490/139/490
f 488/119/488 491/152/491 107/154/107 92/126/92
f 491/152/491 492/151/492 122/159/122 107/154/107
f 118/142/118 103/141/103 490/139/490 493/165/493
f 133/174/133 118/142/118 493/165/493 494/171/494
f 492/151/492 495/181/495 137/183/137 122/159/122
f 495/181/495 496/180/496 152/188/152 137/183/137
f 148/175/148 133/174/133 494/171/494 497/194/497
f 164/157/164 163/167/163 498/199/498 499/224/499
f 165/144/165 164/157/164 499/224/499 500/227/500
f 166/145/166 165/144/165 500/227/500 501/212/501
f 167/186/167 166/145/166 501/212/501 502/208/502
f 163/167/163 148/175/148 497/194/497 498/199/498
f 496/180/496 167/186/167 502/208/502 152/188/152
f 519/111/512 503/112/503 151/112/151 539/111/532
f 515/180/509 513/181/507 530/181/523 535/180/528
f 522/186/515 515/180/509 535/180/528 542/186/535
f 504/119/504 520/116/513 540/116/533 135/119/135
f 513/181/507 511/151/507 525/151/518 530/181/523
f 514/175/508 521/167/514 541/167/534 531/175/524
f 520/116/513 507/117/506 120/117/120 540/116/533
f 510/142/308 512/174/308 526/174/519 90/142/90
f 518/145/511 522/186/515 542/186/535 538/145/531
f 507/117/506 505/122/240 134/122/134 120/117/120
f 508/141/308 510/142/308 90/142/90 119/141/119
f 517/144/4 518/145/511 538/145/531 537/144/530
f 505/122/240 506/110/505 121/110/121 134/122/134
f 511/151/507 509/152/507 91/152/91 525/151/518
f 516/157/510 517/144/4 537/144/530 536/157/529
f 506/110/505 519/111/512 539/111/532 121/110/121
f 509/152/507 504/119/504 135/119/135 91/152/91
f 521/167/514 516/157/510 536/157/529 541/167/534
f 503/112/503 508/141/308 119/141/119 151/112/151
f 512/174/308 514/175/508 531/175/524 526/174/519
f 150/113/150 151/112/151 119/141/119 106/524/106
f 149/123/149 150/113/150 106/524/106 105/525/105
f 136/118/136 149/123/149 105/525/105 104/526/104
f 135/119/135 136/118/136 104/526/104 91/152/91
f 104/526/104 105/525/105 523/527/516 524/528/517
f 91/152/91 104/526/104 524/528/517 525/151/518
f 106/524/106 119/141/119 90/142/90 89/529/89
f 105/525/105 106/524/106 89/529/89 523/527/516
f 89/529/89 90/142/90 526/174/519 527/530/520
f 523/527/516 89/529/89 527/530/520 528/531/521
f 524/528/517 523/527/516 528/531/521 529/532/522
f 525/151/518 524/528/517 529/532/522 530/181/523
f 530/181/523 529/532/522 534/533/527 535/180/528
f 527/530/520 526/174/519 531/175/524 532/534/525
f 528/531/521 527/530/520 532/534/525 533/535/526
f 529/532/522 528/531/521 533/535/526 534/533/527
f 532/534/525 531/175/524 541/167/534 536/157/529
f 533/535/526 532/534/525 536/157/529 537/144/530
f 534/533/527 533/535/526 537/144/530 538/145/531
f 535/180/528 534/533/527 538/145/531 542/186/535
f 354/176/354 82/147/82 52/147/52 158/176/158
f 548/147/541 577/176/570 634/176/627 597/147/590
f 82/42/82 143/43/143 429/43/429 52/42/52
f 576/121/569 575/229/568 631/229/624 633/121/626
f 574/242/567 548/261/541 597/261/590 630/242/623
f 561/150/554 560/238/553 613/238/606 615/150/608
f 128/41/128 82/42/82 52/42/52 444/41/444
f 588/203/581 587/204/580 647/204/640 649/203/642
f 548/261/541 572/241/565 628/241/621 597/261/590
f 547/104/540 546/85/539 594/85/587 596/104/589
f 324/242/324 309/241/309 188/241/188 203/242/203
f 575/229/568 573/230/566 629/230/622 631/229/624
f 82/261/82 324/242/324 203/242/203 52/261/52
f 570/7/563 548/6/541 597/6/590 626/7/619
f 560/238/553 559/215/552 611/215/604 613/238/606
f 572/241/565 574/242/567 630/242/623 628/241/621
f 82/47/82 113/48/113 459/48/459 52/47/52
f 548/6/541 568/5/561 624/5/617 597/6/590
f 587/204/580 586/269/579 645/269/638 647/204/640
f 309/241/309 82/261/82 52/261/52 188/241/188
f 566/15/559 548/14/541 597/14/590 622/15/615
f 546/85/539 545/75/538 592/75/585 594/85/587
f 98/46/98 82/47/82 52/47/52 474/46/474
f 82/6/82 293/7/293 233/7/233 52/6/52
f 548/14/541 564/13/557 620/13/613 597/14/590
f 573/230/566 571/292/564 627/292/620 629/230/622
f 293/7/293 278/5/278 218/5/218 233/7/233
f 559/215/552 558/206/551 609/206/602 611/215/604
f 586/269/579 585/270/578 643/270/636 645/269/638
f 278/5/278 82/6/82 52/6/52 218/5/218
f 545/75/538 544/50/537 590/50/583 592/75/585
f 571/292/564 569/293/562 625/293/618 627/292/620
f 558/206/551 557/69/550 607/69/600 609/206/602
f 568/5/561 570/7/563 626/7/619 624/5/617
f 82/14/82 263/15/263 384/15/384 52/14/52
f 585/270/578 583/366/576 641/366/634 643/270/636
f 544/50/537 543/20/536 22/20/22 590/50/583
f 569/293/562 567/323/560 623/323/616 625/293/618
f 582/74/575 584/496/577 642/496/635 640/74/633
f 248/13/248 82/14/82 52/14/52 339/13/339
f 554/41/547 556/43/549 606/43/599 604/41/597
f 263/15/263 248/13/248 339/13/339 384/15/384
f 556/43/549 548/42/541 597/42/590 606/43/599
f 557/69/550 555/70/548 605/70/598 607/69/600
f 583/366/576 581/367/574 639/367/632 641/366/634
f 548/42/541 554/41/547 604/41/597 597/42/590
f 369/146/369 354/176/354 158/176/158 173/146/173
f 567/323/560 565/80/558 621/80/614 623/323/616
f 552/48/545 548/47/541 597/47/590 602/48/595
f 555/70/548 553/107/546 603/107/596 605/70/598
f 564/13/557 566/15/559 622/15/615 620/13/613
f 414/496/414 399/74/399 67/74/67 83/496/83
f 548/47/541 550/46/543 600/46/593 597/47/590
f 581/367/574 580/178/573 637/178/630 639/367/632
f 82/73/82 414/496/414 83/496/83 52/73/52
f 565/80/558 563/81/556 619/81/612 621/80/614
f 143/43/143 128/41/128 444/41/444 429/43/429
f 188/241/188 52/261/52 203/242/203
f 158/176/158 52/147/52 173/146/173
f 67/74/67 52/73/52 83/496/83
f 650/536/643 597/537/590 37/538/37
f 651/19/644 650/536/643 37/538/37 22/20/22
f 37/538/37 597/539/590 7/540/7
f 22/20/22 37/538/37 7/540/7 590/50/583
f 7/540/7 597/541/590 591/542/584
f 590/50/583 7/540/7 591/542/584 592/75/585
f 591/542/584 597/543/590 593/544/586
f 592/75/585 591/542/584 593/544/586 594/85/587
f 593/544/586 597/545/590 595/546/588
f 594/85/587 593/544/586 595/546/588 596/104/589
f 595/546/588 597/547/590 598/548/591
f 596/104/589 595/546/588 598/548/591 599/124/592
f 598/548/591 597/549/590 600/46/593
f 599/124/592 598/548/591 600/46/593 601/108/594
f 601/108/594 600/46/593 602/48/595 603/107/596
f 602/48/595 597/550/590 604/41/597
f 603/107/596 602/48/595 604/41/597 605/70/598
f 605/70/598 604/41/597 606/43/599 607/69/600
f 606/43/599 597/551/590 608/552/601
f 607/69/600 606/43/599 608/552/601 609/206/602
f 608/552/601 597/553/590 610/554/603
f 609/206/602 608/552/601 610/554/603 611/215/604
f 610/554/603 597/555/590 612/556/605
f 611/215/604 610/554/603 612/556/605 613/238/606
f 612/556/605 597/557/590 614/558/607
f 613/238/606 612/556/605 614/558/607 615/150/608
f 614/558/607 597/559/590 616/560/609
f 615/150/608 614/558/607 616/560/609 617/149/610
f 616/560/609 597/561/590 618/562/611
f 617/149/610 616/560/609 618/562/611 619/81/612
f 618/562/611 597/563/590 620/13/613
f 619/81/612 618/562/611 620/13/613 621/80/614
f 621/80/614 620/13/613 622/15/615 623/323/616
f 622/15/615 597/564/590 624/5/617
f 623/323/616 622/15/615 624/5/617 625/293/618
f 625/293/618 624/5/617 626/7/619 627/292/620
f 627/292/620 626/7/619 628/241/621 629/230/622
f 626/7/619 597/565/590 628/241/621
f 629/230/622 628/241/621 630/242/623 631/229/624
f 631/229/624 630/242/623 632/566/625 633/121/626
f 630/242/623 597/567/590 632/566/625
f 632/566/625 597/568/590 634/569/627
f 633/121/626 632/566/625 634/569/627 635/120/628
f 635/179/628 634/176/627 636/146/629 637/178/630
f 636/146/629 597/570/590 638/571/631
f 637/178/630 636/146/629 638/571/631 639/367/632
f 638/571/631 597/572/590 640/74/633
f 639/367/632 638/571/631 640/74/633 641/366/634
f 641/366/634 640/74/633 642/496/635 643/270/636
f 642/496/635 597/573/590 644/574/637
f 643/270/636 642/496/635 644/574/637 645/269/638
f 644/574/637 597/575/590 646/576/639
f 645/269/638 644/574/637 646/576/639 647/204/640
f 646/576/639 597/577/590 648/578/641
f 647/204/640 646/576/639 648/578/641 649/203/642
f 648/578/641 597/579/590 650/536/643
f 649/203/642 648/578/641 650/536/643 651/19/644
f 551/108/544 549/124/542 599/124/592 601/108/594
f 584/496/577 548/73/541 597/73/590 642/496/635
f 543/20/536 589/19/582 651/19/644 22/20/22
f 580/178/573 578/179/571 635/179/628 637/178/630
f 563/81/556 562/149/555 617/149/610 619/81/612
f 113/48/113 98/46/98 474/46/474 459/48/459
f 577/176/570 579/146/572 636/146/629 634/176/627
f 553/107/546 551/108/544 601/108/594 603/107/596
f 399/74/399 82/73/82 52/73/52 67/74/67
f 550/46/543 552/48/545 602/48/595 600/46/593
o Sphere.001
v 0.000000 -0.742038 -0.555570
v 0.000000 -1.070660 -0.831470
v 0.000000 -1.500025 -0.980785
v 0.000000 -1.732395 -1.000000
v 0.000000 -1.964766 -0.980785
v 0.000000 -2.394131 -0.831470
v 0.038060 -0.564190 -0.191342
v 0.074658 -0.631970 -0.375330
v 0.108386 -0.742038 -0.544895
v 0.137950 -0.890166 -0.693520
v 0.162212 -1.070660 -0.815493
v 0.180240 -1.276584 -0.906127
v 0.191342 -1.500025 -0.961940
v 0.195090 -1.732395 -0.980785
v 0.191342 -1.964766 -0.961940
v 0.180240 -2.188207 -0.906127
v 0.162212 -2.394131 -0.815493
v 0.137950 -2.574625 -0.693520
v 0.108386 -2.722752 -0.544895
v 0.074658 -2.832821 -0.375330
v 0.038060 -2.900601 -0.191342
v 0.074658 -0.564190 -0.180240
v 0.146447 -0.631970 -0.353553
v 0.212608 -0.742038 -0.513280
v 0.270598 -0.890166 -0.653281
v 0.318190 -1.070660 -0.768178
v 0.353553 -1.276584 -0.853553
v 0.375330 -1.500025 -0.906127
v 0.382683 -1.732395 -0.923879
v 0.375330 -1.964766 -0.906127
v 0.353553 -2.188207 -0.853553
v 0.318190 -2.394131 -0.768178
v 0.270598 -2.574625 -0.653281
v 0.212608 -2.722752 -0.513280
v 0.146447 -2.832821 -0.353553
v 0.074658 -2.900601 -0.180240
v 0.108386 -0.564190 -0.162212
v 0.212608 -0.631970 -0.318190
v 0.308658 -0.742038 -0.461940
v 0.392847 -0.890166 -0.587938
v 0.461940 -1.070660 -0.691342
v 0.513280 -1.276584 -0.768178
v 0.544895 -1.500025 -0.815493
v 0.555570 -1.732395 -0.831469
v 0.544895 -1.964766 -0.815493
v 0.513280 -2.188207 -0.768178
v 0.461940 -2.394131 -0.691342
v 0.392847 -2.574625 -0.587938
v 0.308658 -2.722752 -0.461940
v 0.212608 -2.832821 -0.318190
v 0.108386 -2.900601 -0.162212
v 0.137950 -0.564190 -0.137950
v 0.270598 -0.631970 -0.270598
v 0.392847 -0.742038 -0.392847
v 0.500000 -0.890166 -0.500000
v 0.587938 -1.070660 -0.587938
v 0.653281 -1.276584 -0.653281
v 0.693520 -1.500025 -0.693520
v 0.707107 -1.732395 -0.707107
v 0.693520 -1.964766 -0.693520
v 0.653281 -2.188207 -0.653281
v 0.587938 -2.394131 -0.587938
v 0.500000 -2.574625 -0.500000
v 0.392847 -2.722752 -0.392847
v 0.270598 -2.832821 -0.270598
v 0.137950 -2.900601 -0.137950
v 0.162212 -0.564190 -0.108386
v 0.318190 -0.631970 -0.212608
v 0.461940 -0.742038 -0.308658
v 0.587938 -0.890166 -0.392847
v 0.691342 -1.070660 -0.461940
v 0.768178 -1.276584 -0.513280
v 0.815493 -1.500025 -0.544895
v 0.831470 -1.732395 -0.555570
v 0.815493 -1.964766 -0.544895
v 0.768178 -2.188207 -0.513280
v 0.691342 -2.394131 -0.461940
v 0.587938 -2.574625 -0.392847
v 0.461940 -2.722752 -0.308658
v 0.318190 -2.832821 -0.212608
v 0.162212 -2.900601 -0.108386
v 0.000000 -0.541303 0.000000
v 0.180240 -0.564190 -0.074658
v 0.353553 -0.631970 -0.146447
v 0.513280 -0.742038 -0.212607
v 0.653281 -0.890166 -0.270598
v 0.768178 -1.070660 -0.318190
v 0.853553 -1.276584 -0.353553
v 0.906127 -1.500025 -0.375330
v 0.923879 -1.732395 -0.382683
v 0.906127 -1.964766 -0.375330
v 0.853553 -2.188207 -0.353553
v 0.768178 -2.394131 -0.318190
v 0.653281 -2.574625 -0.270598
v 0.513280 -2.722752 -0.212607
v 0.353553 -2.832821 -0.146447
v 0.180240 -2.900601 -0.074658
v 0.191342 -0.564190 -0.038060
v 0.375330 -0.631970 -0.074658
v 0.544895 -0.742038 -0.108386
v 0.693520 -0.890166 -0.137950
v 0.815493 -1.070660 -0.162212
v 0.906127 -1.276584 -0.180240
v 0.961940 -1.500025 -0.191342
v 0.980785 -1.732395 -0.195090
v 0.961940 -1.964766 -0.191342
v 0.906127 -2.188207 -0.180240
v 0.815493 -2.394131 -0.162212
v 0.693520 -2.574625 -0.137950
v 0.544895 -2.722752 -0.108386
v 0.375330 -2.832821 -0.074658
v 0.191342 -2.900601 -0.038060
v 0.195090 -0.564190 0.000000
v 0.382683 -0.631970 0.000000
v 0.555570 -0.742038 0.000000
v 0.707107 -0.890166 -0.000000
v 0.831469 -1.070660 0.000000
v 0.923879 -1.276584 -0.000000
v 0.980785 -1.500025 0.000000
v 1.000000 -1.732395 0.000000
v 0.980785 -1.964766 0.000000
v 0.923879 -2.188207 -0.000000
v 0.831469 -2.394131 0.000000
v 0.707107 -2.574625 -0.000000
v 0.555570 -2.722752 0.000000
v 0.382683 -2.832821 0.000000
v 0.195090 -2.900601 0.000000
v 0.191342 -0.564190 0.038060
v 0.375330 -0.631970 0.074658
v 0.544895 -0.742038 0.108386
v 0.693520 -0.890166 0.137950
v 0.815493 -1.070660 0.162212
v 0.906127 -1.276584 0.180240
v 0.961940 -1.500025 0.191342
v 0.980785 -1.732395 0.195090
v 0.961940 -1.964766 0.191342
v 0.906127 -2.188207 0.180240
v 0.815493 -2.394131 0.162212
v 0.693520 -2.574625 0.137950
v 0.544895 -2.722752 0.108386
v 0.375330 -2.832821 0.074658
v 0.191342 -2.900601 0.038060
v 0.180240 -0.564190 0.074658
v 0.353553 -0.631970 0.146447
v 0.513280 -0.742038 0.212608
v 0.653281 -0.890166 0.270598
v 0.768178 -1.070660 0.318190
v 0.853553 -1.276584 0.353553
v 0.906127 -1.500025 0.375330
v 0.923879 -1.732395 0.382683
v 0.906127 -1.964766 0.375330
v 0.853553 -2.188207 0.353553
v 0.768178 -2.394131 0.318190
v 0.653281 -2.574625 0.270598
v 0.513280 -2.722752 0.212608
v 0.353553 -2.832821 0.146447
v 0.180240 -2.900601 0.074658
v 0.162212 -0.564190 0.108386
v 0.318190 -0.631970 0.212608
v 0.461940 -0.742038 0.308658
v 0.587938 -0.890166 0.392847
v 0.691341 -1.070660 0.461940
v 0.768178 -1.276584 0.513280
v 0.815493 -1.500025 0.544895
v 0.831469 -1.732395 0.555570
v 0.815493 -1.964766 0.544895
v 0.768178 -2.188207 0.513280
v 0.691341 -2.394131 0.461940
v 0.587938 -2.574625 0.392847
v 0.461940 -2.722752 0.308658
v 0.318190 -2.832821 0.212608
v 0.162212 -2.900601 0.108386
v 0.137950 -0.564190 0.137950
v 0.270598 -0.631970 0.270598
v 0.392847 -0.742038 0.392847
v 0.500000 -0.890166 0.500000
v 0.587938 -1.070660 0.587938
v 0.653281 -1.276584 0.653281
v 0.693520 -1.500025 0.693520
v 0.707106 -1.732395 0.707107
v 0.693520 -1.964766 0.693520
v 0.653281 -2.188207 0.653281
v 0.587938 -2.394131 0.587938
v 0.500000 -2.574625 0.500000
v 0.392847 -2.722752 0.392847
v 0.270598 -2.832821 0.270598
v 0.137950 -2.900601 0.137950
v 0.108386 -0.564190 0.162212
v 0.212607 -0.631970 0.318190
v 0.308658 -0.742038 0.461940
v 0.392847 -0.890166 0.587938
v 0.461940 -1.070660 0.691342
v 0.513280 -1.276584 0.768178
v 0.544895 -1.500025 0.815493
v 0.555570 -1.732395 0.831469
v 0.544895 -1.964766 0.815493
v 0.513280 -2.188207 0.768178
v 0.461940 -2.394131 0.691342
v 0.392847 -2.574625 0.587938
v 0.308658 -2.722752 0.461940
v 0.212607 -2.832821 0.318190
v 0.108386 -2.900601 0.162212
v 0.074658 -0.564190 0.180240
v 0.146447 -0.631970 0.353553
v 0.212607 -0.742038 0.513280
v 0.270598 -0.890166 0.653281
v 0.318189 -1.070660 0.768178
v 0.353553 -1.276584 0.853553
v 0.375330 -1.500025 0.906127
v 0.382683 -1.732395 0.923879
v 0.375330 -1.964766 0.906127
v 0.353553 -2.188207 0.853553
v 0.318189 -2.394131 0.768178
v 0.270598 -2.574625 0.653281
v 0.212607 -2.722752 0.513280
v 0.146447 -2.832821 0.353553
v 0.074658 -2.900601 0.180240
v 0.038060 -0.564190 0.191342
v 0.074658 -0.631970 0.375330
v 0.108386 -0.742038 0.544895
v 0.137950 -0.890166 0.693520
v 0.162212 -1.070660 0.815493
v 0.180240 -1.276584 0.906127
v 0.191342 -1.500025 0.961939
v 0.195090 -1.732395 0.980785
v 0.191342 -1.964766 0.961939
v 0.180240 -2.188207 0.906127
v 0.162212 -2.394131 0.815493
v 0.137950 -2.574625 0.693520
v 0.108386 -2.722752 0.544895
v 0.074658 -2.832821 0.375330
v 0.038060 -2.900601 0.191342
v -0.000000 -0.564190 0.195090
v -0.000000 -0.631970 0.382683
v -0.000000 -0.742038 0.555570
v -0.000000 -0.890166 0.707107
v -0.000000 -1.070660 0.831469
v 0.000000 -1.276584 0.923879
v -0.000000 -1.500025 0.980785
v -0.000000 -1.732395 0.999999
v -0.000000 -1.964766 0.980785
v 0.000000 -2.188207 0.923879
v -0.000000 -2.394131 0.831469
v -0.000000 -2.574625 0.707107
v -0.000000 -2.722752 0.555570
v -0.000000 -2.832821 0.382683
v -0.000000 -2.900601 0.195090
v -0.038060 -0.564190 0.191342
v -0.074658 -0.631970 0.375330
v -0.108386 -0.742038 0.544895
v -0.137950 -0.890166 0.693520
v -0.162212 -1.070660 0.815493
v -0.180240 -1.276584 0.906127
v -0.191342 -1.500025 0.961939
v -0.195091 -1.732395 0.980785
v -0.191342 -1.964766 0.961939
v -0.180240 -2.188207 0.906127
v -0.162212 -2.394131 0.815493
v -0.137950 -2.574625 0.693520
v -0.108386 -2.722752 0.544895
v -0.074658 -2.832821 0.375330
v -0.038060 -2.900601 0.191342
v -0.074658 -0.564190 0.180240
v -0.146447 -0.631970 0.353553
v -0.212608 -0.742038 0.513280
v -0.270598 -0.890166 0.653281
v -0.318190 -1.070660 0.768177
v -0.353553 -1.276584 0.853553
v -0.375330 -1.500025 0.906127
v -0.382683 -1.732395 0.923879
v -0.375330 -1.964766 0.906127
v -0.353553 -2.188207 0.853553
v -0.318190 -2.394131 0.768177
v -0.270598 -2.574625 0.653281
v -0.212608 -2.722752 0.513280
v -0.146447 -2.832821 0.353553
v -0.074658 -2.900601 0.180240
v -0.108386 -0.564190 0.162212
v -0.212608 -0.631970 0.318190
v -0.308658 -0.742038 0.461939
v -0.392847 -0.890166 0.587938
v -0.461940 -1.070660 0.691341
v -0.513280 -1.276584 0.768178
v -0.544895 -1.500025 0.815493
v -0.555570 -1.732395 0.831469
v -0.544895 -1.964766 0.815493
v -0.513280 -2.188207 0.768178
v -0.461940 -2.394131 0.691341
v -0.392847 -2.574625 0.587938
v -0.308658 -2.722752 0.461939
v -0.212608 -2.832821 0.318190
v -0.108386 -2.900601 0.162212
v -0.137950 -0.564190 0.137950
v -0.270598 -0.631970 0.270598
v -0.392847 -0.742038 0.392847
v -0.500000 -0.890166 0.500000
v -0.587938 -1.070660 0.587937
v -0.653281 -1.276584 0.653281
v -0.693520 -1.500025 0.693520
v -0.707106 -1.732395 0.707106
v -0.693520 -1.964766 0.693520
v -0.653281 -2.188207 0.653281
v -0.587938 -2.394131 0.587937
v -0.500000 -2.574625 0.500000
v -0.392847 -2.722752 0.392847
v -0.270598 -2.832821 0.270598
v -0.137950 -2.900601 0.137950
v 0.000000 -2.923488 0.000000
v -0.162212 -0.564190 0.108386
v -0.318190 -0.631970 0.212607
v -0.461940 -0.742038 0.308658
v -0.587938 -0.890166 0.392847
v -0.691341 -1.070660 0.461939
v -0.768177 -1.276584 0.513280
v -0.815493 -1.500025 0.544895
v -0.831469 -1.732395 0.555569
v -0.815493 -1.964766 0.544895
v -0.768177 -2.188207 0.513280
v -0.691341 -2.394131 0.461939
v -0.587938 -2.574625 0.392847
v -0.461940 -2.722752 0.308658
v -0.318190 -2.832821 0.212607
v -0.162212 -2.900601 0.108386
v -0.180240 -0.564190 0.074658
v -0.353553 -0.631970 0.146447
v -0.513280 -0.742038 0.212607
v -0.653281 -0.890166 0.270598
v -0.768177 -1.070660 0.318189
v -0.853553 -1.276584 0.353553
v -0.906127 -1.500025 0.375330
v -0.923879 -1.732395 0.382683
v -0.906127 -1.964766 0.375330
v -0.853553 -2.188207 0.353553
v -0.768177 -2.394131 0.318189
v -0.653281 -2.574625 0.270598
v -0.513280 -2.722752 0.212607
v -0.353553 -2.832821 0.146447
v -0.180240 -2.900601 0.074658
v -0.191342 -0.564190 0.038060
v -0.375330 -0.631970 0.074658
v -0.544895 -0.742038 0.108386
v -0.693520 -0.890166 0.137950
v -0.815493 -1.070660 0.162211
v -0.906127 -1.276584 0.180240
v -0.961939 -1.500025 0.191341
v -0.980784 -1.732395 0.195090
v -0.961939 -1.964766 0.191341
v -0.906127 -2.188207 0.180240
v -0.815493 -2.394131 0.162211
v -0.693520 -2.574625 0.137950
v -0.544895 -2.722752 0.108386
v -0.375330 -2.832821 0.074658
v -0.191342 -2.900601 0.038060
v -0.195090 -0.564190 -0.000000
v -0.382683 -0.631970 -0.000000
v -0.555570 -0.742038 -0.000000
v -0.707107 -0.890166 -0.000000
v -0.831469 -1.070660 -0.000000
v -0.923879 -1.276584 -0.000000
v -0.980785 -1.500025 -0.000000
v -0.999999 -1.732395 -0.000000
v -0.980785 -1.964766 -0.000000
v -0.923879 -2.188207 -0.000000
v -0.831469 -2.394131 -0.000000
v -0.707107 -2.574625 -0.000000
v -0.555570 -2.722752 -0.000000
v -0.382683 -2.832821 -0.000000
v -0.195090 -2.900601 -0.000000
v -0.191342 -0.564190 -0.038060
v -0.375330 -0.631970 -0.074658
v -0.544895 -0.742038 -0.108386
v -0.693520 -0.890166 -0.137950
v -0.815493 -1.070660 -0.162212
v -0.906127 -1.276584 -0.180240
v -0.961939 -1.500025 -0.191342
v -0.980784 -1.732395 -0.195091
v -0.961939 -1.964766 -0.191342
v -0.906127 -2.188207 -0.180240
v -0.815493 -2.394131 -0.162212
v -0.693520 -2.574625 -0.137950
v -0.544895 -2.722752 -0.108386
v -0.375330 -2.832821 -0.074658
v -0.191342 -2.900601 -0.038060
v -0.180240 -0.564190 -0.074658
v -0.353553 -0.631970 -0.146447
v -0.513279 -0.742038 -0.212607
v -0.653281 -0.890166 -0.270598
v -0.768177 -1.070660 -0.318190
v -0.853553 -1.276584 -0.353553
v -0.906127 -1.500025 -0.375330
v -0.923878 -1.732395 -0.382683
v -0.906127 -1.964766 -0.375330
v -0.853553 -2.188207 -0.353553
v -0.768177 -2.394131 -0.318190
v -0.653281 -2.574625 -0.270598
v -0.513279 -2.722752 -0.212607
v -0.353553 -2.832821 -0.146447
v -0.180240 -2.900601 -0.074658
v -0.162212 -0.564190 -0.108386
v -0.318189 -0.631970 -0.212607
v -0.461939 -0.742038 -0.308658
v -0.587938 -0.890166 -0.392847
v -0.691341 -1.070660 -0.461940
v -0.768177 -1.276584 -0.513280
v -0.815493 -1.500025 -0.544895
v -0.831468 -1.732395 -0.555570
v -0.815493 -1.964766 -0.544895
v -0.768177 -2.188207 -0.513280
v -0.691341 -2.394131 -0.461940
v -0.587938 -2.574625 -0.392847
v -0.461939 -2.722752 -0.308658
v -0.318189 -2.832821 -0.212607
v -0.162212 -2.900601 -0.108386
v -0.137950 -0.564190 -0.137950
v -0.270598 -0.631970 -0.270598
v -0.392847 -0.742038 -0.392847
v -0.500000 -0.890166 -0.500000
v -0.587937 -1.070660 -0.587938
v -0.653281 -1.276584 -0.653281
v -0.693519 -1.500025 -0.693520
v -0.707106 -1.732395 -0.707106
v -0.693519 -1.964766 -0.693520
v -0.653281 -2.188207 -0.653281
v -0.587937 -2.394131 -0.587938
v -0.500000 -2.574625 -0.500000
v -0.392847 -2.722752 -0.392847
v -0.270598 -2.832821 -0.270598
v -0.137950 -2.900601 -0.137950
v -0.108386 -0.564190 -0.162212
v -0.212607 -0.631970 -0.318190
v -0.308658 -0.742038 -0.461939
v -0.392847 -0.890166 -0.587938
v -0.461939 -1.070660 -0.691341
v -0.513280 -1.276584 -0.768177
v -0.544895 -1.500025 -0.815493
v -0.555569 -1.732395 -0.831469
v -0.544895 -1.964766 -0.815493
v -0.513280 -2.188207 -0.768177
v -0.461939 -2.394131 -0.691341
v -0.392847 -2.574625 -0.587938
v -0.308658 -2.722752 -0.461939
v -0.212607 -2.832821 -0.318190
v -0.108386 -2.900601 -0.162212
v -0.074658 -0.564190 -0.180240
v -0.146446 -0.631970 -0.353553
v -0.212607 -0.742038 -0.513279
v -0.270598 -0.890166 -0.653281
v -0.318189 -1.070660 -0.768177
v -0.353553 -1.276584 -0.853553
v -0.375330 -1.500025 -0.906127
v -0.382683 -1.732395 -0.923879
v -0.375330 -1.964766 -0.906127
v -0.353553 -2.188207 -0.853553
v -0.318189 -2.394131 -0.768177
v -0.270598 -2.574625 -0.653281
v -0.212607 -2.722752 -0.513279
v -0.146446 -2.832821 -0.353553
v -0.074658 -2.900601 -0.180240
v -0.038060 -0.564190 -0.191342
v -0.074658 -0.631970 -0.375330
v -0.108386 -0.742038 -0.544895
v -0.137950 -0.890166 -0.693520
v -0.162211 -1.070660 -0.815493
v -0.180240 -1.276584 -0.906127
v -0.191341 -1.500025 -0.961939
v -0.195090 -1.732395 -0.980784
v -0.191341 -1.964766 -0.961939
v -0.180240 -2.188207 -0.906127
v -0.162211 -2.394131 -0.815493
v -0.137950 -2.574625 -0.693520
v -0.108386 -2.722752 -0.544895
v -0.074658 -2.832821 -0.375330
v -0.038060 -2.900601 -0.191342
v 0.000000 -0.564190 -0.195090
v 0.000000 -0.631970 -0.382683
v 0.000000 -0.890166 -0.707107
v 0.000000 -1.276584 -0.923879
v 0.000000 -2.188207 -0.923879
v 0.000000 -2.574625 -0.707107
v 0.000000 -2.722752 -0.555570
v 0.000000 -2.832821 -0.382683
v 0.000000 -2.900601 -0.195090
vn -0.0000 0.7791 -0.6269
vn -0.0000 0.4865 -0.8737
vn -0.0000 0.1637 -0.9865
vn -0.0000 -0.0000 -1.0000
vn -0.0000 -0.1637 -0.9865
vn -0.0000 -0.4865 -0.8737
vn 0.0463 0.9714 -0.2328
vn 0.0874 0.8940 -0.4395
vn 0.1223 0.7791 -0.6148
vn 0.1499 0.6398 -0.7538
vn 0.1704 0.4865 -0.8569
vn 0.1844 0.3265 -0.9270
vn 0.1925 0.1637 -0.9675
vn 0.1951 -0.0000 -0.9808
vn 0.1925 -0.1637 -0.9675
vn 0.1844 -0.3265 -0.9270
vn 0.1704 -0.4865 -0.8569
vn 0.1499 -0.6398 -0.7538
vn 0.1223 -0.7791 -0.6148
vn 0.0874 -0.8940 -0.4395
vn 0.0463 -0.9714 -0.2328
vn 0.0908 0.9714 -0.2193
vn 0.1715 0.8940 -0.4140
vn 0.2399 0.7791 -0.5792
vn 0.2941 0.6398 -0.7101
vn 0.3343 0.4865 -0.8072
vn 0.3617 0.3265 -0.8732
vn 0.3775 0.1637 -0.9114
vn 0.3827 -0.0000 -0.9239
vn 0.3775 -0.1637 -0.9114
vn 0.3617 -0.3265 -0.8732
vn 0.3343 -0.4865 -0.8072
vn 0.2941 -0.6398 -0.7101
vn 0.2399 -0.7791 -0.5792
vn 0.1715 -0.8940 -0.4140
vn 0.0908 -0.9714 -0.2193
vn 0.1319 0.9714 -0.1974
vn 0.2490 0.8940 -0.3726
vn 0.3483 0.7791 -0.5212
vn 0.4270 0.6398 -0.6391
vn 0.4854 0.4865 -0.7264
vn 0.5251 0.3265 -0.7859
vn 0.5481 0.1637 -0.8202
vn 0.5556 -0.0000 -0.8315
vn 0.5481 -0.1637 -0.8202
vn 0.5251 -0.3265 -0.7859
vn 0.4854 -0.4865 -0.7264
vn 0.4270 -0.6398 -0.6391
vn 0.3483 -0.7791 -0.5212
vn 0.2490 -0.8940 -0.3726
vn 0.1319 -0.9714 -0.1974
vn 0.1678 0.9714 -0.1678
vn 0.3169 0.8940 -0.3169
vn 0.4433 0.7791 -0.4433
vn 0.5435 0.6398 -0.5435
vn 0.6178 0.4865 -0.6178
vn 0.6683 0.3265 -0.6683
vn 0.6976 0.1637 -0.6976
vn 0.7071 -0.0000 -0.7071
vn 0.6976 -0.1637 -0.6976
vn 0.6683 -0.3265 -0.6683
vn 0.6178 -0.4865 -0.6178
vn 0.5435 -0.6398 -0.5435
vn 0.4433 -0.7791 -0.4433
vn 0.3169 -0.8940 -0.3169
vn 0.1678 -0.9714 -0.1678
vn 0.1974 0.9714 -0.1319
vn 0.3726 0.8940 -0.2490
vn 0.5212 0.7791 -0.3483
vn 0.6391 0.6398 -0.4270
vn 0.7264 0.4865 -0.4854
vn 0.7859 0.3265 -0.5251
vn 0.8202 0.1637 -0.5481
vn 0.8315 -0.0000 -0.5556
vn 0.8202 -0.1637 -0.5481
vn 0.7859 -0.3265 -0.5251
vn 0.7264 -0.4865 -0.4854
vn 0.6391 -0.6398 -0.4270
vn 0.5212 -0.7791 -0.3483
vn 0.3726 -0.8940 -0.2490
vn 0.1974 -0.9714 -0.1319
vn -0.0000 1.0000 -0.0000
vn 0.2193 0.9714 -0.0908
vn 0.4140 0.8940 -0.1715
vn 0.5792 0.7791 -0.2399
vn 0.7101 0.6398 -0.2941
vn 0.8072 0.4865 -0.3343
vn 0.8732 0.3265 -0.3617
vn 0.9114 0.1637 -0.3775
vn 0.9239 -0.0000 -0.3827
vn 0.9114 -0.1637 -0.3775
vn 0.8732 -0.3265 -0.3617
vn 0.8072 -0.4865 -0.3343
vn 0.7101 -0.6398 -0.2941
vn 0.5792 -0.7791 -0.2399
vn 0.4140 -0.8940 -0.1715
vn 0.2193 -0.9714 -0.0908
vn 0.2328 0.9714 -0.0463
vn 0.4395 0.8940 -0.0874
vn 0.6148 0.7791 -0.1223
vn 0.7538 0.6398 -0.1499
vn 0.8569 0.4865 -0.1704
vn 0.9270 0.3265 -0.1844
vn 0.9675 0.1637 -0.1925
vn 0.9808 -0.0000 -0.1951
vn 0.9675 -0.1637 -0.1925
vn 0.9270 -0.3265 -0.1844
vn 0.8569 -0.4865 -0.1704
vn 0.7538 -0.6398 -0.1499
vn 0.6148 -0.7791 -0.1223
vn 0.4395 -0.8940 -0.0874
vn 0.2328 -0.9714 -0.0463
vn 0.2374 0.9714 -0.0000
vn 0.4481 0.8940 -0.0000
vn 0.6269 0.7791 -0.0000
vn 0.7686 0.6398 -0.0000
vn 0.8737 0.4865 -0.0000
vn 0.9452 0.3265 -0.0000
vn 0.9865 0.1637 -0.0000
vn 1.0000 -0.0000 -0.0000
vn 0.9865 -0.1637 -0.0000
vn 0.9452 -0.3265 -0.0000
vn 0.8737 -0.4865 -0.0000
vn 0.7686 -0.6398 -0.0000
vn 0.6269 -0.7791 -0.0000
vn 0.4481 -0.8940 -0.0000
vn 0.2374 -0.9714 -0.0000
vn 0.2328 0.9714 0.0463
vn 0.4395 0.8940 0.0874
vn 0.6148 0.7791 0.1223
vn 0.7538 0.6398 0.1499
vn 0.8569 0.4865 0.1704
vn 0.9270 0.3265 0.1844
vn 0.9675 0.1637 0.1925
vn 0.9808 -0.0000 0.1951
vn 0.9675 -0.1637 0.1925
vn 0.9270 -0.3265 0.1844
vn 0.8569 -0.4865 0.1704
vn 0.7538 -0.6398 0.1499
vn 0.6148 -0.7791 0.1223
vn 0.4395 -0.8940 0.0874
vn 0.2328 -0.9714 0.0463
vn 0.2193 0.9714 0.0908
vn 0.4140 0.8940 0.1715
vn 0.5792 0.7791 0.2399
vn 0.7101 0.6398 0.2941
vn 0.8072 0.4865 0.3343
vn 0.8732 0.3265 0.3617
vn 0.9114 0.1637 0.3775
vn 0.9239 -0.0000 0.3827
vn 0.9114 -0.1637 0.3775
vn 0.8732 -0.3265 0.3617
vn 0.8072 -0.4865 0.3343
vn 0.7101 -0.6398 0.2941
vn 0.5792 -0.7791 0.2399
vn 0.4140 -0.8940 0.1715
vn 0.2193 -0.9714 0.0908
vn 0.1974 0.9714 0.1319
vn 0.3726 0.8940 0.2490
vn 0.5212 0.7791 0.3483
vn 0.6391 0.6398 0.4270
vn 0.7264 0.4865 0.4854
vn 0.7859 0.3265 0.5251
vn 0.8202 0.1637 0.5481
vn 0.8315 -0.0000 0.5556
vn 0.8202 -0.1637 0.5481
vn 0.7859 -0.3265 0.5251
vn 0.7264 -0.4865 0.4854
vn 0.6391 -0.6398 0.4270
vn 0.5212 -0.7791 0.3483
vn 0.3726 -0.8940 0.2490
vn 0.1974 -0.9714 0.1319
vn 0.1678 0.9714 0.1678
vn 0.3169 0.8940 0.3169
vn 0.4433 0.7791 0.4433
vn 0.5435 0.6398 0.5435
vn 0.6178 0.4865 0.6178
vn 0.6683 0.3265 0.6683
vn 0.6976 0.1637 0.6976
vn 0.7071 -0.0000 0.7071
vn 0.6976 -0.1637 0.6976
vn 0.6683 -0.3265 0.6683
vn 0.6178 -0.4865 0.6178
vn 0.5435 -0.6398 0.5435
vn 0.4433 -0.7791 0.4433
vn 0.3169 -0.8940 0.3169
vn 0.1678 -0.9714 0.1678
vn 0.1319 0.9714 0.1974
vn 0.2490 0.8940 0.3726
vn 0.3483 0.7791 0.5212
vn 0.4270 0.6398 0.6391
vn 0.4854 0.4865 0.7264
vn 0.5251 0.3265 0.7859
vn 0.5481 0.1637 0.8202
vn 0.5556 -0.0000 0.8315
vn 0.5481 -0.1637 0.8202
vn 0.5251 -0.3265 0.7859
vn 0.4854 -0.4865 0.7264
vn 0.4270 -0.6398 0.6391
vn 0.3483 -0.7791 0.5212
vn 0.2490 -0.8940 0.3726
vn 0.1319 -0.9714 0.1974
vn 0.0908 0.9714 0.2193
vn 0.1715 0.8940 0.4140
vn 0.2399 0.7791 0.5792
vn 0.2941 0.6398 0.7101
vn 0.3343 0.4865 0.8072
vn 0.3617 0.3265 0.8732
vn 0.3775 0.1637 0.9114
vn 0.3827 -0.0000 0.9239
vn 0.3775 -0.1637 0.9114
vn 0.3617 -0.3265 0.8732
vn 0.3343 -0.4865 0.8072
vn 0.2941 -0.6398 0.7101
vn 0.2399 -0.7791 0.5792
vn 0.1715 -0.8940 0.4140
vn 0.0908 -0.9714 0.2193
vn 0.0463 0.9714 0.2328
vn 0.0874 0.8940 0.4395
vn 0.1223 0.7791 0.6148
vn 0.1499 0.6398 0.7538
vn 0.1704 0.4865 0.8569
vn 0.1844 0.3265 0.9270
vn 0.1925 0.1637 0.9675
vn 0.1951 -0.0000 0.9808
vn 0.1925 -0.1637 0.9675
vn 0.1844 -0.3265 0.9270
vn 0.1704 -0.4865 0.8569
vn 0.1499 -0.6398 0.7538
vn 0.1223 -0.7791 0.6148
vn 0.0874 -0.8940 0.4395
vn 0.0463 -0.9714 0.2328
vn -0.0000 0.9714 0.2374
vn -0.0000 0.8940 0.4481
vn -0.0000 0.7791 0.6269
vn -0.0000 0.6398 0.7686
vn -0.0000 0.4865 0.8737
vn -0.0000 0.3265 0.9452
vn -0.0000 0.1637 0.9865
vn -0.0000 -0.0000 1.0000
vn -0.0000 -0.1637 0.9865
vn -0.0000 -0.3265 0.9452
vn -0.0000 -0.4865 0.8737
vn -0.0000 -0.6398 0.7686
vn -0.0000 -0.7791 0.6269
vn -0.0000 -0.8940 0.4481
vn -0.0000 -0.9714 0.2374
vn -0.0463 0.9714 0.2328
vn -0.0874 0.8940 0.4395
vn -0.1223 0.7791 0.6148
vn -0.1499 0.6398 0.7538
vn -0.1704 0.4865 0.8569
vn -0.1844 0.3265 0.9270
vn -0.1925 0.1637 0.9675
vn -0.1951 -0.0000 0.9808
vn -0.1925 -0.1637 0.9675
vn -0.1844 -0.3265 0.9270
vn -0.1704 -0.4865 0.8569
vn -0.1499 -0.6398 0.7538
vn -0.1223 -0.7791 0.6148
vn -0.0874 -0.8940 0.4395
vn -0.0463 -0.9714 0.2328
vn -0.0908 0.9714 0.2193
vn -0.1715 0.8940 0.4140
vn -0.2399 0.7791 0.5792
vn -0.2941 0.6398 0.7101
vn -0.3343 0.4865 0.8072
vn -0.3617 0.3265 0.8732
vn -0.3775 0.1637 0.9114
vn -0.3827 -0.0000 0.9239
vn -0.3775 -0.1637 0.9114
vn -0.3617 -0.3265 0.8732
vn -0.3343 -0.4865 0.8072
vn -0.2941 -0.6398 0.7101
vn -0.2399 -0.7791 0.5792
vn -0.1715 -0.8940 0.4140
vn -0.0908 -0.9714 0.2193
vn -0.1319 0.9714 0.1974
vn -0.2490 0.8940 0.3726
vn -0.3483 0.7791 0.5212
vn -0.4270 0.6398 0.6391
vn -0.4854 0.4865 0.7264
vn -0.5251 0.3265 0.7859
vn -0.5481 0.1637 0.8202
vn -0.5556 -0.0000 0.8315
vn -0.5481 -0.1637 0.8202
vn -0.5251 -0.3265 0.7859
vn -0.4854 -0.4865 0.7264
vn -0.4270 -0.6398 0.6391
vn -0.3483 -0.7791 0.5212
vn -0.2490 -0.8940 0.3726
vn -0.1319 -0.9714 0.1974
vn -0.1678 0.9714 0.1678
vn -0.3169 0.8940 0.3169
vn -0.4433 0.7791 0.4433
vn -0.5435 0.6398 0.5435
vn -0.6178 0.4865 0.6178
vn -0.6683 0.3265 0.6683
vn -0.6976 0.1637 0.6976
vn -0.7071 -0.0000 0.7071
vn -0.6976 -0.1637 0.6976
vn -0.6683 -0.3265 0.6683
vn -0.6178 -0.4865 0.6178
vn -0.5435 -0.6398 0.5435
vn -0.4433 -0.7791 0.4433
vn -0.3169 -0.8940 0.3169
vn -0.1678 -0.9714 0.1678
vn -0.0000 -1.0000 -0.0000
vn -0.1974 0.9714 0.1319
vn -0.3726 0.8940 0.2490
vn -0.5212 0.7791 0.3483
vn -0.6391 0.6398 0.4270
vn -0.7264 0.4865 0.4854
vn -0.7859 0.3265 0.5251
vn -0.8202 0.1637 0.5481
vn -0.8315 -0.0000 0.5556
vn -0.8202 -0.1637 0.5481
vn -0.7859 -0.3265 0.5251
vn -0.7264 -0.4865 0.4854
vn -0.6391 -0.6398 0.4270
vn -0.5212 -0.7791 0.3483
vn -0.3726 -0.8940 0.2490
vn -0.1974 -0.9714 0.1319
vn -0.2193 0.9714 0.0908
vn -0.4140 0.8940 0.1715
vn -0.5792 0.7791 0.2399
vn -0.7101 0.6398 0.2941
vn -0.8072 0.4865 0.3343
vn -0.8732 0.3265 0.3617
vn -0.9114 0.1637 0.3775
vn -0.9239 -0.0000 0.3827
vn -0.9114 -0.1637 0.3775
vn -0.8732 -0.3265 0.3617
vn -0.8072 -0.4865 0.3343
vn -0.7101 -0.6398 0.2941
vn -0.5792 -0.7791 0.2399
vn -0.4140 -0.8940 0.1715
vn -0.2193 -0.9714 0.0908
vn -0.2328 0.9714 0.0463
vn -0.4395 0.8940 0.0874
vn -0.6148 0.7791 0.1223
vn -0.7538 0.6398 0.1499
vn -0.8569 0.4865 0.1704
vn -0.9270 0.3265 0.1844
vn -0.9676 0.1637 0.1925
vn -0.9808 -0.0000 0.1951
vn -0.9676 -0.1637 0.1925
vn -0.9270 -0.3265 0.1844
vn -0.8569 -0.4865 0.1704
vn -0.7538 -0.6398 0.1499
vn -0.6148 -0.7791 0.1223
vn -0.4395 -0.8940 0.0874
vn -0.2328 -0.9714 0.0463
vn -0.2374 0.9714 -0.0000
vn -0.4481 0.8940 -0.0000
vn -0.6269 0.7791 -0.0000
vn -0.7686 0.6398 -0.0000
vn -0.8737 0.4865 -0.0000
vn -0.9452 0.3265 -0.0000
vn -0.9865 0.1637 -0.0000
vn -1.0000 -0.0000 -0.0000
vn -0.9865 -0.1637 -0.0000
vn -0.9452 -0.3265 -0.0000
vn -0.8737 -0.4865 -0.0000
vn -0.7686 -0.6398 -0.0000
vn -0.6269 -0.7791 -0.0000
vn -0.4481 -0.8940 -0.0000
vn -0.2374 -0.9714 -0.0000
vn -0.2328 0.9714 -0.0463
vn -0.4395 0.8940 -0.0874
vn -0.6148 0.7791 -0.1223
vn -0.7538 0.6398 -0.1499
vn -0.8569 0.4865 -0.1704
vn -0.9270 0.3265 -0.1844
vn -0.9676 0.1637 -0.1925
vn -0.9808 -0.0000 -0.1951
vn -0.9676 -0.1637 -0.1925
vn -0.9270 -0.3265 -0.1844
vn -0.8569 -0.4865 -0.1704
vn -0.7538 -0.6398 -0.1499
vn -0.6148 -0.7791 -0.1223
vn -0.4395 -0.8940 -0.0874
vn -0.2328 -0.9714 -0.0463
vn -0.2193 0.9714 -0.0908
vn -0.4140 0.8940 -0.1715
vn -0.5792 0.7791 -0.2399
vn -0.7101 0.6398 -0.2941
vn -0.8072 0.4865 -0.3343
vn -0.8732 0.3265 -0.3617
vn -0.9114 0.1637 -0.3775
vn -0.9239 -0.0000 -0.3827
vn -0.9114 -0.1637 -0.3775
vn -0.8732 -0.3265 -0.3617
vn -0.8072 -0.4865 -0.3343
vn -0.7101 -0.6398 -0.2941
vn -0.5792 -0.7791 -0.2399
vn -0.4140 -0.8940 -0.1715
vn -0.2193 -0.9714 -0.0908
vn -0.1974 0.9714 -0.1319
vn -0.3726 0.8940 -0.2490
vn -0.5212 0.7791 -0.3483
vn -0.6391 0.6398 -0.4270
vn -0.7264 0.4865 -0.4854
vn -0.7859 0.3265 -0.5251
vn -0.8202 0.1637 -0.5481
vn -0.8315 -0.0000 -0.5556
vn -0.8202 -0.1637 -0.5481
vn -0.7859 -0.3265 -0.5251
vn -0.7264 -0.4865 -0.4854
vn -0.6391 -0.6398 -0.4270
vn -0.5212 -0.7791 -0.3483
vn -0.3726 -0.8940 -0.2490
vn -0.1974 -0.9714 -0.1319
vn -0.1678 0.9714 -0.1678
vn -0.3169 0.8940 -0.3169
vn -0.4433 0.7791 -0.4433
vn -0.5435 0.6398 -0.5435
vn -0.6178 0.4865 -0.6178
vn -0.6683 0.3265 -0.6683
vn -0.6976 0.1637 -0.6976
vn -0.7071 -0.0000 -0.7071
vn -0.6976 -0.1637 -0.6976
vn -0.6683 -0.3265 -0.6683
vn -0.6178 -0.4865 -0.6178
vn -0.5435 -0.6398 -0.5435
vn -0.4433 -0.7791 -0.4433
vn -0.3169 -0.8940 -0.3169
vn -0.1678 -0.9714 -0.1678
vn -0.1319 0.9714 -0.1974
vn -0.2490 0.8940 -0.3726
vn -0.3483 0.7791 -0.5212
vn -0.4270 0.6398 -0.6391
vn -0.4854 0.4865 -0.7264
vn -0.5251 0.3265 -0.7859
vn -0.5481 0.1637 -0.8202
vn -0.5556 -0.0000 -0.8315
vn -0.5481 -0.1637 -0.8202
vn -0.5251 -0.3265 -0.7859
vn -0.4854 -0.4865 -0.7264
vn -0.4270 -0.6398 -0.6391
vn -0.3483 -0.7791 -0.5212
vn -0.2490 -0.8940 -0.3726
vn -0.1319 -0.9714 -0.1974
vn -0.0908 0.9714 -0.2193
vn -0.1715 0.8940 -0.4140
vn -0.2399 0.7791 -0.5792
vn -0.2941 0.6398 -0.7101
vn -0.3343 0.4865 -0.8072
vn -0.3617 0.3265 -0.8732
vn -0.3775 0.1637 -0.9114
vn -0.3827 -0.0000 -0.9239
vn -0.3775 -0.1637 -0.9114
vn -0.3617 -0.3265 -0.8732
vn -0.3343 -0.4865 -0.8072
vn -0.2941 -0.6398 -0.7101
vn -0.2399 -0.7791 -0.5792
vn -0.1715 -0.8940 -0.4140
vn -0.0908 -0.9714 -0.2193
vn -0.0463 0.9714 -0.2328
vn -0.0874 0.8940 -0.4395
vn -0.1223 0.7791 -0.6148
vn -0.1499 0.6398 -0.7538
vn -0.1704 0.4865 -0.8569
vn -0.1844 0.3265 -0.9270
vn -0.1925 0.1637 -0.9675
vn -0.1951 -0.0000 -0.9808
vn -0.1925 -0.1637 -0.9675
vn -0.1844 -0.3265 -0.9270
vn -0.1704 -0.4865 -0.8569
vn -0.1499 -0.6398 -0.7538
vn -0.1223 -0.7791 -0.6148
vn -0.0874 -0.8940 -0.4395
vn -0.0463 -0.9714 -0.2328
vn -0.0000 0.9714 -0.2374
vn -0.0000 0.8940 -0.4481
vn -0.0000 0.6398 -0.7686
vn -0.0000 0.3265 -0.9452
vn -0.0000 -0.3265 -0.9452
vn -0.0000 -0.6398 -0.7686
vn -0.0000 -0.7791 -0.6269
vn -0.0000 -0.8940 -0.4481
vn -0.0000 -0.9714 -0.2374
vt 0.750000 0.312500
vt 0.750000 0.375000
vt 0.718750 0.375000
vt 0.718750 0.312500
vt 0.750000 0.750000
vt 0.750000 0.812500
vt 0.718750 0.812500
vt 0.718750 0.750000
vt 0.750000 0.250000
vt 0.718750 0.250000
vt 0.750000 0.687500
vt 0.718750 0.687500
vt 0.750000 0.187500
vt 0.718750 0.187500
vt 0.750000 0.625000
vt 0.718750 0.625000
vt 0.750000 0.125000
vt 0.718750 0.125000
vt 0.750000 0.562500
vt 0.718750 0.562500
vt 0.750000 0.062500
vt 0.718750 0.062500
vt 0.750000 0.500000
vt 0.718750 0.500000
vt 0.750000 0.937500
vt 0.734375 1.000000
vt 0.718750 0.937500
vt 0.734375 0.000000
vt 0.750000 0.437500
vt 0.718750 0.437500
vt 0.750000 0.875000
vt 0.718750 0.875000
vt 0.687500 0.437500
vt 0.687500 0.375000
vt 0.687500 0.875000
vt 0.687500 0.812500
vt 0.687500 0.312500
vt 0.687500 0.750000
vt 0.687500 0.250000
vt 0.687500 0.687500
vt 0.687500 0.187500
vt 0.687500 0.625000
vt 0.687500 0.125000
vt 0.687500 0.562500
vt 0.687500 0.062500
vt 0.687500 0.500000
vt 0.703125 1.000000
vt 0.687500 0.937500
vt 0.703125 0.000000
vt 0.656250 0.187500
vt 0.656250 0.125000
vt 0.656250 0.625000
vt 0.656250 0.562500
vt 0.656250 0.062500
vt 0.656250 0.500000
vt 0.671875 1.000000
vt 0.656250 0.937500
vt 0.671875 0.000000
vt 0.656250 0.437500
vt 0.656250 0.875000
vt 0.656250 0.375000
vt 0.656250 0.812500
vt 0.656250 0.312500
vt 0.656250 0.750000
vt 0.656250 0.250000
vt 0.656250 0.687500
vt 0.625000 0.875000
vt 0.625000 0.812500
vt 0.625000 0.375000
vt 0.625000 0.312500
vt 0.625000 0.750000
vt 0.625000 0.250000
vt 0.625000 0.687500
vt 0.625000 0.187500
vt 0.625000 0.625000
vt 0.625000 0.125000
vt 0.625000 0.562500
vt 0.625000 0.062500
vt 0.625000 0.500000
vt 0.640625 1.000000
vt 0.625000 0.937500
vt 0.640625 0.000000
vt 0.625000 0.437500
vt 0.593750 0.625000
vt 0.593750 0.562500
vt 0.593750 0.125000
vt 0.593750 0.062500
vt 0.593750 0.500000
vt 0.609375 1.000000
vt 0.593750 0.937500
vt 0.609375 0.000000
vt 0.593750 0.437500
vt 0.593750 0.875000
vt 0.593750 0.375000
vt 0.593750 0.812500
vt 0.593750 0.312500
vt 0.593750 0.750000
vt 0.593750 0.250000
vt 0.593750 0.687500
vt 0.593750 0.187500
vt 0.562500 0.375000
vt 0.562500 0.312500
vt 0.562500 0.812500
vt 0.562500 0.750000
vt 0.562500 0.250000
vt 0.562500 0.687500
vt 0.562500 0.187500
vt 0.562500 0.625000
vt 0.562500 0.125000
vt 0.562500 0.562500
vt 0.562500 0.062500
vt 0.562500 0.500000
vt 0.578125 1.000000
vt 0.562500 0.937500
vt 0.578125 0.000000
vt 0.562500 0.437500
vt 0.562500 0.875000
vt 0.531250 0.125000
vt 0.531250 0.062500
vt 0.531250 0.562500
vt 0.531250 0.500000
vt 0.546875 1.000000
vt 0.531250 0.937500
vt 0.546875 0.000000
vt 0.531250 0.437500
vt 0.531250 0.875000
vt 0.531250 0.375000
vt 0.531250 0.812500
vt 0.531250 0.312500
vt 0.531250 0.750000
vt 0.531250 0.250000
vt 0.531250 0.687500
vt 0.531250 0.187500
vt 0.531250 0.625000
vt 0.500000 0.812500
vt 0.500000 0.750000
vt 0.500000 0.312500
vt 0.500000 0.250000
vt 0.500000 0.687500
vt 0.500000 0.187500
vt 0.500000 0.625000
vt 0.500000 0.125000
vt 0.500000 0.562500
vt 0.500000 0.062500
vt 0.500000 0.500000
vt 0.515625 1.000000
vt 0.500000 0.937500
vt 0.515625 0.000000
vt 0.500000 0.437500
vt 0.500000 0.875000
vt 0.500000 0.375000
vt 0.468750 0.562500
vt 0.468750 0.500000
vt 0.484375 1.000000
vt 0.468750 0.937500
vt 0.484375 0.000000
vt 0.468750 0.062500
vt 0.468750 0.437500
vt 0.468750 0.875000
vt 0.468750 0.375000
vt 0.468750 0.812500
vt 0.468750 0.312500
vt 0.468750 0.750000
vt 0.468750 0.250000
vt 0.468750 0.687500
vt 0.468750 0.187500
vt 0.468750 0.625000
vt 0.468750 0.125000
vt 0.437500 0.312500
vt 0.437500 0.250000
vt 0.437500 0.750000
vt 0.437500 0.687500
vt 0.437500 0.187500
vt 0.437500 0.625000
vt 0.437500 0.125000
vt 0.437500 0.562500
vt 0.437500 0.062500
vt 0.437500 0.500000
vt 0.453125 1.000000
vt 0.437500 0.937500
vt 0.453125 0.000000
vt 0.437500 0.437500
vt 0.437500 0.875000
vt 0.437500 0.375000
vt 0.437500 0.812500
vt 0.421875 0.000000
vt 0.406250 0.062500
vt 0.406250 0.500000
vt 0.406250 0.437500
vt 0.406250 0.937500
vt 0.406250 0.875000
vt 0.406250 0.375000
vt 0.406250 0.812500
vt 0.406250 0.312500
vt 0.406250 0.750000
vt 0.406250 0.250000
vt 0.406250 0.687500
vt 0.406250 0.187500
vt 0.406250 0.625000
vt 0.406250 0.125000
vt 0.406250 0.562500
vt 0.421875 1.000000
vt 0.375000 0.250000
vt 0.375000 0.187500
vt 0.375000 0.687500
vt 0.375000 0.625000
vt 0.375000 0.125000
vt 0.375000 0.562500
vt 0.375000 0.062500
vt 0.375000 0.500000
vt 0.390625 1.000000
vt 0.375000 0.937500
vt 0.390625 0.000000
vt 0.375000 0.437500
vt 0.375000 0.875000
vt 0.375000 0.375000
vt 0.375000 0.812500
vt 0.375000 0.312500
vt 0.375000 0.750000
vt 0.343750 0.937500
vt 0.343750 0.875000
vt 0.343750 0.437500
vt 0.343750 0.375000
vt 0.343750 0.812500
vt 0.343750 0.312500
vt 0.343750 0.750000
vt 0.343750 0.250000
vt 0.343750 0.687500
vt 0.343750 0.187500
vt 0.343750 0.625000
vt 0.343750 0.125000
vt 0.343750 0.562500
vt 0.343750 0.062500
vt 0.343750 0.500000
vt 0.359375 1.000000
vt 0.359375 0.000000
vt 0.312500 0.687500
vt 0.312500 0.625000
vt 0.312500 0.187500
vt 0.312500 0.125000
vt 0.312500 0.562500
vt 0.312500 0.062500
vt 0.312500 0.500000
vt 0.328125 1.000000
vt 0.312500 0.937500
vt 0.328125 0.000000
vt 0.312500 0.437500
vt 0.312500 0.875000
vt 0.312500 0.375000
vt 0.312500 0.812500
vt 0.312500 0.312500
vt 0.312500 0.750000
vt 0.312500 0.250000
vt 0.281250 0.437500
vt 0.281250 0.375000
vt 0.281250 0.875000
vt 0.281250 0.812500
vt 0.281250 0.312500
vt 0.281250 0.750000
vt 0.281250 0.250000
vt 0.281250 0.687500
vt 0.281250 0.187500
vt 0.281250 0.625000
vt 0.281250 0.125000
vt 0.281250 0.562500
vt 0.281250 0.062500
vt 0.281250 0.500000
vt 0.296875 1.000000
vt 0.281250 0.937500
vt 0.296875 0.000000
vt 0.250000 0.187500
vt 0.250000 0.125000
vt 0.250000 0.625000
vt 0.250000 0.562500
vt 0.250000 0.062500
vt 0.250000 0.500000
vt 0.265625 1.000000
vt 0.250000 0.937500
vt 0.265625 0.000000
vt 0.250000 0.437500
vt 0.250000 0.875000
vt 0.250000 0.375000
vt 0.250000 0.812500
vt 0.250000 0.312500
vt 0.250000 0.750000
vt 0.250000 0.250000
vt 0.250000 0.687500
vt 0.218750 0.875000
vt 0.218750 0.812500
vt 0.218750 0.375000
vt 0.218750 0.312500
vt 0.218750 0.750000
vt 0.218750 0.250000
vt 0.218750 0.687500
vt 0.218750 0.187500
vt 0.218750 0.625000
vt 0.218750 0.125000
vt 0.218750 0.562500
vt 0.218750 0.062500
vt 0.218750 0.500000
vt 0.234375 1.000000
vt 0.218750 0.937500
vt 0.234375 0.000000
vt 0.218750 0.437500
vt 0.187500 0.625000
vt 0.187500 0.562500
vt 0.187500 0.125000
vt 0.187500 0.062500
vt 0.187500 0.500000
vt 0.203125 1.000000
vt 0.187500 0.937500
vt 0.203125 0.000000
vt 0.187500 0.437500
vt 0.187500 0.875000
vt 0.187500 0.375000
vt 0.187500 0.812500
vt 0.187500 0.312500
vt 0.187500 0.750000
vt 0.187500 0.250000
vt 0.187500 0.687500
vt 0.187500 0.187500
vt 0.156250 0.375000
vt 0.156250 0.312500
vt 0.156250 0.812500
vt 0.156250 0.750000
vt 0.156250 0.250000
vt 0.156250 0.687500
vt 0.156250 0.187500
vt 0.156250 0.625000
vt 0.156250 0.125000
vt 0.156250 0.562500
vt 0.156250 0.062500
vt 0.156250 0.500000
vt 0.171875 1.000000
vt 0.156250 0.937500
vt 0.171875 0.000000
vt 0.156250 0.437500
vt 0.156250 0.875000
vt 0.125000 0.125000
vt 0.125000 0.062500
vt 0.125000 0.562500
vt 0.125000 0.500000
vt 0.140625 1.000000
vt 0.125000 0.937500
vt 0.140625 0.000000
vt 0.125000 0.437500
vt 0.125000 0.875000
vt 0.125000 0.375000
vt 0.125000 0.812500
vt 0.125000 0.312500
vt 0.125000 0.750000
vt 0.125000 0.250000
vt 0.125000 0.687500
vt 0.125000 0.187500
vt 0.125000 0.625000
vt 0.093750 0.312500
vt 0.093750 0.250000
vt 0.093750 0.750000
vt 0.093750 0.687500
vt 0.093750 0.187500
vt 0.093750 0.625000
vt 0.093750 0.125000
vt 0.093750 0.562500
vt 0.093750 0.062500
vt 0.093750 0.500000
vt 0.109375 1.000000
vt 0.093750 0.937500
vt 0.109375 0.000000
vt 0.093750 0.437500
vt 0.093750 0.875000
vt 0.093750 0.375000
vt 0.093750 0.812500
vt 0.078125 1.000000
vt 0.062500 0.937500
vt 0.078125 0.000000
vt 0.062500 0.062500
vt 0.062500 0.500000
vt 0.062500 0.437500
vt 0.062500 0.875000
vt 0.062500 0.375000
vt 0.062500 0.812500
vt 0.062500 0.312500
vt 0.062500 0.750000
vt 0.062500 0.250000
vt 0.062500 0.687500
vt 0.062500 0.187500
vt 0.062500 0.625000
vt 0.062500 0.125000
vt 0.062500 0.562500
vt 0.031250 0.750000
vt 0.031250 0.687500
vt 0.031250 0.250000
vt 0.031250 0.187500
vt 0.031250 0.625000
vt 0.031250 0.125000
vt 0.031250 0.562500
vt 0.031250 0.062500
vt 0.031250 0.500000
vt 0.046875 1.000000
vt 0.031250 0.937500
vt 0.046875 0.000000
vt 0.031250 0.437500
vt 0.031250 0.875000
vt 0.031250 0.375000
vt 0.031250 0.812500
vt 0.031250 0.312500
vt 0.000000 0.500000
vt 0.000000 0.437500
vt 0.000000 0.937500
vt 0.000000 0.875000
vt 0.000000 0.375000
vt 0.000000 0.812500
vt 0.000000 0.312500
vt 0.000000 0.750000
vt 0.000000 0.250000
vt 0.000000 0.687500
vt 0.000000 0.187500
vt 0.000000 0.625000
vt 0.000000 0.125000
vt 0.000000 0.562500
vt 0.000000 0.062500
vt 0.015625 1.000000
vt 0.015625 0.000000
vt 1.000000 0.187500
vt 1.000000 0.250000
vt 0.968750 0.250000
vt 0.968750 0.187500
vt 1.000000 0.625000
vt 1.000000 0.687500
vt 0.968750 0.687500
vt 0.968750 0.625000
vt 1.000000 0.125000
vt 0.968750 0.125000
vt 1.000000 0.562500
vt 0.968750 0.562500
vt 1.000000 0.062500
vt 0.968750 0.062500
vt 1.000000 0.500000
vt 0.968750 0.500000
vt 1.000000 0.937500
vt 0.984375 1.000000
vt 0.968750 0.937500
vt 0.984375 0.000000
vt 1.000000 0.437500
vt 0.968750 0.437500
vt 1.000000 0.875000
vt 0.968750 0.875000
vt 1.000000 0.375000
vt 0.968750 0.375000
vt 1.000000 0.812500
vt 0.968750 0.812500
vt 1.000000 0.312500
vt 0.968750 0.312500
vt 1.000000 0.750000
vt 0.968750 0.750000
vt 0.937500 0.937500
vt 0.937500 0.875000
vt 0.937500 0.437500
vt 0.937500 0.375000
vt 0.937500 0.812500
vt 0.937500 0.312500
vt 0.937500 0.750000
vt 0.937500 0.250000
vt 0.937500 0.687500
vt 0.937500 0.187500
vt 0.937500 0.625000
vt 0.937500 0.125000
vt 0.937500 0.562500
vt 0.937500 0.062500
vt 0.937500 0.500000
vt 0.953125 1.000000
vt 0.953125 0.000000
vt 0.906250 0.687500
vt 0.906250 0.625000
vt 0.906250 0.187500
vt 0.906250 0.125000
vt 0.906250 0.562500
vt 0.906250 0.062500
vt 0.906250 0.500000
vt 0.921875 1.000000
vt 0.906250 0.937500
vt 0.921875 0.000000
vt 0.906250 0.437500
vt 0.906250 0.875000
vt 0.906250 0.375000
vt 0.906250 0.812500
vt 0.906250 0.312500
vt 0.906250 0.750000
vt 0.906250 0.250000
vt 0.875000 0.437500
vt 0.875000 0.375000
vt 0.875000 0.875000
vt 0.875000 0.812500
vt 0.875000 0.312500
vt 0.875000 0.750000
vt 0.875000 0.250000
vt 0.875000 0.687500
vt 0.875000 0.187500
vt 0.875000 0.625000
vt 0.875000 0.125000
vt 0.875000 0.562500
vt 0.875000 0.062500
vt 0.875000 0.500000
vt 0.890625 1.000000
vt 0.875000 0.937500
vt 0.890625 0.000000
vt 0.843750 0.187500
vt 0.843750 0.125000
vt 0.843750 0.625000
vt 0.843750 0.562500
vt 0.843750 0.062500
vt 0.843750 0.500000
vt 0.859375 1.000000
vt 0.843750 0.937500
vt 0.859375 0.000000
vt 0.843750 0.437500
vt 0.843750 0.875000
vt 0.843750 0.375000
vt 0.843750 0.812500
vt 0.843750 0.312500
vt 0.843750 0.750000
vt 0.843750 0.250000
vt 0.843750 0.687500
vt 0.812500 0.375000
vt 0.812500 0.312500
vt 0.812500 0.812500
vt 0.812500 0.750000
vt 0.812500 0.250000
vt 0.812500 0.687500
vt 0.812500 0.187500
vt 0.812500 0.625000
vt 0.812500 0.125000
vt 0.812500 0.562500
vt 0.812500 0.062500
vt 0.812500 0.500000
vt 0.828125 1.000000
vt 0.812500 0.937500
vt 0.828125 0.000000
vt 0.812500 0.437500
vt 0.812500 0.875000
vt 0.781250 0.125000
vt 0.781250 0.062500
vt 0.781250 0.562500
vt 0.781250 0.500000
vt 0.796875 1.000000
vt 0.781250 0.937500
vt 0.796875 0.000000
vt 0.781250 0.437500
vt 0.781250 0.875000
vt 0.781250 0.375000
vt 0.781250 0.812500
vt 0.781250 0.312500
vt 0.781250 0.750000
vt 0.781250 0.250000
vt 0.781250 0.687500
vt 0.781250 0.187500
vt 0.781250 0.625000
vt 0.765625 1.000000
vt 0.765625 0.000000
s 1
f 657/580/650 1129/581/1122 667/582/660 668/583/661
f 1127/584/1120 652/585/645 660/586/653 661/587/654
f 1130/588/1123 657/580/650 668/583/661 669/589/662
f 653/590/646 1127/584/1120 661/587/654 662/591/655
f 1131/592/1124 1130/588/1123 669/589/662 670/593/663
f 1128/594/1121 653/590/646 662/591/655 663/595/656
f 1132/596/1125 1131/592/1124 670/593/663 671/597/664
f 654/598/647 1128/594/1121 663/595/656 664/599/657
f 1133/600/1126 1132/596/1125 671/597/664 672/601/665
f 655/602/648 654/598/647 664/599/657 665/603/658
f 1125/604/1118 733/605/726 658/606/651
f 959/607/952 1133/600/1126 672/601/665
f 656/608/649 655/602/648 665/603/658 666/609/659
f 1126/610/1119 1125/604/1118 658/606/651 659/611/652
f 1129/581/1122 656/608/649 666/609/659 667/582/660
f 652/585/645 1126/610/1119 659/611/652 660/586/653
f 667/582/660 666/609/659 681/612/674 682/613/675
f 660/586/653 659/611/652 674/614/667 675/615/668
f 668/583/661 667/582/660 682/613/675 683/616/676
f 661/587/654 660/586/653 675/615/668 676/617/669
f 669/589/662 668/583/661 683/616/676 684/618/677
f 662/591/655 661/587/654 676/617/669 677/619/670
f 670/593/663 669/589/662 684/618/677 685/620/678
f 663/595/656 662/591/655 677/619/670 678/621/671
f 671/597/664 670/593/663 685/620/678 686/622/679
f 664/599/657 663/595/656 678/621/671 679/623/672
f 672/601/665 671/597/664 686/622/679 687/624/680
f 665/603/658 664/599/657 679/623/672 680/625/673
f 658/606/651 733/626/726 673/627/666
f 959/628/952 672/601/665 687/624/680
f 666/609/659 665/603/658 680/625/673 681/612/674
f 659/611/652 658/606/651 673/627/666 674/614/667
f 686/622/679 685/620/678 700/629/693 701/630/694
f 679/623/672 678/621/671 693/631/686 694/632/687
f 687/624/680 686/622/679 701/630/694 702/633/695
f 680/625/673 679/623/672 694/632/687 695/634/688
f 673/627/666 733/635/726 688/636/681
f 959/637/952 687/624/680 702/633/695
f 681/612/674 680/625/673 695/634/688 696/638/689
f 674/614/667 673/627/666 688/636/681 689/639/682
f 682/613/675 681/612/674 696/638/689 697/640/690
f 675/615/668 674/614/667 689/639/682 690/641/683
f 683/616/676 682/613/675 697/640/690 698/642/691
f 676/617/669 675/615/668 690/641/683 691/643/684
f 684/618/677 683/616/676 698/642/691 699/644/692
f 677/619/670 676/617/669 691/643/684 692/645/685
f 685/620/678 684/618/677 699/644/692 700/629/693
f 678/621/671 677/619/670 692/645/685 693/631/686
f 690/641/683 689/639/682 704/646/697 705/647/698
f 698/642/691 697/640/690 712/648/705 713/649/706
f 691/643/684 690/641/683 705/647/698 706/650/699
f 699/644/692 698/642/691 713/649/706 714/651/707
f 692/645/685 691/643/684 706/650/699 707/652/700
f 700/629/693 699/644/692 714/651/707 715/653/708
f 693/631/686 692/645/685 707/652/700 708/654/701
f 701/630/694 700/629/693 715/653/708 716/655/709
f 694/632/687 693/631/686 708/654/701 709/656/702
f 702/633/695 701/630/694 716/655/709 717/657/710
f 695/634/688 694/632/687 709/656/702 710/658/703
f 688/636/681 733/659/726 703/660/696
f 959/661/952 702/633/695 717/657/710
f 696/638/689 695/634/688 710/658/703 711/662/704
f 689/639/682 688/636/681 703/660/696 704/646/697
f 697/640/690 696/638/689 711/662/704 712/648/705
f 709/656/702 708/654/701 723/663/716 724/664/717
f 717/657/710 716/655/709 731/665/724 732/666/725
f 710/658/703 709/656/702 724/664/717 725/667/718
f 703/660/696 733/668/726 718/669/711
f 959/670/952 717/657/710 732/666/725
f 711/662/704 710/658/703 725/667/718 726/671/719
f 704/646/697 703/660/696 718/669/711 719/672/712
f 712/648/705 711/662/704 726/671/719 727/673/720
f 705/647/698 704/646/697 719/672/712 720/674/713
f 713/649/706 712/648/705 727/673/720 728/675/721
f 706/650/699 705/647/698 720/674/713 721/676/714
f 714/651/707 713/649/706 728/675/721 729/677/722
f 707/652/700 706/650/699 721/676/714 722/678/715
f 715/653/708 714/651/707 729/677/722 730/679/723
f 708/654/701 707/652/700 722/678/715 723/663/716
f 716/655/709 715/653/708 730/679/723 731/665/724
f 728/675/721 727/673/720 743/680/736 744/681/737
f 721/676/714 720/674/713 736/682/729 737/683/730
f 729/677/722 728/675/721 744/681/737 745/684/738
f 722/678/715 721/676/714 737/683/730 738/685/731
f 730/679/723 729/677/722 745/684/738 746/686/739
f 723/663/716 722/678/715 738/685/731 739/687/732
f 731/665/724 730/679/723 746/686/739 747/688/740
f 724/664/717 723/663/716 739/687/732 740/689/733
f 732/666/725 731/665/724 747/688/740 748/690/741
f 725/667/718 724/664/717 740/689/733 741/691/734
f 718/669/711 733/692/726 734/693/727
f 959/694/952 732/666/725 748/690/741
f 726/671/719 725/667/718 741/691/734 742/695/735
f 719/672/712 718/669/711 734/693/727 735/696/728
f 727/673/720 726/671/719 742/695/735 743/680/736
f 720/674/713 719/672/712 735/696/728 736/682/729
f 748/690/741 747/688/740 762/697/755 763/698/756
f 741/691/734 740/689/733 755/699/748 756/700/749
f 734/693/727 733/701/726 749/702/742
f 959/703/952 748/690/741 763/698/756
f 742/695/735 741/691/734 756/700/749 757/704/750
f 735/696/728 734/693/727 749/702/742 750/705/743
f 743/680/736 742/695/735 757/704/750 758/706/751
f 736/682/729 735/696/728 750/705/743 751/707/744
f 744/681/737 743/680/736 758/706/751 759/708/752
f 737/683/730 736/682/729 751/707/744 752/709/745
f 745/684/738 744/681/737 759/708/752 760/710/753
f 738/685/731 737/683/730 752/709/745 753/711/746
f 746/686/739 745/684/738 760/710/753 761/712/754
f 739/687/732 738/685/731 753/711/746 754/713/747
f 747/688/740 746/686/739 761/712/754 762/697/755
f 740/689/733 739/687/732 754/713/747 755/699/748
f 752/709/745 751/707/744 766/714/759 767/715/760
f 760/710/753 759/708/752 774/716/767 775/717/768
f 753/711/746 752/709/745 767/715/760 768/718/761
f 761/712/754 760/710/753 775/717/768 776/719/769
f 754/713/747 753/711/746 768/718/761 769/720/762
f 762/697/755 761/712/754 776/719/769 777/721/770
f 755/699/748 754/713/747 769/720/762 770/722/763
f 763/698/756 762/697/755 777/721/770 778/723/771
f 756/700/749 755/699/748 770/722/763 771/724/764
f 749/702/742 733/725/726 764/726/757
f 959/727/952 763/698/756 778/723/771
f 757/704/750 756/700/749 771/724/764 772/728/765
f 750/705/743 749/702/742 764/726/757 765/729/758
f 758/706/751 757/704/750 772/728/765 773/730/766
f 751/707/744 750/705/743 765/729/758 766/714/759
f 759/708/752 758/706/751 773/730/766 774/716/767
f 771/724/764 770/722/763 785/731/778 786/732/779
f 764/726/757 733/733/726 779/734/772
f 959/735/952 778/723/771 793/736/786
f 772/728/765 771/724/764 786/732/779 787/737/780
f 765/729/758 764/726/757 779/734/772 780/738/773
f 773/730/766 772/728/765 787/737/780 788/739/781
f 766/714/759 765/729/758 780/738/773 781/740/774
f 774/716/767 773/730/766 788/739/781 789/741/782
f 767/715/760 766/714/759 781/740/774 782/742/775
f 775/717/768 774/716/767 789/741/782 790/743/783
f 768/718/761 767/715/760 782/742/775 783/744/776
f 776/719/769 775/717/768 790/743/783 791/745/784
f 769/720/762 768/718/761 783/744/776 784/746/777
f 777/721/770 776/719/769 791/745/784 792/747/785
f 770/722/763 769/720/762 784/746/777 785/731/778
f 778/723/771 777/721/770 792/747/785 793/736/786
f 790/743/783 789/741/782 804/748/797 805/749/798
f 783/744/776 782/742/775 797/750/790 798/751/791
f 791/745/784 790/743/783 805/749/798 806/752/799
f 784/746/777 783/744/776 798/751/791 799/753/792
f 792/747/785 791/745/784 806/752/799 807/754/800
f 785/731/778 784/746/777 799/753/792 800/755/793
f 793/736/786 792/747/785 807/754/800 808/756/801
f 786/732/779 785/731/778 800/755/793 801/757/794
f 779/734/772 733/758/726 794/759/787
f 959/760/952 793/736/786 808/756/801
f 787/737/780 786/732/779 801/757/794 802/761/795
f 780/738/773 779/734/772 794/759/787 795/762/788
f 788/739/781 787/737/780 802/761/795 803/763/796
f 781/740/774 780/738/773 795/762/788 796/764/789
f 789/741/782 788/739/781 803/763/796 804/748/797
f 782/742/775 781/740/774 796/764/789 797/750/790
f 959/765/952 808/756/801 823/766/816
f 802/761/795 801/757/794 816/767/809 817/768/810
f 795/762/788 794/759/787 809/769/802 810/770/803
f 803/763/796 802/761/795 817/768/810 818/771/811
f 796/764/789 795/762/788 810/770/803 811/772/804
f 804/748/797 803/763/796 818/771/811 819/773/812
f 797/750/790 796/764/789 811/772/804 812/774/805
f 805/749/798 804/748/797 819/773/812 820/775/813
f 798/751/791 797/750/790 812/774/805 813/776/806
f 806/752/799 805/749/798 820/775/813 821/777/814
f 799/753/792 798/751/791 813/776/806 814/778/807
f 807/754/800 806/752/799 821/777/814 822/779/815
f 800/755/793 799/753/792 814/778/807 815/780/808
f 808/756/801 807/754/800 822/779/815 823/766/816
f 801/757/794 800/755/793 815/780/808 816/767/809
f 794/759/787 733/781/726 809/769/802
f 821/777/814 820/775/813 835/782/828 836/783/829
f 814/778/807 813/776/806 828/784/821 829/785/822
f 822/779/815 821/777/814 836/783/829 837/786/830
f 815/780/808 814/778/807 829/785/822 830/787/823
f 823/766/816 822/779/815 837/786/830 838/788/831
f 816/767/809 815/780/808 830/787/823 831/789/824
f 809/769/802 733/790/726 824/791/817
f 959/792/952 823/766/816 838/788/831
f 817/768/810 816/767/809 831/789/824 832/793/825
f 810/770/803 809/769/802 824/791/817 825/794/818
f 818/771/811 817/768/810 832/793/825 833/795/826
f 811/772/804 810/770/803 825/794/818 826/796/819
f 819/773/812 818/771/811 833/795/826 834/797/827
f 812/774/805 811/772/804 826/796/819 827/798/820
f 820/775/813 819/773/812 834/797/827 835/782/828
f 813/776/806 812/774/805 827/798/820 828/784/821
f 825/794/818 824/791/817 839/799/832 840/800/833
f 833/795/826 832/793/825 847/801/840 848/802/841
f 826/796/819 825/794/818 840/800/833 841/803/834
f 834/797/827 833/795/826 848/802/841 849/804/842
f 827/798/820 826/796/819 841/803/834 842/805/835
f 835/782/828 834/797/827 849/804/842 850/806/843
f 828/784/821 827/798/820 842/805/835 843/807/836
f 836/783/829 835/782/828 850/806/843 851/808/844
f 829/785/822 828/784/821 843/807/836 844/809/837
f 837/786/830 836/783/829 851/808/844 852/810/845
f 830/787/823 829/785/822 844/809/837 845/811/838
f 838/788/831 837/786/830 852/810/845 853/812/846
f 831/789/824 830/787/823 845/811/838 846/813/839
f 824/791/817 733/814/726 839/799/832
f 959/815/952 838/788/831 853/812/846
f 832/793/825 831/789/824 846/813/839 847/801/840
f 844/809/837 843/807/836 858/816/851 859/817/852
f 852/810/845 851/808/844 866/818/859 867/819/860
f 845/811/838 844/809/837 859/817/852 860/820/853
f 853/812/846 852/810/845 867/819/860 868/821/861
f 846/813/839 845/811/838 860/820/853 861/822/854
f 839/799/832 733/823/726 854/824/847
f 959/825/952 853/812/846 868/821/861
f 847/801/840 846/813/839 861/822/854 862/826/855
f 840/800/833 839/799/832 854/824/847 855/827/848
f 848/802/841 847/801/840 862/826/855 863/828/856
f 841/803/834 840/800/833 855/827/848 856/829/849
f 849/804/842 848/802/841 863/828/856 864/830/857
f 842/805/835 841/803/834 856/829/849 857/831/850
f 850/806/843 849/804/842 864/830/857 865/832/858
f 843/807/836 842/805/835 857/831/850 858/816/851
f 851/808/844 850/806/843 865/832/858 866/818/859
f 863/828/856 862/826/855 877/833/870 878/834/871
f 856/829/849 855/827/848 870/835/863 871/836/864
f 864/830/857 863/828/856 878/834/871 879/837/872
f 857/831/850 856/829/849 871/836/864 872/838/865
f 865/832/858 864/830/857 879/837/872 880/839/873
f 858/816/851 857/831/850 872/838/865 873/840/866
f 866/818/859 865/832/858 880/839/873 881/841/874
f 859/817/852 858/816/851 873/840/866 874/842/867
f 867/819/860 866/818/859 881/841/874 882/843/875
f 860/820/853 859/817/852 874/842/867 875/844/868
f 868/821/861 867/819/860 882/843/875 883/845/876
f 861/822/854 860/820/853 875/844/868 876/846/869
f 854/824/847 733/847/726 869/848/862
f 959/849/952 868/821/861 883/845/876
f 862/826/855 861/822/854 876/846/869 877/833/870
f 855/827/848 854/824/847 869/848/862 870/835/863
f 882/843/875 881/841/874 896/850/889 897/851/890
f 875/844/868 874/842/867 889/852/882 890/853/883
f 883/845/876 882/843/875 897/851/890 898/854/891
f 876/846/869 875/844/868 890/853/883 891/855/884
f 869/848/862 733/856/726 884/857/877
f 959/858/952 883/845/876 898/854/891
f 877/833/870 876/846/869 891/855/884 892/859/885
f 870/835/863 869/848/862 884/857/877 885/860/878
f 878/834/871 877/833/870 892/859/885 893/861/886
f 871/836/864 870/835/863 885/860/878 886/862/879
f 879/837/872 878/834/871 893/861/886 894/863/887
f 872/838/865 871/836/864 886/862/879 887/864/880
f 880/839/873 879/837/872 894/863/887 895/865/888
f 873/840/866 872/838/865 887/864/880 888/866/881
f 881/841/874 880/839/873 895/865/888 896/850/889
f 874/842/867 873/840/866 888/866/881 889/852/882
f 886/862/879 885/860/878 900/867/893 901/868/894
f 894/863/887 893/861/886 908/869/901 909/870/902
f 887/864/880 886/862/879 901/868/894 902/871/895
f 895/865/888 894/863/887 909/870/902 910/872/903
f 888/866/881 887/864/880 902/871/895 903/873/896
f 896/850/889 895/865/888 910/872/903 911/874/904
f 889/852/882 888/866/881 903/873/896 904/875/897
f 897/851/890 896/850/889 911/874/904 912/876/905
f 890/853/883 889/852/882 904/875/897 905/877/898
f 898/854/891 897/851/890 912/876/905 913/878/906
f 891/855/884 890/853/883 905/877/898 906/879/899
f 884/857/877 733/880/726 899/881/892
f 959/882/952 898/854/891 913/878/906
f 892/859/885 891/855/884 906/879/899 907/883/900
f 885/860/878 884/857/877 899/881/892 900/867/893
f 893/861/886 892/859/885 907/883/900 908/869/901
f 905/877/898 904/875/897 919/884/912 920/885/913
f 913/878/906 912/876/905 927/886/920 928/887/921
f 906/879/899 905/877/898 920/885/913 921/888/914
f 899/881/892 733/889/726 914/890/907
f 959/891/952 913/878/906 928/887/921
f 907/883/900 906/879/899 921/888/914 922/892/915
f 900/867/893 899/881/892 914/890/907 915/893/908
f 908/869/901 907/883/900 922/892/915 923/894/916
f 901/868/894 900/867/893 915/893/908 916/895/909
f 909/870/902 908/869/901 923/894/916 924/896/917
f 902/871/895 901/868/894 916/895/909 917/897/910
f 910/872/903 909/870/902 924/896/917 925/898/918
f 903/873/896 902/871/895 917/897/910 918/899/911
f 911/874/904 910/872/903 925/898/918 926/900/919
f 904/875/897 903/873/896 918/899/911 919/884/912
f 912/876/905 911/874/904 926/900/919 927/886/920
f 924/896/917 923/894/916 938/901/931 939/902/932
f 917/897/910 916/895/909 931/903/924 932/904/925
f 925/898/918 924/896/917 939/902/932 940/905/933
f 918/899/911 917/897/910 932/904/925 933/906/926
f 926/900/919 925/898/918 940/905/933 941/907/934
f 919/884/912 918/899/911 933/906/926 934/908/927
f 927/886/920 926/900/919 941/907/934 942/909/935
f 920/885/913 919/884/912 934/908/927 935/910/928
f 928/887/921 927/886/920 942/909/935 943/911/936
f 921/888/914 920/885/913 935/910/928 936/912/929
f 914/890/907 733/913/726 929/914/922
f 959/915/952 928/887/921 943/911/936
f 922/892/915 921/888/914 936/912/929 937/916/930
f 915/893/908 914/890/907 929/914/922 930/917/923
f 923/894/916 922/892/915 937/916/930 938/901/931
f 916/895/909 915/893/908 930/917/923 931/903/924
f 943/911/936 942/909/935 957/918/950 958/919/951
f 936/912/929 935/910/928 950/920/943 951/921/944
f 929/914/922 733/922/726 944/923/937
f 959/924/952 943/911/936 958/919/951
f 937/916/930 936/912/929 951/921/944 952/925/945
f 930/917/923 929/914/922 944/923/937 945/926/938
f 938/901/931 937/916/930 952/925/945 953/927/946
f 931/903/924 930/917/923 945/926/938 946/928/939
f 939/902/932 938/901/931 953/927/946 954/929/947
f 932/904/925 931/903/924 946/928/939 947/930/940
f 940/905/933 939/902/932 954/929/947 955/931/948
f 933/906/926 932/904/925 947/930/940 948/932/941
f 941/907/934 940/905/933 955/931/948 956/933/949
f 934/908/927 933/906/926 948/932/941 949/934/942
f 942/909/935 941/907/934 956/933/949 957/918/950
f 935/910/928 934/908/927 949/934/942 950/920/943
f 955/931/948 954/929/947 970/935/963 971/936/964
f 948/932/941 947/930/940 963/937/956 964/938/957
f 956/933/949 955/931/948 971/936/964 972/939/965
f 949/934/942 948/932/941 964/938/957 965/940/958
f 957/918/950 956/933/949 972/939/965 973/941/966
f 950/920/943 949/934/942 965/940/958 966/942/959
f 958/919/951 957/918/950 973/941/966 974/943/967
f 951/921/944 950/920/943 966/942/959 967/944/960
f 944/923/937 733/945/726 960/946/953
f 959/947/952 958/919/951 974/943/967
f 952/925/945 951/921/944 967/944/960 968/948/961
f 945/926/938 944/923/937 960/946/953 961/949/954
f 953/927/946 952/925/945 968/948/961 969/950/962
f 946/928/939 945/926/938 961/949/954 962/951/955
f 954/929/947 953/927/946 969/950/962 970/935/963
f 947/930/940 946/928/939 962/951/955 963/937/956
f 960/946/953 733/952/726 975/953/968
f 959/954/952 974/943/967 989/955/982
f 968/948/961 967/944/960 982/956/975 983/957/976
f 961/949/954 960/946/953 975/953/968 976/958/969
f 969/950/962 968/948/961 983/957/976 984/959/977
f 962/951/955 961/949/954 976/958/969 977/960/970
f 970/935/963 969/950/962 984/959/977 985/961/978
f 963/937/956 962/951/955 977/960/970 978/962/971
f 971/936/964 970/935/963 985/961/978 986/963/979
f 964/938/957 963/937/956 978/962/971 979/964/972
f 972/939/965 971/936/964 986/963/979 987/965/980
f 965/940/958 964/938/957 979/964/972 980/966/973
f 973/941/966 972/939/965 987/965/980 988/967/981
f 966/942/959 965/940/958 980/966/973 981/968/974
f 974/943/967 973/941/966 988/967/981 989/955/982
f 967/944/960 966/942/959 981/968/974 982/956/975
f 979/964/972 978/962/971 993/969/986 994/970/987
f 987/965/980 986/963/979 1001/971/994 1002/972/995
f 980/966/973 979/964/972 994/970/987 995/973/988
f 988/967/981 987/965/980 1002/972/995 1003/974/996
f 981/968/974 980/966/973 995/973/988 996/975/989
f 989/955/982 988/967/981 1003/974/996 1004/976/997
f 982/956/975 981/968/974 996/975/989 997/977/990
f 975/953/968 733/978/726 990/979/983
f 959/980/952 989/955/982 1004/976/997
f 983/957/976 982/956/975 997/977/990 998/981/991
f 976/958/969 975/953/968 990/979/983 991/982/984
f 984/959/977 983/957/976 998/981/991 999/983/992
f 977/960/970 976/958/969 991/982/984 992/984/985
f 985/961/978 984/959/977 999/983/992 1000/985/993
f 978/962/971 977/960/970 992/984/985 993/969/986
f 986/963/979 985/961/978 1000/985/993 1001/971/994
f 998/981/991 997/977/990 1012/986/1005 1013/987/1006
f 991/982/984 990/979/983 1005/988/998 1006/989/999
f 999/983/992 998/981/991 1013/987/1006 1014/990/1007
f 992/984/985 991/982/984 1006/989/999 1007/991/1000
f 1000/985/993 999/983/992 1014/990/1007 1015/992/1008
f 993/969/986 992/984/985 1007/991/1000 1008/993/1001
f 1001/971/994 1000/985/993 1015/992/1008 1016/994/1009
f 994/970/987 993/969/986 1008/993/1001 1009/995/1002
f 1002/972/995 1001/971/994 1016/994/1009 1017/996/1010
f 995/973/988 994/970/987 1009/995/1002 1010/997/1003
f 1003/974/996 1002/972/995 1017/996/1010 1018/998/1011
f 996/975/989 995/973/988 1010/997/1003 1011/999/1004
f 1004/976/997 1003/974/996 1018/998/1011 1019/1000/1012
f 997/977/990 996/975/989 1011/999/1004 1012/986/1005
f 990/979/983 733/1001/726 1005/988/998
f 959/1002/952 1004/976/997 1019/1000/1012
f 1017/1003/1010 1016/1004/1009 1031/1005/1024 1032/1006/1025
f 1010/1007/1003 1009/1008/1002 1024/1009/1017 1025/1010/1018
f 1018/1011/1011 1017/1003/1010 1032/1006/1025 1033/1012/1026
f 1011/1013/1004 1010/1007/1003 1025/1010/1018 1026/1014/1019
f 1019/1015/1012 1018/1011/1011 1033/1012/1026 1034/1016/1027
f 1012/1017/1005 1011/1013/1004 1026/1014/1019 1027/1018/1020
f 1005/1019/998 733/1020/726 1020/1021/1013
f 959/1022/952 1019/1015/1012 1034/1016/1027
f 1013/1023/1006 1012/1017/1005 1027/1018/1020 1028/1024/1021
f 1006/1025/999 1005/1019/998 1020/1021/1013 1021/1026/1014
f 1014/1027/1007 1013/1023/1006 1028/1024/1021 1029/1028/1022
f 1007/1029/1000 1006/1025/999 1021/1026/1014 1022/1030/1015
f 1015/1031/1008 1014/1027/1007 1029/1028/1022 1030/1032/1023
f 1008/1033/1001 1007/1029/1000 1022/1030/1015 1023/1034/1016
f 1016/1004/1009 1015/1031/1008 1030/1032/1023 1031/1005/1024
f 1009/1008/1002 1008/1033/1001 1023/1034/1016 1024/1009/1017
f 1021/1026/1014 1020/1021/1013 1035/1035/1028 1036/1036/1029
f 1029/1028/1022 1028/1024/1021 1043/1037/1036 1044/1038/1037
f 1022/1030/1015 1021/1026/1014 1036/1036/1029 1037/1039/1030
f 1030/1032/1023 1029/1028/1022 1044/1038/1037 1045/1040/1038
f 1023/1034/1016 1022/1030/1015 1037/1039/1030 1038/1041/1031
f 1031/1005/1024 1030/1032/1023 1045/1040/1038 1046/1042/1039
f 1024/1009/1017 1023/1034/1016 1038/1041/1031 1039/1043/1032
f 1032/1006/1025 1031/1005/1024 1046/1042/1039 1047/1044/1040
f 1025/1010/1018 1024/1009/1017 1039/1043/1032 1040/1045/1033
f 1033/1012/1026 1032/1006/1025 1047/1044/1040 1048/1046/1041
f 1026/1014/1019 1025/1010/1018 1040/1045/1033 1041/1047/1034
f 1034/1016/1027 1033/1012/1026 1048/1046/1041 1049/1048/1042
f 1027/1018/1020 1026/1014/1019 1041/1047/1034 1042/1049/1035
f 1020/1021/1013 733/1050/726 1035/1035/1028
f 959/1051/952 1034/1016/1027 1049/1048/1042
f 1028/1024/1021 1027/1018/1020 1042/1049/1035 1043/1037/1036
f 1040/1045/1033 1039/1043/1032 1054/1052/1047 1055/1053/1048
f 1048/1046/1041 1047/1044/1040 1062/1054/1055 1063/1055/1056
f 1041/1047/1034 1040/1045/1033 1055/1053/1048 1056/1056/1049
f 1049/1048/1042 1048/1046/1041 1063/1055/1056 1064/1057/1057
f 1042/1049/1035 1041/1047/1034 1056/1056/1049 1057/1058/1050
f 1035/1035/1028 733/1059/726 1050/1060/1043
f 959/1061/952 1049/1048/1042 1064/1057/1057
f 1043/1037/1036 1042/1049/1035 1057/1058/1050 1058/1062/1051
f 1036/1036/1029 1035/1035/1028 1050/1060/1043 1051/1063/1044
f 1044/1038/1037 1043/1037/1036 1058/1062/1051 1059/1064/1052
f 1037/1039/1030 1036/1036/1029 1051/1063/1044 1052/1065/1045
f 1045/1040/1038 1044/1038/1037 1059/1064/1052 1060/1066/1053
f 1038/1041/1031 1037/1039/1030 1052/1065/1045 1053/1067/1046
f 1046/1042/1039 1045/1040/1038 1060/1066/1053 1061/1068/1054
f 1039/1043/1032 1038/1041/1031 1053/1067/1046 1054/1052/1047
f 1047/1044/1040 1046/1042/1039 1061/1068/1054 1062/1054/1055
f 1059/1064/1052 1058/1062/1051 1073/1069/1066 1074/1070/1067
f 1052/1065/1045 1051/1063/1044 1066/1071/1059 1067/1072/1060
f 1060/1066/1053 1059/1064/1052 1074/1070/1067 1075/1073/1068
f 1053/1067/1046 1052/1065/1045 1067/1072/1060 1068/1074/1061
f 1061/1068/1054 1060/1066/1053 1075/1073/1068 1076/1075/1069
f 1054/1052/1047 1053/1067/1046 1068/1074/1061 1069/1076/1062
f 1062/1054/1055 1061/1068/1054 1076/1075/1069 1077/1077/1070
f 1055/1053/1048 1054/1052/1047 1069/1076/1062 1070/1078/1063
f 1063/1055/1056 1062/1054/1055 1077/1077/1070 1078/1079/1071
f 1056/1056/1049 1055/1053/1048 1070/1078/1063 1071/1080/1064
f 1064/1057/1057 1063/1055/1056 1078/1079/1071 1079/1081/1072
f 1057/1058/1050 1056/1056/1049 1071/1080/1064 1072/1082/1065
f 1050/1060/1043 733/1083/726 1065/1084/1058
f 959/1085/952 1064/1057/1057 1079/1081/1072
f 1058/1062/1051 1057/1058/1050 1072/1082/1065 1073/1069/1066
f 1051/1063/1044 1050/1060/1043 1065/1084/1058 1066/1071/1059
f 1078/1079/1071 1077/1077/1070 1092/1086/1085 1093/1087/1086
f 1071/1080/1064 1070/1078/1063 1085/1088/1078 1086/1089/1079
f 1079/1081/1072 1078/1079/1071 1093/1087/1086 1094/1090/1087
f 1072/1082/1065 1071/1080/1064 1086/1089/1079 1087/1091/1080
f 1065/1084/1058 733/1092/726 1080/1093/1073
f 959/1094/952 1079/1081/1072 1094/1090/1087
f 1073/1069/1066 1072/1082/1065 1087/1091/1080 1088/1095/1081
f 1066/1071/1059 1065/1084/1058 1080/1093/1073 1081/1096/1074
f 1074/1070/1067 1073/1069/1066 1088/1095/1081 1089/1097/1082
f 1067/1072/1060 1066/1071/1059 1081/1096/1074 1082/1098/1075
f 1075/1073/1068 1074/1070/1067 1089/1097/1082 1090/1099/1083
f 1068/1074/1061 1067/1072/1060 1082/1098/1075 1083/1100/1076
f 1076/1075/1069 1075/1073/1068 1090/1099/1083 1091/1101/1084
f 1069/1076/1062 1068/1074/1061 1083/1100/1076 1084/1102/1077
f 1077/1077/1070 1076/1075/1069 1091/1101/1084 1092/1086/1085
f 1070/1078/1063 1069/1076/1062 1084/1102/1077 1085/1088/1078
f 1090/1099/1083 1089/1097/1082 1104/1103/1097 1105/1104/1098
f 1083/1100/1076 1082/1098/1075 1097/1105/1090 1098/1106/1091
f 1091/1101/1084 1090/1099/1083 1105/1104/1098 1106/1107/1099
f 1084/1102/1077 1083/1100/1076 1098/1106/1091 1099/1108/1092
f 1092/1086/1085 1091/1101/1084 1106/1107/1099 1107/1109/1100
f 1085/1088/1078 1084/1102/1077 1099/1108/1092 1100/1110/1093
f 1093/1087/1086 1092/1086/1085 1107/1109/1100 1108/1111/1101
f 1086/1089/1079 1085/1088/1078 1100/1110/1093 1101/1112/1094
f 1094/1090/1087 1093/1087/1086 1108/1111/1101 1109/1113/1102
f 1087/1091/1080 1086/1089/1079 1101/1112/1094 1102/1114/1095
f 1080/1093/1073 733/1115/726 1095/1116/1088
f 959/1117/952 1094/1090/1087 1109/1113/1102
f 1088/1095/1081 1087/1091/1080 1102/1114/1095 1103/1118/1096
f 1081/1096/1074 1080/1093/1073 1095/1116/1088 1096/1119/1089
f 1089/1097/1082 1088/1095/1081 1103/1118/1096 1104/1103/1097
f 1082/1098/1075 1081/1096/1074 1096/1119/1089 1097/1105/1090
f 1109/1113/1102 1108/1111/1101 1123/1120/1116 1124/1121/1117
f 1102/1114/1095 1101/1112/1094 1116/1122/1109 1117/1123/1110
f 1095/1116/1088 733/1124/726 1110/1125/1103
f 959/1126/952 1109/1113/1102 1124/1121/1117
f 1103/1118/1096 1102/1114/1095 1117/1123/1110 1118/1127/1111
f 1096/1119/1089 1095/1116/1088 1110/1125/1103 1111/1128/1104
f 1104/1103/1097 1103/1118/1096 1118/1127/1111 1119/1129/1112
f 1097/1105/1090 1096/1119/1089 1111/1128/1104 1112/1130/1105
f 1105/1104/1098 1104/1103/1097 1119/1129/1112 1120/1131/1113
f 1098/1106/1091 1097/1105/1090 1112/1130/1105 1113/1132/1106
f 1106/1107/1099 1105/1104/1098 1120/1131/1113 1121/1133/1114
f 1099/1108/1092 1098/1106/1091 1113/1132/1106 1114/1134/1107
f 1107/1109/1100 1106/1107/1099 1121/1133/1114 1122/1135/1115
f 1100/1110/1093 1099/1108/1092 1114/1134/1107 1115/1136/1108
f 1108/1111/1101 1107/1109/1100 1122/1135/1115 1123/1120/1116
f 1101/1112/1094 1100/1110/1093 1115/1136/1108 1116/1122/1109
f 1113/1132/1106 1112/1130/1105 652/585/645 1127/584/1120
f 1121/1133/1114 1120/1131/1113 657/580/650 1130/588/1123
f 1114/1134/1107 1113/1132/1106 1127/584/1120 653/590/646
f 1122/1135/1115 1121/1133/1114 1130/588/1123 1131/592/1124
f 1115/1136/1108 1114/1134/1107 653/590/646 1128/594/1121
f 1123/1120/1116 1122/1135/1115 1131/592/1124 1132/596/1125
f 1116/1122/1109 1115/1136/1108 1128/594/1121 654/598/647
f 1124/1121/1117 1123/1120/1116 1132/596/1125 1133/600/1126
f 1117/1123/1110 1116/1122/1109 654/598/647 655/602/648
f 1110/1125/1103 733/1137/726 1125/604/1118
f 959/1138/952 1124/1121/1117 1133/600/1126
f 1118/1127/1111 1117/1123/1110 655/602/648 656/608/649
f 1111/1128/1104 1110/1125/1103 1125/604/1118 1126/610/1119
f 1119/1129/1112 1118/1127/1111 656/608/649 1129/581/1122
f 1112/1130/1105 1111/1128/1104 1126/610/1119 652/585/645
f 1120/1131/1113 1119/1129/1112 1129/581/1122 657/580/650
o Sphere.002
v 0.272903 -1.731954 -2.030579
v 0.272903 -1.778602 -2.077227
v 0.272903 -1.839551 -2.102473
v 0.272903 -1.872536 -2.105722
v 0.272903 -1.905522 -2.102473
v 0.272903 -1.966471 -2.077227
v 0.279338 -1.706708 -1.968996
v 0.285526 -1.716329 -2.000104
v 0.291229 -1.731954 -2.028774
v 0.296227 -1.752981 -2.053903
v 0.300329 -1.778602 -2.074526
v 0.303377 -1.807833 -2.089850
v 0.305254 -1.839551 -2.099287
v 0.305888 -1.872536 -2.102473
v 0.305254 -1.905522 -2.099287
v 0.303377 -1.937240 -2.089850
v 0.300329 -1.966471 -2.074526
v 0.296227 -1.992092 -2.053903
v 0.291229 -2.013119 -2.028774
v 0.285526 -2.028744 -2.000104
v 0.279338 -2.038365 -1.968996
v 0.285526 -1.706708 -1.967119
v 0.297664 -1.716329 -1.996423
v 0.308850 -1.731954 -2.023429
v 0.318655 -1.752981 -2.047100
v 0.326702 -1.778602 -2.066526
v 0.332681 -1.807833 -2.080961
v 0.336363 -1.839551 -2.089850
v 0.337606 -1.872536 -2.092852
v 0.336363 -1.905522 -2.089850
v 0.332681 -1.937240 -2.080961
v 0.326702 -1.966471 -2.066526
v 0.318655 -1.992092 -2.047100
v 0.308850 -2.013119 -2.023429
v 0.297664 -2.028744 -1.996423
v 0.285526 -2.038365 -1.967119
v 0.291229 -1.706708 -1.964071
v 0.308850 -1.716329 -1.990443
v 0.325090 -1.731954 -2.014748
v 0.339325 -1.752981 -2.036052
v 0.351006 -1.778602 -2.053535
v 0.359687 -1.807833 -2.066526
v 0.365032 -1.839551 -2.074526
v 0.366837 -1.872536 -2.077227
v 0.365032 -1.905522 -2.074526
v 0.359687 -1.937240 -2.066526
v 0.351006 -1.966471 -2.053535
v 0.339325 -1.992092 -2.036052
v 0.325090 -2.013119 -2.014748
v 0.308850 -2.028744 -1.990443
v 0.291229 -2.038365 -1.964071
v 0.296227 -1.706708 -1.959969
v 0.318655 -1.716329 -1.982397
v 0.339325 -1.731954 -2.003066
v 0.357442 -1.752981 -2.021183
v 0.372310 -1.778602 -2.036052
v 0.383358 -1.807833 -2.047100
v 0.390161 -1.839551 -2.053903
v 0.392459 -1.872536 -2.056200
v 0.390161 -1.905522 -2.053903
v 0.383358 -1.937240 -2.047100
v 0.372310 -1.966471 -2.036052
v 0.357442 -1.992092 -2.021183
v 0.339325 -2.013119 -2.003066
v 0.318655 -2.028744 -1.982397
v 0.296227 -2.038365 -1.959969
v 0.300329 -1.706708 -1.954970
v 0.326702 -1.716329 -1.972592
v 0.351006 -1.731954 -1.988832
v 0.372310 -1.752981 -2.003066
v 0.389793 -1.778602 -2.014748
v 0.402784 -1.807833 -2.023429
v 0.410784 -1.839551 -2.028774
v 0.413486 -1.872536 -2.030579
v 0.410784 -1.905522 -2.028774
v 0.402784 -1.937240 -2.023429
v 0.389793 -1.966471 -2.014748
v 0.372310 -1.992092 -2.003066
v 0.351006 -2.013119 -1.988832
v 0.326702 -2.028744 -1.972592
v 0.300329 -2.038365 -1.954970
v 0.272903 -1.703459 -1.936645
v 0.303377 -1.706708 -1.949268
v 0.332681 -1.716329 -1.961405
v 0.359687 -1.731954 -1.972592
v 0.383358 -1.752981 -1.982397
v 0.402784 -1.778602 -1.990443
v 0.417220 -1.807833 -1.996423
v 0.426109 -1.839551 -2.000104
v 0.429110 -1.872536 -2.001348
v 0.426109 -1.905522 -2.000104
v 0.417220 -1.937240 -1.996423
v 0.402784 -1.966471 -1.990443
v 0.383358 -1.992092 -1.982397
v 0.359687 -2.013119 -1.972592
v 0.332681 -2.028744 -1.961405
v 0.303377 -2.038365 -1.949268
v 0.305254 -1.706708 -1.943080
v 0.336363 -1.716329 -1.949268
v 0.365032 -1.731954 -1.954970
v 0.390161 -1.752981 -1.959969
v 0.410784 -1.778602 -1.964071
v 0.426109 -1.807833 -1.967119
v 0.435545 -1.839551 -1.968996
v 0.438732 -1.872536 -1.969630
v 0.435545 -1.905522 -1.968996
v 0.426109 -1.937240 -1.967119
v 0.410784 -1.966471 -1.964071
v 0.390161 -1.992092 -1.959969
v 0.365032 -2.013119 -1.954970
v 0.336363 -2.028744 -1.949268
v 0.305254 -2.038365 -1.943080
v 0.305888 -1.706708 -1.936645
v 0.337606 -1.716329 -1.936645
v 0.366837 -1.731954 -1.936645
v 0.392459 -1.752981 -1.936645
v 0.413486 -1.778602 -1.936645
v 0.429110 -1.807833 -1.936645
v 0.438732 -1.839551 -1.936645
v 0.441980 -1.872536 -1.936645
v 0.438732 -1.905522 -1.936645
v 0.429110 -1.937240 -1.936645
v 0.413486 -1.966471 -1.936645
v 0.392459 -1.992092 -1.936645
v 0.366837 -2.013119 -1.936645
v 0.337606 -2.028744 -1.936645
v 0.305888 -2.038365 -1.936645
v 0.305254 -1.706708 -1.930209
v 0.336363 -1.716329 -1.924022
v 0.365032 -1.731954 -1.918319
v 0.390161 -1.752981 -1.913320
v 0.410784 -1.778602 -1.909218
v 0.426109 -1.807833 -1.906170
v 0.435545 -1.839551 -1.904293
v 0.438732 -1.872536 -1.903659
v 0.435545 -1.905522 -1.904293
v 0.426109 -1.937240 -1.906170
v 0.410784 -1.966471 -1.909218
v 0.390161 -1.992092 -1.913320
v 0.365032 -2.013119 -1.918319
v 0.336363 -2.028744 -1.924022
v 0.305254 -2.038365 -1.930209
v 0.303377 -1.706708 -1.924022
v 0.332681 -1.716329 -1.911884
v 0.359687 -1.731954 -1.900697
v 0.383358 -1.752981 -1.890893
v 0.402784 -1.778602 -1.882846
v 0.417220 -1.807833 -1.876867
v 0.426109 -1.839551 -1.873185
v 0.429110 -1.872536 -1.871941
v 0.426109 -1.905522 -1.873185
v 0.417220 -1.937240 -1.876867
v 0.402784 -1.966471 -1.882846
v 0.383358 -1.992092 -1.890893
v 0.359687 -2.013119 -1.900697
v 0.332681 -2.028744 -1.911884
v 0.303377 -2.038365 -1.924022
v 0.300329 -1.706708 -1.918319
v 0.326702 -1.716329 -1.900697
v 0.351006 -1.731954 -1.884457
v 0.372310 -1.752981 -1.870223
v 0.389793 -1.778602 -1.858541
v 0.402784 -1.807833 -1.849860
v 0.410784 -1.839551 -1.844515
v 0.413486 -1.872536 -1.842710
v 0.410784 -1.905522 -1.844515
v 0.402784 -1.937240 -1.849860
v 0.389793 -1.966471 -1.858541
v 0.372310 -1.992092 -1.870223
v 0.351006 -2.013119 -1.884457
v 0.326702 -2.028744 -1.900697
v 0.300329 -2.038365 -1.918319
v 0.296227 -1.706708 -1.913320
v 0.318655 -1.716329 -1.890893
v 0.339324 -1.731954 -1.870223
v 0.357442 -1.752981 -1.852106
v 0.372310 -1.778602 -1.837237
v 0.383358 -1.807833 -1.826189
v 0.390161 -1.839551 -1.819386
v 0.392459 -1.872536 -1.817089
v 0.390161 -1.905522 -1.819386
v 0.383358 -1.937240 -1.826189
v 0.372310 -1.966471 -1.837237
v 0.357442 -1.992092 -1.852106
v 0.339324 -2.013119 -1.870223
v 0.318655 -2.028744 -1.890893
v 0.296227 -2.038365 -1.913320
v 0.291229 -1.706708 -1.909218
v 0.308850 -1.716329 -1.882846
v 0.325090 -1.731954 -1.858541
v 0.339325 -1.752981 -1.837237
v 0.351006 -1.778602 -1.819754
v 0.359687 -1.807833 -1.806763
v 0.365032 -1.839551 -1.798763
v 0.366837 -1.872536 -1.796062
v 0.365032 -1.905522 -1.798763
v 0.359687 -1.937240 -1.806763
v 0.351006 -1.966471 -1.819754
v 0.339325 -1.992092 -1.837237
v 0.325090 -2.013119 -1.858541
v 0.308850 -2.028744 -1.882846
v 0.291229 -2.038365 -1.909218
v 0.285526 -1.706708 -1.906170
v 0.297664 -1.716329 -1.876867
v 0.308850 -1.731954 -1.849860
v 0.318655 -1.752981 -1.826189
v 0.326702 -1.778602 -1.806763
v 0.332681 -1.807833 -1.792328
v 0.336363 -1.839551 -1.783439
v 0.337606 -1.872536 -1.780437
v 0.336363 -1.905522 -1.783439
v 0.332681 -1.937240 -1.792328
v 0.326702 -1.966471 -1.806763
v 0.318655 -1.992092 -1.826189
v 0.308850 -2.013119 -1.849860
v 0.297664 -2.028744 -1.876867
v 0.285526 -2.038365 -1.906170
v 0.279338 -1.706708 -1.904293
v 0.285526 -1.716329 -1.873185
v 0.291229 -1.731954 -1.844515
v 0.296227 -1.752981 -1.819386
v 0.300329 -1.778602 -1.798763
v 0.303377 -1.807833 -1.783439
v 0.305254 -1.839551 -1.774002
v 0.305888 -1.872536 -1.770816
v 0.305254 -1.905522 -1.774002
v 0.303377 -1.937240 -1.783439
v 0.300329 -1.966471 -1.798763
v 0.296227 -1.992092 -1.819386
v 0.291229 -2.013119 -1.844515
v 0.285526 -2.028744 -1.873185
v 0.279338 -2.038365 -1.904293
v 0.272903 -1.706708 -1.903659
v 0.272903 -1.716329 -1.871941
v 0.272903 -1.731954 -1.842710
v 0.272903 -1.752981 -1.817089
v 0.272903 -1.778602 -1.796062
v 0.272903 -1.807833 -1.780437
v 0.272903 -1.839551 -1.770816
v 0.272903 -1.872536 -1.767567
v 0.272903 -1.905522 -1.770816
v 0.272903 -1.937240 -1.780437
v 0.272903 -1.966471 -1.796062
v 0.272903 -1.992092 -1.817089
v 0.272903 -2.013119 -1.842710
v 0.272903 -2.028744 -1.871941
v 0.272903 -2.038365 -1.903659
v 0.266468 -1.706708 -1.904293
v 0.260280 -1.716329 -1.873185
v 0.254577 -1.731954 -1.844515
v 0.249579 -1.752981 -1.819386
v 0.245476 -1.778602 -1.798763
v 0.242428 -1.807833 -1.783439
v 0.240551 -1.839551 -1.774002
v 0.239917 -1.872536 -1.770816
v 0.240551 -1.905522 -1.774002
v 0.242428 -1.937240 -1.783439
v 0.245476 -1.966471 -1.798763
v 0.249579 -1.992092 -1.819386
v 0.254577 -2.013119 -1.844515
v 0.260280 -2.028744 -1.873185
v 0.266468 -2.038365 -1.904293
v 0.260280 -1.706708 -1.906170
v 0.248142 -1.716329 -1.876867
v 0.236956 -1.731954 -1.849861
v 0.227151 -1.752981 -1.826189
v 0.219104 -1.778602 -1.806763
v 0.213125 -1.807833 -1.792328
v 0.209443 -1.839551 -1.783439
v 0.208200 -1.872536 -1.780437
v 0.209443 -1.905522 -1.783439
v 0.213125 -1.937240 -1.792328
v 0.219104 -1.966471 -1.806763
v 0.227151 -1.992092 -1.826189
v 0.236956 -2.013119 -1.849861
v 0.248142 -2.028744 -1.876867
v 0.260280 -2.038365 -1.906170
v 0.254577 -1.706708 -1.909218
v 0.236956 -1.716329 -1.882846
v 0.220716 -1.731954 -1.858541
v 0.206481 -1.752981 -1.837237
v 0.194799 -1.778602 -1.819754
v 0.186119 -1.807833 -1.806763
v 0.180773 -1.839551 -1.798763
v 0.178968 -1.872536 -1.796062
v 0.180773 -1.905522 -1.798763
v 0.186119 -1.937240 -1.806763
v 0.194799 -1.966471 -1.819754
v 0.206481 -1.992092 -1.837237
v 0.220716 -2.013119 -1.858541
v 0.236956 -2.028744 -1.882846
v 0.254577 -2.038365 -1.909218
v 0.249579 -1.706708 -1.913320
v 0.227151 -1.716329 -1.890893
v 0.206481 -1.731954 -1.870223
v 0.188364 -1.752981 -1.852106
v 0.173496 -1.778602 -1.837238
v 0.162448 -1.807833 -1.826189
v 0.155644 -1.839551 -1.819386
v 0.153347 -1.872536 -1.817089
v 0.155644 -1.905522 -1.819386
v 0.162448 -1.937240 -1.826189
v 0.173496 -1.966471 -1.837238
v 0.188364 -1.992092 -1.852106
v 0.206481 -2.013119 -1.870223
v 0.227151 -2.028744 -1.890893
v 0.249579 -2.038365 -1.913320
v 0.272903 -2.041614 -1.936645
v 0.245477 -1.706708 -1.918319
v 0.219104 -1.716329 -1.900697
v 0.194799 -1.731954 -1.884457
v 0.173496 -1.752981 -1.870223
v 0.156013 -1.778602 -1.858541
v 0.143021 -1.807833 -1.849860
v 0.135021 -1.839551 -1.844515
v 0.132320 -1.872536 -1.842710
v 0.135021 -1.905522 -1.844515
v 0.143021 -1.937240 -1.849860
v 0.156013 -1.966471 -1.858541
v 0.173496 -1.992092 -1.870223
v 0.194799 -2.013119 -1.884457
v 0.219104 -2.028744 -1.900697
v 0.245477 -2.038365 -1.918319
v 0.242428 -1.706708 -1.924022
v 0.213125 -1.716329 -1.911884
v 0.186119 -1.731954 -1.900697
v 0.162448 -1.752981 -1.890893
v 0.143021 -1.778602 -1.882846
v 0.128586 -1.807833 -1.876867
v 0.119697 -1.839551 -1.873185
v 0.116696 -1.872536 -1.871942
v 0.119697 -1.905522 -1.873185
v 0.128586 -1.937240 -1.876867
v 0.143021 -1.966471 -1.882846
v 0.162448 -1.992092 -1.890893
v 0.186119 -2.013119 -1.900697
v 0.213125 -2.028744 -1.911884
v 0.242428 -2.038365 -1.924022
v 0.240551 -1.706708 -1.930209
v 0.209443 -1.716329 -1.924022
v 0.180773 -1.731954 -1.918319
v 0.155644 -1.752981 -1.913320
v 0.135021 -1.778602 -1.909218
v 0.119697 -1.807833 -1.906170
v 0.110261 -1.839551 -1.904293
v 0.107074 -1.872536 -1.903659
v 0.110261 -1.905522 -1.904293
v 0.119697 -1.937240 -1.906170
v 0.135021 -1.966471 -1.909218
v 0.155644 -1.992092 -1.913320
v 0.180773 -2.013119 -1.918319
v 0.209443 -2.028744 -1.924022
v 0.240551 -2.038365 -1.930209
v 0.239917 -1.706708 -1.936645
v 0.208200 -1.716329 -1.936645
v 0.178968 -1.731954 -1.936645
v 0.153347 -1.752981 -1.936645
v 0.132320 -1.778602 -1.936645
v 0.116696 -1.807833 -1.936645
v 0.107074 -1.839551 -1.936645
v 0.103825 -1.872536 -1.936645
v 0.107074 -1.905522 -1.936645
v 0.116696 -1.937240 -1.936645
v 0.132320 -1.966471 -1.936645
v 0.153347 -1.992092 -1.936645
v 0.178968 -2.013119 -1.936645
v 0.208200 -2.028744 -1.936645
v 0.239917 -2.038365 -1.936645
v 0.240551 -1.706708 -1.943080
v 0.209443 -1.716329 -1.949268
v 0.180773 -1.731954 -1.954970
v 0.155644 -1.752981 -1.959969
v 0.135021 -1.778602 -1.964071
v 0.119697 -1.807833 -1.967119
v 0.110261 -1.839551 -1.968996
v 0.107074 -1.872536 -1.969630
v 0.110261 -1.905522 -1.968996
v 0.119697 -1.937240 -1.967119
v 0.135021 -1.966471 -1.964071
v 0.155644 -1.992092 -1.959969
v 0.180773 -2.013119 -1.954970
v 0.209443 -2.028744 -1.949268
v 0.240551 -2.038365 -1.943080
v 0.242428 -1.706708 -1.949268
v 0.213125 -1.716329 -1.961405
v 0.186119 -1.731954 -1.972592
v 0.162448 -1.752981 -1.982397
v 0.143021 -1.778602 -1.990443
v 0.128586 -1.807833 -1.996422
v 0.119697 -1.839551 -2.000104
v 0.116696 -1.872536 -2.001348
v 0.119697 -1.905522 -2.000104
v 0.128586 -1.937240 -1.996422
v 0.143021 -1.966471 -1.990443
v 0.162448 -1.992092 -1.982397
v 0.186119 -2.013119 -1.972592
v 0.213125 -2.028744 -1.961405
v 0.242428 -2.038365 -1.949268
v 0.245477 -1.706708 -1.954970
v 0.219104 -1.716329 -1.972592
v 0.194799 -1.731954 -1.988832
v 0.173496 -1.752981 -2.003066
v 0.156013 -1.778602 -2.014748
v 0.143021 -1.807833 -2.023429
v 0.135021 -1.839551 -2.028774
v 0.132320 -1.872536 -2.030579
v 0.135021 -1.905522 -2.028774
v 0.143021 -1.937240 -2.023429
v 0.156013 -1.966471 -2.014748
v 0.173496 -1.992092 -2.003066
v 0.194799 -2.013119 -1.988832
v 0.219104 -2.028744 -1.972592
v 0.245477 -2.038365 -1.954970
v 0.249579 -1.706708 -1.959969
v 0.227151 -1.716329 -1.982397
v 0.206481 -1.731954 -2.003066
v 0.188364 -1.752981 -2.021183
v 0.173496 -1.778602 -2.036052
v 0.162448 -1.807833 -2.047100
v 0.155644 -1.839551 -2.053903
v 0.153347 -1.872536 -2.056200
v 0.155644 -1.905522 -2.053903
v 0.162448 -1.937240 -2.047100
v 0.173496 -1.966471 -2.036052
v 0.188364 -1.992092 -2.021183
v 0.206481 -2.013119 -2.003066
v 0.227151 -2.028744 -1.982397
v 0.249579 -2.038365 -1.959969
v 0.254577 -1.706708 -1.964071
v 0.236956 -1.716329 -1.990443
v 0.220716 -1.731954 -2.014748
v 0.206481 -1.752981 -2.036052
v 0.194799 -1.778602 -2.053535
v 0.186119 -1.807833 -2.066526
v 0.180773 -1.839551 -2.074526
v 0.178969 -1.872536 -2.077227
v 0.180773 -1.905522 -2.074526
v 0.186119 -1.937240 -2.066526
v 0.194799 -1.966471 -2.053535
v 0.206481 -1.992092 -2.036052
v 0.220716 -2.013119 -2.014748
v 0.236956 -2.028744 -1.990443
v 0.254577 -2.038365 -1.964071
v 0.260280 -1.706708 -1.967119
v 0.248142 -1.716329 -1.996422
v 0.236956 -1.731954 -2.023429
v 0.227151 -1.752981 -2.047100
v 0.219104 -1.778602 -2.066526
v 0.213125 -1.807833 -2.080961
v 0.209443 -1.839551 -2.089850
v 0.208200 -1.872536 -2.092852
v 0.209443 -1.905522 -2.089850
v 0.213125 -1.937240 -2.080961
v 0.219104 -1.966471 -2.066526
v 0.227151 -1.992092 -2.047100
v 0.236956 -2.013119 -2.023429
v 0.248142 -2.028744 -1.996422
v 0.260280 -2.038365 -1.967119
v 0.266468 -1.706708 -1.968996
v 0.260280 -1.716329 -2.000104
v 0.254577 -1.731954 -2.028774
v 0.249579 -1.752981 -2.053903
v 0.245477 -1.778602 -2.074526
v 0.242428 -1.807833 -2.089850
v 0.240551 -1.839551 -2.099287
v 0.239918 -1.872536 -2.102473
v 0.240551 -1.905522 -2.099287
v 0.242428 -1.937240 -2.089850
v 0.245477 -1.966471 -2.074526
v 0.249579 -1.992092 -2.053903
v 0.254577 -2.013119 -2.028774
v 0.260280 -2.028744 -2.000104
v 0.266468 -2.038365 -1.968996
v 0.272903 -1.706708 -1.969630
v 0.272903 -1.716329 -2.001348
v 0.272903 -1.752981 -2.056200
v 0.272903 -1.807833 -2.092852
v 0.272903 -1.937240 -2.092852
v 0.272903 -1.992092 -2.056200
v 0.272903 -2.013119 -2.030579
v 0.272903 -2.028744 -2.001348
v 0.272903 -2.038365 -1.969630
vn -0.0000 0.8286 -0.5598
vn -0.0000 0.5528 -0.8333
vn -0.0000 0.1939 -0.9810
vn -0.0000 -0.0000 -1.0000
vn -0.0000 -0.1939 -0.9810
vn -0.0000 -0.5528 -0.8333
vn 0.0392 0.9796 -0.1971
vn 0.0757 0.9217 -0.3804
vn 0.1092 0.8286 -0.5490
vn 0.1385 0.7041 -0.6965
vn 0.1626 0.5528 -0.8173
vn 0.1804 0.3805 -0.9070
vn 0.1914 0.1939 -0.9622
vn 0.1951 -0.0000 -0.9808
vn 0.1914 -0.1939 -0.9622
vn 0.1804 -0.3805 -0.9070
vn 0.1626 -0.5528 -0.8173
vn 0.1385 -0.7041 -0.6965
vn 0.1092 -0.8286 -0.5490
vn 0.0757 -0.9217 -0.3804
vn 0.0392 -0.9796 -0.1971
vn 0.0769 0.9796 -0.1857
vn 0.1484 0.9217 -0.3584
vn 0.2142 0.8286 -0.5172
vn 0.2718 0.7041 -0.6561
vn 0.3189 0.5528 -0.7699
vn 0.3539 0.3805 -0.8544
vn 0.3754 0.1939 -0.9063
vn 0.3827 -0.0000 -0.9239
vn 0.3754 -0.1939 -0.9063
vn 0.3539 -0.3805 -0.8544
vn 0.3189 -0.5528 -0.7699
vn 0.2718 -0.7041 -0.6561
vn 0.2142 -0.8286 -0.5172
vn 0.1484 -0.9217 -0.3584
vn 0.0769 -0.9796 -0.1857
vn 0.1117 0.9796 -0.1671
vn 0.2155 0.9217 -0.3225
vn 0.3110 0.8286 -0.4654
vn 0.3945 0.7041 -0.5905
vn 0.4630 0.5528 -0.6929
vn 0.5138 0.3805 -0.7689
vn 0.5450 0.1939 -0.8157
vn 0.5556 -0.0000 -0.8315
vn 0.5450 -0.1939 -0.8157
vn 0.5138 -0.3805 -0.7689
vn 0.4630 -0.5528 -0.6929
vn 0.3945 -0.7041 -0.5905
vn 0.3110 -0.8286 -0.4654
vn 0.2155 -0.9217 -0.3225
vn 0.1117 -0.9796 -0.1671
vn 0.1421 0.9796 -0.1421
vn 0.2743 0.9217 -0.2743
vn 0.3958 0.8286 -0.3958
vn 0.5021 0.7041 -0.5021
vn 0.5893 0.5528 -0.5893
vn 0.6539 0.3805 -0.6539
vn 0.6937 0.1939 -0.6937
vn 0.7071 -0.0000 -0.7071
vn 0.6937 -0.1939 -0.6937
vn 0.6539 -0.3805 -0.6539
vn 0.5893 -0.5528 -0.5893
vn 0.5021 -0.7041 -0.5021
vn 0.3958 -0.8286 -0.3958
vn 0.2743 -0.9217 -0.2743
vn 0.1421 -0.9796 -0.1421
vn 0.1671 0.9796 -0.1117
vn 0.3225 0.9217 -0.2155
vn 0.4654 0.8286 -0.3110
vn 0.5905 0.7041 -0.3945
vn 0.6929 0.5528 -0.4630
vn 0.7689 0.3805 -0.5138
vn 0.8157 0.1939 -0.5450
vn 0.8315 -0.0000 -0.5556
vn 0.8157 -0.1939 -0.5450
vn 0.7689 -0.3805 -0.5138
vn 0.6929 -0.5528 -0.4630
vn 0.5905 -0.7041 -0.3945
vn 0.4654 -0.8286 -0.3110
vn 0.3225 -0.9217 -0.2155
vn 0.1671 -0.9796 -0.1117
vn -0.0000 1.0000 -0.0000
vn 0.1857 0.9796 -0.0769
vn 0.3584 0.9217 -0.1484
vn 0.5172 0.8286 -0.2142
vn 0.6561 0.7041 -0.2718
vn 0.7699 0.5528 -0.3189
vn 0.8544 0.3805 -0.3539
vn 0.9063 0.1939 -0.3754
vn 0.9239 -0.0000 -0.3827
vn 0.9063 -0.1939 -0.3754
vn 0.8544 -0.3805 -0.3539
vn 0.7699 -0.5528 -0.3189
vn 0.6561 -0.7041 -0.2718
vn 0.5172 -0.8286 -0.2142
vn 0.3584 -0.9217 -0.1484
vn 0.1857 -0.9796 -0.0769
vn 0.1971 0.9796 -0.0392
vn 0.3804 0.9217 -0.0757
vn 0.5490 0.8286 -0.1092
vn 0.6965 0.7041 -0.1385
vn 0.8173 0.5528 -0.1626
vn 0.9070 0.3805 -0.1804
vn 0.9622 0.1939 -0.1914
vn 0.9808 -0.0000 -0.1951
vn 0.9622 -0.1939 -0.1914
vn 0.9070 -0.3805 -0.1804
vn 0.8173 -0.5528 -0.1626
vn 0.6965 -0.7041 -0.1385
vn 0.5490 -0.8286 -0.1092
vn 0.3804 -0.9217 -0.0757
vn 0.1971 -0.9796 -0.0392
vn 0.2010 0.9796 -0.0000
vn 0.3879 0.9217 -0.0000
vn 0.5598 0.8286 -0.0000
vn 0.7101 0.7041 -0.0000
vn 0.8333 0.5528 -0.0000
vn 0.9248 0.3805 -0.0000
vn 0.9810 0.1939 -0.0000
vn 1.0000 -0.0000 -0.0000
vn 0.9810 -0.1939 -0.0000
vn 0.9248 -0.3805 -0.0000
vn 0.8333 -0.5528 -0.0000
vn 0.7101 -0.7041 -0.0000
vn 0.5598 -0.8286 -0.0000
vn 0.3879 -0.9217 -0.0000
vn 0.2010 -0.9796 -0.0000
vn 0.1971 0.9796 0.0392
vn 0.3804 0.9217 0.0757
vn 0.5490 0.8286 0.1092
vn 0.6965 0.7041 0.1385
vn 0.8173 0.5528 0.1626
vn 0.9070 0.3805 0.1804
vn 0.9622 0.1939 0.1914
vn 0.9808 -0.0000 0.1951
vn 0.9622 -0.1939 0.1914
vn 0.9070 -0.3805 0.1804
vn 0.8173 -0.5528 0.1626
vn 0.6965 -0.7041 0.1385
vn 0.5490 -0.8286 0.1092
vn 0.3804 -0.9217 0.0757
vn 0.1971 -0.9796 0.0392
vn 0.1857 0.9796 0.0769
vn 0.3584 0.9217 0.1484
vn 0.5172 0.8286 0.2142
vn 0.6561 0.7041 0.2718
vn 0.7699 0.5528 0.3189
vn 0.8544 0.3805 0.3539
vn 0.9063 0.1939 0.3754
vn 0.9239 -0.0000 0.3827
vn 0.9063 -0.1939 0.3754
vn 0.8544 -0.3805 0.3539
vn 0.7699 -0.5528 0.3189
vn 0.6561 -0.7041 0.2718
vn 0.5172 -0.8286 0.2142
vn 0.3584 -0.9217 0.1484
vn 0.1857 -0.9796 0.0769
vn 0.1671 0.9796 0.1117
vn 0.3225 0.9217 0.2155
vn 0.4654 0.8286 0.3110
vn 0.5905 0.7041 0.3945
vn 0.6929 0.5528 0.4630
vn 0.7689 0.3805 0.5138
vn 0.8157 0.1939 0.5450
vn 0.8315 -0.0000 0.5556
vn 0.8157 -0.1939 0.5450
vn 0.7689 -0.3805 0.5138
vn 0.6929 -0.5528 0.4630
vn 0.5905 -0.7041 0.3945
vn 0.4654 -0.8286 0.3110
vn 0.3225 -0.9217 0.2155
vn 0.1671 -0.9796 0.1117
vn 0.1421 0.9796 0.1421
vn 0.2743 0.9217 0.2743
vn 0.3958 0.8286 0.3958
vn 0.5021 0.7041 0.5021
vn 0.5893 0.5528 0.5893
vn 0.6539 0.3805 0.6539
vn 0.6937 0.1939 0.6937
vn 0.7071 -0.0000 0.7071
vn 0.6937 -0.1939 0.6937
vn 0.6539 -0.3805 0.6539
vn 0.5893 -0.5528 0.5893
vn 0.5021 -0.7041 0.5021
vn 0.3958 -0.8286 0.3958
vn 0.2743 -0.9217 0.2743
vn 0.1421 -0.9796 0.1421
vn 0.1117 0.9796 0.1671
vn 0.2155 0.9217 0.3225
vn 0.3110 0.8286 0.4654
vn 0.3945 0.7041 0.5905
vn 0.4630 0.5528 0.6929
vn 0.5138 0.3805 0.7689
vn 0.5450 0.1939 0.8157
vn 0.5556 -0.0000 0.8315
vn 0.5450 -0.1939 0.8157
vn 0.5138 -0.3805 0.7689
vn 0.4630 -0.5528 0.6929
vn 0.3945 -0.7041 0.5905
vn 0.3110 -0.8286 0.4654
vn 0.2155 -0.9217 0.3225
vn 0.1117 -0.9796 0.1671
vn 0.0769 0.9796 0.1857
vn 0.1484 0.9217 0.3584
vn 0.2142 0.8286 0.5172
vn 0.2718 0.7041 0.6561
vn 0.3189 0.5528 0.7699
vn 0.3539 0.3805 0.8544
vn 0.3754 0.1939 0.9063
vn 0.3827 -0.0000 0.9239
vn 0.3754 -0.1939 0.9063
vn 0.3539 -0.3805 0.8544
vn 0.3189 -0.5528 0.7699
vn 0.2718 -0.7041 0.6561
vn 0.2142 -0.8286 0.5172
vn 0.1484 -0.9217 0.3584
vn 0.0769 -0.9796 0.1857
vn 0.0392 0.9796 0.1971
vn 0.0757 0.9217 0.3804
vn 0.1092 0.8286 0.5490
vn 0.1385 0.7041 0.6965
vn 0.1626 0.5528 0.8173
vn 0.1804 0.3805 0.9070
vn 0.1914 0.1939 0.9622
vn 0.1951 -0.0000 0.9808
vn 0.1914 -0.1939 0.9622
vn 0.1804 -0.3805 0.9070
vn 0.1626 -0.5528 0.8173
vn 0.1385 -0.7041 0.6965
vn 0.1092 -0.8286 0.5490
vn 0.0757 -0.9217 0.3804
vn 0.0392 -0.9796 0.1971
vn -0.0000 0.9796 0.2010
vn -0.0000 0.9217 0.3879
vn -0.0000 0.8286 0.5598
vn -0.0000 0.7041 0.7101
vn -0.0000 0.5528 0.8333
vn -0.0000 0.3805 0.9248
vn -0.0000 0.1939 0.9810
vn -0.0000 -0.0000 1.0000
vn -0.0000 -0.1939 0.9810
vn -0.0000 -0.3805 0.9248
vn -0.0000 -0.5528 0.8333
vn -0.0000 -0.7041 0.7101
vn -0.0000 -0.8286 0.5598
vn -0.0000 -0.9217 0.3879
vn -0.0000 -0.9796 0.2010
vn -0.0392 0.9796 0.1971
vn -0.0757 0.9217 0.3804
vn -0.1092 0.8286 0.5490
vn -0.1385 0.7041 0.6965
vn -0.1626 0.5528 0.8173
vn -0.1804 0.3805 0.9070
vn -0.1914 0.1939 0.9622
vn -0.1951 -0.0000 0.9808
vn -0.1914 -0.1939 0.9622
vn -0.1804 -0.3805 0.9070
vn -0.1626 -0.5528 0.8173
vn -0.1385 -0.7041 0.6965
vn -0.1092 -0.8286 0.5490
vn -0.0757 -0.9217 0.3804
vn -0.0392 -0.9796 0.1971
vn -0.0769 0.9796 0.1857
vn -0.1484 0.9217 0.3584
vn -0.2142 0.8286 0.5172
vn -0.2718 0.7041 0.6561
vn -0.3189 0.5528 0.7699
vn -0.3539 0.3805 0.8544
vn -0.3754 0.1939 0.9063
vn -0.3827 -0.0000 0.9239
vn -0.3754 -0.1939 0.9063
vn -0.3539 -0.3805 0.8544
vn -0.3189 -0.5528 0.7699
vn -0.2718 -0.7041 0.6561
vn -0.2142 -0.8286 0.5172
vn -0.1484 -0.9217 0.3584
vn -0.0769 -0.9796 0.1857
vn -0.1117 0.9796 0.1671
vn -0.2155 0.9217 0.3225
vn -0.3110 0.8286 0.4654
vn -0.3945 0.7041 0.5905
vn -0.4630 0.5528 0.6929
vn -0.5138 0.3805 0.7689
vn -0.5450 0.1939 0.8157
vn -0.5556 -0.0000 0.8315
vn -0.5450 -0.1939 0.8157
vn -0.5138 -0.3805 0.7689
vn -0.4630 -0.5528 0.6929
vn -0.3945 -0.7041 0.5905
vn -0.3110 -0.8286 0.4654
vn -0.2155 -0.9217 0.3225
vn -0.1117 -0.9796 0.1671
vn -0.1421 0.9796 0.1421
vn -0.2743 0.9217 0.2743
vn -0.3958 0.8286 0.3958
vn -0.5021 0.7041 0.5021
vn -0.5893 0.5528 0.5893
vn -0.6539 0.3805 0.6539
vn -0.6937 0.1939 0.6937
vn -0.7071 -0.0000 0.7071
vn -0.6937 -0.1939 0.6937
vn -0.6539 -0.3805 0.6539
vn -0.5893 -0.5528 0.5893
vn -0.5021 -0.7041 0.5021
vn -0.3958 -0.8286 0.3958
vn -0.2743 -0.9217 0.2743
vn -0.1421 -0.9796 0.1421
vn -0.0000 -1.0000 -0.0000
vn -0.1671 0.9796 0.1117
vn -0.3225 0.9217 0.2155
vn -0.4654 0.8286 0.3110
vn -0.5905 0.7041 0.3945
vn -0.6929 0.5528 0.4630
vn -0.7689 0.3805 0.5138
vn -0.8157 0.1939 0.5450
vn -0.8315 -0.0000 0.5556
vn -0.8157 -0.1939 0.5450
vn -0.7689 -0.3805 0.5138
vn -0.6929 -0.5528 0.4630
vn -0.5905 -0.7041 0.3945
vn -0.4654 -0.8286 0.3110
vn -0.3225 -0.9217 0.2155
vn -0.1671 -0.9796 0.1117
vn -0.1857 0.9796 0.0769
vn -0.3584 0.9217 0.1484
vn -0.5172 0.8286 0.2142
vn -0.6561 0.7041 0.2718
vn -0.7699 0.5528 0.3189
vn -0.8544 0.3805 0.3539
vn -0.9063 0.1939 0.3754
vn -0.9239 -0.0000 0.3827
vn -0.9063 -0.1939 0.3754
vn -0.8544 -0.3805 0.3539
vn -0.7699 -0.5528 0.3189
vn -0.6561 -0.7041 0.2718
vn -0.5172 -0.8286 0.2142
vn -0.3584 -0.9217 0.1484
vn -0.1857 -0.9796 0.0769
vn -0.1971 0.9796 0.0392
vn -0.3804 0.9217 0.0757
vn -0.5490 0.8286 0.1092
vn -0.6965 0.7041 0.1385
vn -0.8173 0.5528 0.1626
vn -0.9070 0.3805 0.1804
vn -0.9622 0.1939 0.1914
vn -0.9808 -0.0000 0.1951
vn -0.9622 -0.1939 0.1914
vn -0.9070 -0.3805 0.1804
vn -0.8173 -0.5528 0.1626
vn -0.6965 -0.7041 0.1385
vn -0.5490 -0.8286 0.1092
vn -0.3804 -0.9217 0.0757
vn -0.1971 -0.9796 0.0392
vn -0.2010 0.9796 -0.0000
vn -0.3879 0.9217 -0.0000
vn -0.5598 0.8286 -0.0000
vn -0.7101 0.7041 -0.0000
vn -0.8333 0.5528 -0.0000
vn -0.9248 0.3805 -0.0000
vn -0.9810 0.1939 -0.0000
vn -1.0000 -0.0000 -0.0000
vn -0.9810 -0.1939 -0.0000
vn -0.9248 -0.3805 -0.0000
vn -0.8333 -0.5528 -0.0000
vn -0.7101 -0.7041 -0.0000
vn -0.5598 -0.8286 -0.0000
vn -0.3879 -0.9217 -0.0000
vn -0.2010 -0.9796 -0.0000
vn -0.1971 0.9796 -0.0392
vn -0.3804 0.9217 -0.0757
vn -0.5490 0.8286 -0.1092
vn -0.6965 0.7041 -0.1385
vn -0.8173 0.5528 -0.1626
vn -0.9070 0.3805 -0.1804
vn -0.9622 0.1939 -0.1914
vn -0.9808 -0.0000 -0.1951
vn -0.9622 -0.1939 -0.1914
vn -0.9070 -0.3805 -0.1804
vn -0.8173 -0.5528 -0.1626
vn -0.6965 -0.7041 -0.1385
vn -0.5490 -0.8286 -0.1092
vn -0.3804 -0.9217 -0.0757
vn -0.1971 -0.9796 -0.0392
vn -0.1857 0.9796 -0.0769
vn -0.3584 0.9217 -0.1484
vn -0.5172 0.8286 -0.2142
vn -0.6561 0.7041 -0.2718
vn -0.7699 0.5528 -0.3189
vn -0.8544 0.3805 -0.3539
vn -0.9063 0.1939 -0.3754
vn -0.9239 -0.0000 -0.3827
vn -0.9063 -0.1939 -0.3754
vn -0.8544 -0.3805 -0.3539
vn -0.7699 -0.5528 -0.3189
vn -0.6561 -0.7041 -0.2718
vn -0.5172 -0.8286 -0.2142
vn -0.3584 -0.9217 -0.1484
vn -0.1857 -0.9796 -0.0769
vn -0.1671 0.9796 -0.1117
vn -0.3225 0.9217 -0.2155
vn -0.4654 0.8286 -0.3110
vn -0.5905 0.7041 -0.3945
vn -0.6929 0.5528 -0.4630
vn -0.7689 0.3805 -0.5138
vn -0.8157 0.1939 -0.5450
vn -0.8315 -0.0000 -0.5556
vn -0.8157 -0.1939 -0.5450
vn -0.7689 -0.3805 -0.5138
vn -0.6929 -0.5528 -0.4630
vn -0.5905 -0.7041 -0.3945
vn -0.4654 -0.8286 -0.3110
vn -0.3225 -0.9217 -0.2155
vn -0.1671 -0.9796 -0.1117
vn -0.1421 0.9796 -0.1421
vn -0.2743 0.9217 -0.2743
vn -0.3958 0.8286 -0.3958
vn -0.5021 0.7041 -0.5021
vn -0.5893 0.5528 -0.5893
vn -0.6539 0.3805 -0.6539
vn -0.6937 0.1939 -0.6937
vn -0.7071 -0.0000 -0.7071
vn -0.6937 -0.1939 -0.6937
vn -0.6539 -0.3805 -0.6539
vn -0.5893 -0.5528 -0.5893
vn -0.5021 -0.7041 -0.5021
vn -0.3958 -0.8286 -0.3958
vn -0.2743 -0.9217 -0.2743
vn -0.1421 -0.9796 -0.1421
vn -0.1117 0.9796 -0.1671
vn -0.2155 0.9217 -0.3225
vn -0.3110 0.8286 -0.4654
vn -0.3945 0.7041 -0.5905
vn -0.4630 0.5528 -0.6929
vn -0.5138 0.3805 -0.7689
vn -0.5450 0.1939 -0.8157
vn -0.5556 -0.0000 -0.8315
vn -0.5450 -0.1939 -0.8157
vn -0.5138 -0.3805 -0.7689
vn -0.4630 -0.5528 -0.6929
vn -0.3945 -0.7041 -0.5905
vn -0.3110 -0.8286 -0.4654
vn -0.2155 -0.9217 -0.3225
vn -0.1117 -0.9796 -0.1671
vn -0.0769 0.9796 -0.1857
vn -0.1484 0.9217 -0.3584
vn -0.2142 0.8286 -0.5172
vn -0.2718 0.7041 -0.6561
vn -0.3189 0.5528 -0.7699
vn -0.3539 0.3805 -0.8544
vn -0.3754 0.1939 -0.9063
vn -0.3827 -0.0000 -0.9239
vn -0.3754 -0.1939 -0.9063
vn -0.3539 -0.3805 -0.8544
vn -0.3189 -0.5528 -0.7699
vn -0.2718 -0.7041 -0.6561
vn -0.2142 -0.8286 -0.5172
vn -0.1484 -0.9217 -0.3584
vn -0.0769 -0.9796 -0.1857
vn -0.0392 0.9796 -0.1971
vn -0.0757 0.9217 -0.3804
vn -0.1092 0.8286 -0.5490
vn -0.1385 0.7041 -0.6965
vn -0.1626 0.5528 -0.8173
vn -0.1804 0.3805 -0.9070
vn -0.1914 0.1939 -0.9622
vn -0.1951 -0.0000 -0.9808
vn -0.1914 -0.1939 -0.9622
vn -0.1804 -0.3805 -0.9070
vn -0.1626 -0.5528 -0.8173
vn -0.1385 -0.7041 -0.6965
vn -0.1092 -0.8286 -0.5490
vn -0.0757 -0.9217 -0.3804
vn -0.0392 -0.9796 -0.1971
vn -0.0000 0.9796 -0.2010
vn -0.0000 0.9217 -0.3879
vn -0.0000 0.7041 -0.7101
vn -0.0000 0.3805 -0.9248
vn -0.0000 -0.3805 -0.9248
vn -0.0000 -0.7041 -0.7101
vn -0.0000 -0.8286 -0.5598
vn -0.0000 -0.9217 -0.3879
vn -0.0000 -0.9796 -0.2010
vt 0.750000 0.500000
vt 0.750000 0.562500
vt 0.718750 0.562500
vt 0.718750 0.500000
vt 0.750000 0.937500
vt 0.734375 1.000000
vt 0.718750 0.937500
vt 0.734375 0.000000
vt 0.750000 0.062500
vt 0.718750 0.062500
vt 0.750000 0.437500
vt 0.718750 0.437500
vt 0.750000 0.875000
vt 0.718750 0.875000
vt 0.750000 0.375000
vt 0.718750 0.375000
vt 0.750000 0.812500
vt 0.718750 0.812500
vt 0.750000 0.312500
vt 0.718750 0.312500
vt 0.750000 0.750000
vt 0.718750 0.750000
vt 0.750000 0.250000
vt 0.718750 0.250000
vt 0.750000 0.687500
vt 0.718750 0.687500
vt 0.750000 0.187500
vt 0.718750 0.187500
vt 0.750000 0.625000
vt 0.718750 0.625000
vt 0.750000 0.125000
vt 0.718750 0.125000
vt 0.687500 0.187500
vt 0.687500 0.125000
vt 0.687500 0.625000
vt 0.687500 0.562500
vt 0.687500 0.062500
vt 0.687500 0.500000
vt 0.703125 1.000000
vt 0.687500 0.937500
vt 0.703125 0.000000
vt 0.687500 0.437500
vt 0.687500 0.875000
vt 0.687500 0.375000
vt 0.687500 0.812500
vt 0.687500 0.312500
vt 0.687500 0.750000
vt 0.687500 0.250000
vt 0.687500 0.687500
vt 0.656250 0.375000
vt 0.656250 0.312500
vt 0.656250 0.812500
vt 0.656250 0.750000
vt 0.656250 0.250000
vt 0.656250 0.687500
vt 0.656250 0.187500
vt 0.656250 0.625000
vt 0.656250 0.125000
vt 0.656250 0.562500
vt 0.656250 0.062500
vt 0.656250 0.500000
vt 0.671875 1.000000
vt 0.656250 0.937500
vt 0.671875 0.000000
vt 0.656250 0.437500
vt 0.656250 0.875000
vt 0.625000 0.125000
vt 0.625000 0.062500
vt 0.625000 0.562500
vt 0.625000 0.500000
vt 0.640625 1.000000
vt 0.625000 0.937500
vt 0.640625 0.000000
vt 0.625000 0.437500
vt 0.625000 0.875000
vt 0.625000 0.375000
vt 0.625000 0.812500
vt 0.625000 0.312500
vt 0.625000 0.750000
vt 0.625000 0.250000
vt 0.625000 0.687500
vt 0.625000 0.187500
vt 0.625000 0.625000
vt 0.593750 0.812500
vt 0.593750 0.750000
vt 0.593750 0.312500
vt 0.593750 0.250000
vt 0.593750 0.687500
vt 0.593750 0.187500
vt 0.593750 0.625000
vt 0.593750 0.125000
vt 0.593750 0.562500
vt 0.593750 0.062500
vt 0.593750 0.500000
vt 0.609375 1.000000
vt 0.593750 0.937500
vt 0.609375 0.000000
vt 0.593750 0.437500
vt 0.593750 0.875000
vt 0.593750 0.375000
vt 0.562500 0.562500
vt 0.562500 0.500000
vt 0.578125 1.000000
vt 0.562500 0.937500
vt 0.578125 0.000000
vt 0.562500 0.062500
vt 0.562500 0.437500
vt 0.562500 0.875000
vt 0.562500 0.375000
vt 0.562500 0.812500
vt 0.562500 0.312500
vt 0.562500 0.750000
vt 0.562500 0.250000
vt 0.562500 0.687500
vt 0.562500 0.187500
vt 0.562500 0.625000
vt 0.562500 0.125000
vt 0.531250 0.312500
vt 0.531250 0.250000
vt 0.531250 0.750000
vt 0.531250 0.687500
vt 0.531250 0.187500
vt 0.531250 0.625000
vt 0.531250 0.125000
vt 0.531250 0.562500
vt 0.531250 0.062500
vt 0.531250 0.500000
vt 0.546875 1.000000
vt 0.531250 0.937500
vt 0.546875 0.000000
vt 0.531250 0.437500
vt 0.531250 0.875000
vt 0.531250 0.375000
vt 0.531250 0.812500
vt 0.515625 1.000000
vt 0.500000 0.937500
vt 0.515625 0.000000
vt 0.500000 0.062500
vt 0.500000 0.500000
vt 0.500000 0.437500
vt 0.500000 0.875000
vt 0.500000 0.375000
vt 0.500000 0.812500
vt 0.500000 0.312500
vt 0.500000 0.750000
vt 0.500000 0.250000
vt 0.500000 0.687500
vt 0.500000 0.187500
vt 0.500000 0.625000
vt 0.500000 0.125000
vt 0.500000 0.562500
vt 0.468750 0.750000
vt 0.468750 0.687500
vt 0.468750 0.250000
vt 0.468750 0.187500
vt 0.468750 0.625000
vt 0.468750 0.125000
vt 0.468750 0.562500
vt 0.468750 0.062500
vt 0.468750 0.500000
vt 0.484375 1.000000
vt 0.468750 0.937500
vt 0.484375 0.000000
vt 0.468750 0.437500
vt 0.468750 0.875000
vt 0.468750 0.375000
vt 0.468750 0.812500
vt 0.468750 0.312500
vt 0.437500 0.500000
vt 0.437500 0.437500
vt 0.437500 0.937500
vt 0.437500 0.875000
vt 0.437500 0.375000
vt 0.437500 0.812500
vt 0.437500 0.312500
vt 0.437500 0.750000
vt 0.437500 0.250000
vt 0.437500 0.687500
vt 0.437500 0.187500
vt 0.437500 0.625000
vt 0.437500 0.125000
vt 0.437500 0.562500
vt 0.437500 0.062500
vt 0.453125 1.000000
vt 0.453125 0.000000
vt 0.406250 0.250000
vt 0.406250 0.187500
vt 0.406250 0.687500
vt 0.406250 0.625000
vt 0.406250 0.125000
vt 0.406250 0.562500
vt 0.406250 0.062500
vt 0.406250 0.500000
vt 0.421875 1.000000
vt 0.406250 0.937500
vt 0.421875 0.000000
vt 0.406250 0.437500
vt 0.406250 0.875000
vt 0.406250 0.375000
vt 0.406250 0.812500
vt 0.406250 0.312500
vt 0.406250 0.750000
vt 0.375000 0.437500
vt 0.375000 0.375000
vt 0.375000 0.875000
vt 0.375000 0.812500
vt 0.375000 0.312500
vt 0.375000 0.750000
vt 0.375000 0.250000
vt 0.375000 0.687500
vt 0.375000 0.187500
vt 0.375000 0.625000
vt 0.375000 0.125000
vt 0.375000 0.562500
vt 0.375000 0.062500
vt 0.375000 0.500000
vt 0.390625 1.000000
vt 0.375000 0.937500
vt 0.390625 0.000000
vt 0.343750 0.187500
vt 0.343750 0.125000
vt 0.343750 0.625000
vt 0.343750 0.562500
vt 0.343750 0.062500
vt 0.343750 0.500000
vt 0.359375 1.000000
vt 0.343750 0.937500
vt 0.359375 0.000000
vt 0.343750 0.437500
vt 0.343750 0.875000
vt 0.343750 0.375000
vt 0.343750 0.812500
vt 0.343750 0.312500
vt 0.343750 0.750000
vt 0.343750 0.250000
vt 0.343750 0.687500
vt 0.312500 0.875000
vt 0.312500 0.812500
vt 0.312500 0.375000
vt 0.312500 0.312500
vt 0.312500 0.750000
vt 0.312500 0.250000
vt 0.312500 0.687500
vt 0.312500 0.187500
vt 0.312500 0.625000
vt 0.312500 0.125000
vt 0.312500 0.562500
vt 0.312500 0.062500
vt 0.312500 0.500000
vt 0.328125 1.000000
vt 0.312500 0.937500
vt 0.328125 0.000000
vt 0.312500 0.437500
vt 0.281250 0.625000
vt 0.281250 0.562500
vt 0.281250 0.125000
vt 0.281250 0.062500
vt 0.281250 0.500000
vt 0.296875 1.000000
vt 0.281250 0.937500
vt 0.296875 0.000000
vt 0.281250 0.437500
vt 0.281250 0.875000
vt 0.281250 0.375000
vt 0.281250 0.812500
vt 0.281250 0.312500
vt 0.281250 0.750000
vt 0.281250 0.250000
vt 0.281250 0.687500
vt 0.281250 0.187500
vt 0.250000 0.375000
vt 0.250000 0.312500
vt 0.250000 0.812500
vt 0.250000 0.750000
vt 0.250000 0.250000
vt 0.250000 0.687500
vt 0.250000 0.187500
vt 0.250000 0.625000
vt 0.250000 0.125000
vt 0.250000 0.562500
vt 0.250000 0.062500
vt 0.250000 0.500000
vt 0.265625 1.000000
vt 0.250000 0.937500
vt 0.265625 0.000000
vt 0.250000 0.437500
vt 0.250000 0.875000
vt 0.218750 0.125000
vt 0.218750 0.062500
vt 0.218750 0.562500
vt 0.218750 0.500000
vt 0.234375 1.000000
vt 0.218750 0.937500
vt 0.234375 0.000000
vt 0.218750 0.437500
vt 0.218750 0.875000
vt 0.218750 0.375000
vt 0.218750 0.812500
vt 0.218750 0.312500
vt 0.218750 0.750000
vt 0.218750 0.250000
vt 0.218750 0.687500
vt 0.218750 0.187500
vt 0.218750 0.625000
vt 0.187500 0.812500
vt 0.187500 0.750000
vt 0.187500 0.312500
vt 0.187500 0.250000
vt 0.187500 0.687500
vt 0.187500 0.187500
vt 0.187500 0.625000
vt 0.187500 0.125000
vt 0.187500 0.562500
vt 0.187500 0.062500
vt 0.187500 0.500000
vt 0.203125 1.000000
vt 0.187500 0.937500
vt 0.203125 0.000000
vt 0.187500 0.437500
vt 0.187500 0.875000
vt 0.187500 0.375000
vt 0.156250 0.562500
vt 0.156250 0.500000
vt 0.171875 1.000000
vt 0.156250 0.937500
vt 0.171875 0.000000
vt 0.156250 0.062500
vt 0.156250 0.437500
vt 0.156250 0.875000
vt 0.156250 0.375000
vt 0.156250 0.812500
vt 0.156250 0.312500
vt 0.156250 0.750000
vt 0.156250 0.250000
vt 0.156250 0.687500
vt 0.156250 0.187500
vt 0.156250 0.625000
vt 0.156250 0.125000
vt 0.125000 0.312500
vt 0.125000 0.250000
vt 0.125000 0.750000
vt 0.125000 0.687500
vt 0.125000 0.187500
vt 0.125000 0.625000
vt 0.125000 0.125000
vt 0.125000 0.562500
vt 0.125000 0.062500
vt 0.125000 0.500000
vt 0.140625 1.000000
vt 0.125000 0.937500
vt 0.140625 0.000000
vt 0.125000 0.437500
vt 0.125000 0.875000
vt 0.125000 0.375000
vt 0.125000 0.812500
vt 0.109375 0.000000
vt 0.093750 0.062500
vt 0.093750 0.500000
vt 0.093750 0.437500
vt 0.093750 0.937500
vt 0.093750 0.875000
vt 0.093750 0.375000
vt 0.093750 0.812500
vt 0.093750 0.312500
vt 0.093750 0.750000
vt 0.093750 0.250000
vt 0.093750 0.687500
vt 0.093750 0.187500
vt 0.093750 0.625000
vt 0.093750 0.125000
vt 0.093750 0.562500
vt 0.109375 1.000000
vt 0.062500 0.250000
vt 0.062500 0.187500
vt 0.062500 0.687500
vt 0.062500 0.625000
vt 0.062500 0.125000
vt 0.062500 0.562500
vt 0.062500 0.062500
vt 0.062500 0.500000
vt 0.078125 1.000000
vt 0.062500 0.937500
vt 0.078125 0.000000
vt 0.062500 0.437500
vt 0.062500 0.875000
vt 0.062500 0.375000
vt 0.062500 0.812500
vt 0.062500 0.312500
vt 0.062500 0.750000
vt 0.031250 0.937500
vt 0.031250 0.875000
vt 0.031250 0.437500
vt 0.031250 0.375000
vt 0.031250 0.812500
vt 0.031250 0.312500
vt 0.031250 0.750000
vt 0.031250 0.250000
vt 0.031250 0.687500
vt 0.031250 0.187500
vt 0.031250 0.625000
vt 0.031250 0.125000
vt 0.031250 0.562500
vt 0.031250 0.062500
vt 0.031250 0.500000
vt 0.046875 1.000000
vt 0.046875 0.000000
vt 0.000000 0.687500
vt 0.000000 0.625000
vt 0.000000 0.187500
vt 0.000000 0.125000
vt 0.000000 0.562500
vt 0.000000 0.062500
vt 0.000000 0.500000
vt 0.015625 1.000000
vt 0.000000 0.937500
vt 0.015625 0.000000
vt 0.000000 0.437500
vt 0.000000 0.875000
vt 0.000000 0.375000
vt 0.000000 0.812500
vt 0.000000 0.312500
vt 0.000000 0.750000
vt 0.000000 0.250000
vt 1.000000 0.375000
vt 1.000000 0.437500
vt 0.968750 0.437500
vt 0.968750 0.375000
vt 1.000000 0.812500
vt 1.000000 0.875000
vt 0.968750 0.875000
vt 0.968750 0.812500
vt 1.000000 0.312500
vt 0.968750 0.312500
vt 1.000000 0.750000
vt 0.968750 0.750000
vt 1.000000 0.250000
vt 0.968750 0.250000
vt 1.000000 0.687500
vt 0.968750 0.687500
vt 1.000000 0.187500
vt 0.968750 0.187500
vt 1.000000 0.625000
vt 0.968750 0.625000
vt 1.000000 0.125000
vt 0.968750 0.125000
vt 1.000000 0.562500
vt 0.968750 0.562500
vt 1.000000 0.062500
vt 0.968750 0.062500
vt 1.000000 0.500000
vt 0.968750 0.500000
vt 1.000000 0.937500
vt 0.984375 1.000000
vt 0.968750 0.937500
vt 0.984375 0.000000
vt 0.937500 0.187500
vt 0.937500 0.125000
vt 0.937500 0.625000
vt 0.937500 0.562500
vt 0.937500 0.062500
vt 0.937500 0.500000
vt 0.953125 1.000000
vt 0.937500 0.937500
vt 0.953125 0.000000
vt 0.937500 0.437500
vt 0.937500 0.875000
vt 0.937500 0.375000
vt 0.937500 0.812500
vt 0.937500 0.312500
vt 0.937500 0.750000
vt 0.937500 0.250000
vt 0.937500 0.687500
vt 0.906250 0.875000
vt 0.906250 0.812500
vt 0.906250 0.375000
vt 0.906250 0.312500
vt 0.906250 0.750000
vt 0.906250 0.250000
vt 0.906250 0.687500
vt 0.906250 0.187500
vt 0.906250 0.625000
vt 0.906250 0.125000
vt 0.906250 0.562500
vt 0.906250 0.062500
vt 0.906250 0.500000
vt 0.921875 1.000000
vt 0.906250 0.937500
vt 0.921875 0.000000
vt 0.906250 0.437500
vt 0.875000 0.625000
vt 0.875000 0.562500
vt 0.875000 0.125000
vt 0.875000 0.062500
vt 0.875000 0.500000
vt 0.890625 1.000000
vt 0.875000 0.937500
vt 0.890625 0.000000
vt 0.875000 0.437500
vt 0.875000 0.875000
vt 0.875000 0.375000
vt 0.875000 0.812500
vt 0.875000 0.312500
vt 0.875000 0.750000
vt 0.875000 0.250000
vt 0.875000 0.687500
vt 0.875000 0.187500
vt 0.843750 0.375000
vt 0.843750 0.312500
vt 0.843750 0.812500
vt 0.843750 0.750000
vt 0.843750 0.250000
vt 0.843750 0.687500
vt 0.843750 0.187500
vt 0.843750 0.625000
vt 0.843750 0.125000
vt 0.843750 0.562500
vt 0.843750 0.062500
vt 0.843750 0.500000
vt 0.859375 1.000000
vt 0.843750 0.937500
vt 0.859375 0.000000
vt 0.843750 0.437500
vt 0.843750 0.875000
vt 0.812500 0.125000
vt 0.812500 0.062500
vt 0.812500 0.562500
vt 0.812500 0.500000
vt 0.828125 1.000000
vt 0.812500 0.937500
vt 0.828125 0.000000
vt 0.812500 0.437500
vt 0.812500 0.875000
vt 0.812500 0.375000
vt 0.812500 0.812500
vt 0.812500 0.312500
vt 0.812500 0.750000
vt 0.812500 0.250000
vt 0.812500 0.687500
vt 0.812500 0.187500
vt 0.812500 0.625000
vt 0.781250 0.312500
vt 0.781250 0.250000
vt 0.781250 0.750000
vt 0.781250 0.687500
vt 0.781250 0.187500
vt 0.781250 0.625000
vt 0.781250 0.125000
vt 0.781250 0.562500
vt 0.781250 0.062500
vt 0.781250 0.500000
vt 0.796875 1.000000
vt 0.781250 0.937500
vt 0.796875 0.000000
vt 0.781250 0.437500
vt 0.781250 0.875000
vt 0.781250 0.375000
vt 0.781250 0.812500
vt 0.765625 1.000000
vt 0.765625 0.000000
s 1
f 1137/1139/1130 1136/1140/1129 1146/1141/1139 1147/1142/1140
f 1607/1143/1600 1215/1144/1208 1140/1145/1133
f 1441/1146/1434 1615/1147/1608 1154/1148/1147
f 1138/1149/1131 1137/1139/1130 1147/1142/1140 1148/1150/1141
f 1608/1151/1601 1607/1143/1600 1140/1145/1133 1141/1152/1134
f 1611/1153/1604 1138/1149/1131 1148/1150/1141 1149/1154/1142
f 1134/1155/1127 1608/1151/1601 1141/1152/1134 1142/1156/1135
f 1139/1157/1132 1611/1153/1604 1149/1154/1142 1150/1158/1143
f 1609/1159/1602 1134/1155/1127 1142/1156/1135 1143/1160/1136
f 1612/1161/1605 1139/1157/1132 1150/1158/1143 1151/1162/1144
f 1135/1163/1128 1609/1159/1602 1143/1160/1136 1144/1164/1137
f 1613/1165/1606 1612/1161/1605 1151/1162/1144 1152/1166/1145
f 1610/1167/1603 1135/1163/1128 1144/1164/1137 1145/1168/1138
f 1614/1169/1607 1613/1165/1606 1152/1166/1145 1153/1170/1146
f 1136/1140/1129 1610/1167/1603 1145/1168/1138 1146/1141/1139
f 1615/1147/1608 1614/1169/1607 1153/1170/1146 1154/1148/1147
f 1153/1170/1146 1152/1166/1145 1167/1171/1160 1168/1172/1161
f 1146/1141/1139 1145/1168/1138 1160/1173/1153 1161/1174/1154
f 1154/1148/1147 1153/1170/1146 1168/1172/1161 1169/1175/1162
f 1147/1142/1140 1146/1141/1139 1161/1174/1154 1162/1176/1155
f 1140/1145/1133 1215/1177/1208 1155/1178/1148
f 1441/1179/1434 1154/1148/1147 1169/1175/1162
f 1148/1150/1141 1147/1142/1140 1162/1176/1155 1163/1180/1156
f 1141/1152/1134 1140/1145/1133 1155/1178/1148 1156/1181/1149
f 1149/1154/1142 1148/1150/1141 1163/1180/1156 1164/1182/1157
f 1142/1156/1135 1141/1152/1134 1156/1181/1149 1157/1183/1150
f 1150/1158/1143 1149/1154/1142 1164/1182/1157 1165/1184/1158
f 1143/1160/1136 1142/1156/1135 1157/1183/1150 1158/1185/1151
f 1151/1162/1144 1150/1158/1143 1165/1184/1158 1166/1186/1159
f 1144/1164/1137 1143/1160/1136 1158/1185/1151 1159/1187/1152
f 1152/1166/1145 1151/1162/1144 1166/1186/1159 1167/1171/1160
f 1145/1168/1138 1144/1164/1137 1159/1187/1152 1160/1173/1153
f 1165/1184/1158 1164/1182/1157 1179/1188/1172 1180/1189/1173
f 1158/1185/1151 1157/1183/1150 1172/1190/1165 1173/1191/1166
f 1166/1186/1159 1165/1184/1158 1180/1189/1173 1181/1192/1174
f 1159/1187/1152 1158/1185/1151 1173/1191/1166 1174/1193/1167
f 1167/1171/1160 1166/1186/1159 1181/1192/1174 1182/1194/1175
f 1160/1173/1153 1159/1187/1152 1174/1193/1167 1175/1195/1168
f 1168/1172/1161 1167/1171/1160 1182/1194/1175 1183/1196/1176
f 1161/1174/1154 1160/1173/1153 1175/1195/1168 1176/1197/1169
f 1169/1175/1162 1168/1172/1161 1183/1196/1176 1184/1198/1177
f 1162/1176/1155 1161/1174/1154 1176/1197/1169 1177/1199/1170
f 1155/1178/1148 1215/1200/1208 1170/1201/1163
f 1441/1202/1434 1169/1175/1162 1184/1198/1177
f 1163/1180/1156 1162/1176/1155 1177/1199/1170 1178/1203/1171
f 1156/1181/1149 1155/1178/1148 1170/1201/1163 1171/1204/1164
f 1164/1182/1157 1163/1180/1156 1178/1203/1171 1179/1188/1172
f 1157/1183/1150 1156/1181/1149 1171/1204/1164 1172/1190/1165
f 1184/1198/1177 1183/1196/1176 1198/1205/1191 1199/1206/1192
f 1177/1199/1170 1176/1197/1169 1191/1207/1184 1192/1208/1185
f 1170/1201/1163 1215/1209/1208 1185/1210/1178
f 1441/1211/1434 1184/1198/1177 1199/1206/1192
f 1178/1203/1171 1177/1199/1170 1192/1208/1185 1193/1212/1186
f 1171/1204/1164 1170/1201/1163 1185/1210/1178 1186/1213/1179
f 1179/1188/1172 1178/1203/1171 1193/1212/1186 1194/1214/1187
f 1172/1190/1165 1171/1204/1164 1186/1213/1179 1187/1215/1180
f 1180/1189/1173 1179/1188/1172 1194/1214/1187 1195/1216/1188
f 1173/1191/1166 1172/1190/1165 1187/1215/1180 1188/1217/1181
f 1181/1192/1174 1180/1189/1173 1195/1216/1188 1196/1218/1189
f 1174/1193/1167 1173/1191/1166 1188/1217/1181 1189/1219/1182
f 1182/1194/1175 1181/1192/1174 1196/1218/1189 1197/1220/1190
f 1175/1195/1168 1174/1193/1167 1189/1219/1182 1190/1221/1183
f 1183/1196/1176 1182/1194/1175 1197/1220/1190 1198/1205/1191
f 1176/1197/1169 1175/1195/1168 1190/1221/1183 1191/1207/1184
f 1188/1217/1181 1187/1215/1180 1202/1222/1195 1203/1223/1196
f 1196/1218/1189 1195/1216/1188 1210/1224/1203 1211/1225/1204
f 1189/1219/1182 1188/1217/1181 1203/1223/1196 1204/1226/1197
f 1197/1220/1190 1196/1218/1189 1211/1225/1204 1212/1227/1205
f 1190/1221/1183 1189/1219/1182 1204/1226/1197 1205/1228/1198
f 1198/1205/1191 1197/1220/1190 1212/1227/1205 1213/1229/1206
f 1191/1207/1184 1190/1221/1183 1205/1228/1198 1206/1230/1199
f 1199/1206/1192 1198/1205/1191 1213/1229/1206 1214/1231/1207
f 1192/1208/1185 1191/1207/1184 1206/1230/1199 1207/1232/1200
f 1185/1210/1178 1215/1233/1208 1200/1234/1193
f 1441/1235/1434 1199/1206/1192 1214/1231/1207
f 1193/1212/1186 1192/1208/1185 1207/1232/1200 1208/1236/1201
f 1186/1213/1179 1185/1210/1178 1200/1234/1193 1201/1237/1194
f 1194/1214/1187 1193/1212/1186 1208/1236/1201 1209/1238/1202
f 1187/1215/1180 1186/1213/1179 1201/1237/1194 1202/1222/1195
f 1195/1216/1188 1194/1214/1187 1209/1238/1202 1210/1224/1203
f 1207/1232/1200 1206/1230/1199 1222/1239/1215 1223/1240/1216
f 1200/1234/1193 1215/1241/1208 1216/1242/1209
f 1441/1243/1434 1214/1231/1207 1230/1244/1223
f 1208/1236/1201 1207/1232/1200 1223/1240/1216 1224/1245/1217
f 1201/1237/1194 1200/1234/1193 1216/1242/1209 1217/1246/1210
f 1209/1238/1202 1208/1236/1201 1224/1245/1217 1225/1247/1218
f 1202/1222/1195 1201/1237/1194 1217/1246/1210 1218/1248/1211
f 1210/1224/1203 1209/1238/1202 1225/1247/1218 1226/1249/1219
f 1203/1223/1196 1202/1222/1195 1218/1248/1211 1219/1250/1212
f 1211/1225/1204 1210/1224/1203 1226/1249/1219 1227/1251/1220
f 1204/1226/1197 1203/1223/1196 1219/1250/1212 1220/1252/1213
f 1212/1227/1205 1211/1225/1204 1227/1251/1220 1228/1253/1221
f 1205/1228/1198 1204/1226/1197 1220/1252/1213 1221/1254/1214
f 1213/1229/1206 1212/1227/1205 1228/1253/1221 1229/1255/1222
f 1206/1230/1199 1205/1228/1198 1221/1254/1214 1222/1239/1215
f 1214/1231/1207 1213/1229/1206 1229/1255/1222 1230/1244/1223
f 1227/1251/1220 1226/1249/1219 1241/1256/1234 1242/1257/1235
f 1220/1252/1213 1219/1250/1212 1234/1258/1227 1235/1259/1228
f 1228/1253/1221 1227/1251/1220 1242/1257/1235 1243/1260/1236
f 1221/1254/1214 1220/1252/1213 1235/1259/1228 1236/1261/1229
f 1229/1255/1222 1228/1253/1221 1243/1260/1236 1244/1262/1237
f 1222/1239/1215 1221/1254/1214 1236/1261/1229 1237/1263/1230
f 1230/1244/1223 1229/1255/1222 1244/1262/1237 1245/1264/1238
f 1223/1240/1216 1222/1239/1215 1237/1263/1230 1238/1265/1231
f 1216/1242/1209 1215/1266/1208 1231/1267/1224
f 1441/1268/1434 1230/1244/1223 1245/1264/1238
f 1224/1245/1217 1223/1240/1216 1238/1265/1231 1239/1269/1232
f 1217/1246/1210 1216/1242/1209 1231/1267/1224 1232/1270/1225
f 1225/1247/1218 1224/1245/1217 1239/1269/1232 1240/1271/1233
f 1218/1248/1211 1217/1246/1210 1232/1270/1225 1233/1272/1226
f 1226/1249/1219 1225/1247/1218 1240/1271/1233 1241/1256/1234
f 1219/1250/1212 1218/1248/1211 1233/1272/1226 1234/1258/1227
f 1231/1267/1224 1215/1273/1208 1246/1274/1239
f 1441/1275/1434 1245/1264/1238 1260/1276/1253
f 1239/1269/1232 1238/1265/1231 1253/1277/1246 1254/1278/1247
f 1232/1270/1225 1231/1267/1224 1246/1274/1239 1247/1279/1240
f 1240/1271/1233 1239/1269/1232 1254/1278/1247 1255/1280/1248
f 1233/1272/1226 1232/1270/1225 1247/1279/1240 1248/1281/1241
f 1241/1256/1234 1240/1271/1233 1255/1280/1248 1256/1282/1249
f 1234/1258/1227 1233/1272/1226 1248/1281/1241 1249/1283/1242
f 1242/1257/1235 1241/1256/1234 1256/1282/1249 1257/1284/1250
f 1235/1259/1228 1234/1258/1227 1249/1283/1242 1250/1285/1243
f 1243/1260/1236 1242/1257/1235 1257/1284/1250 1258/1286/1251
f 1236/1261/1229 1235/1259/1228 1250/1285/1243 1251/1287/1244
f 1244/1262/1237 1243/1260/1236 1258/1286/1251 1259/1288/1252
f 1237/1263/1230 1236/1261/1229 1251/1287/1244 1252/1289/1245
f 1245/1264/1238 1244/1262/1237 1259/1288/1252 1260/1276/1253
f 1238/1265/1231 1237/1263/1230 1252/1289/1245 1253/1277/1246
f 1250/1285/1243 1249/1283/1242 1264/1290/1257 1265/1291/1258
f 1258/1286/1251 1257/1284/1250 1272/1292/1265 1273/1293/1266
f 1251/1287/1244 1250/1285/1243 1265/1291/1258 1266/1294/1259
f 1259/1288/1252 1258/1286/1251 1273/1293/1266 1274/1295/1267
f 1252/1289/1245 1251/1287/1244 1266/1294/1259 1267/1296/1260
f 1260/1276/1253 1259/1288/1252 1274/1295/1267 1275/1297/1268
f 1253/1277/1246 1252/1289/1245 1267/1296/1260 1268/1298/1261
f 1246/1274/1239 1215/1299/1208 1261/1300/1254
f 1441/1301/1434 1260/1276/1253 1275/1297/1268
f 1254/1278/1247 1253/1277/1246 1268/1298/1261 1269/1302/1262
f 1247/1279/1240 1246/1274/1239 1261/1300/1254 1262/1303/1255
f 1255/1280/1248 1254/1278/1247 1269/1302/1262 1270/1304/1263
f 1248/1281/1241 1247/1279/1240 1262/1303/1255 1263/1305/1256
f 1256/1282/1249 1255/1280/1248 1270/1304/1263 1271/1306/1264
f 1249/1283/1242 1248/1281/1241 1263/1305/1256 1264/1290/1257
f 1257/1284/1250 1256/1282/1249 1271/1306/1264 1272/1292/1265
f 1269/1302/1262 1268/1298/1261 1283/1307/1276 1284/1308/1277
f 1262/1303/1255 1261/1300/1254 1276/1309/1269 1277/1310/1270
f 1270/1304/1263 1269/1302/1262 1284/1308/1277 1285/1311/1278
f 1263/1305/1256 1262/1303/1255 1277/1310/1270 1278/1312/1271
f 1271/1306/1264 1270/1304/1263 1285/1311/1278 1286/1313/1279
f 1264/1290/1257 1263/1305/1256 1278/1312/1271 1279/1314/1272
f 1272/1292/1265 1271/1306/1264 1286/1313/1279 1287/1315/1280
f 1265/1291/1258 1264/1290/1257 1279/1314/1272 1280/1316/1273
f 1273/1293/1266 1272/1292/1265 1287/1315/1280 1288/1317/1281
f 1266/1294/1259 1265/1291/1258 1280/1316/1273 1281/1318/1274
f 1274/1295/1267 1273/1293/1266 1288/1317/1281 1289/1319/1282
f 1267/1296/1260 1266/1294/1259 1281/1318/1274 1282/1320/1275
f 1275/1297/1268 1274/1295/1267 1289/1319/1282 1290/1321/1283
f 1268/1298/1261 1267/1296/1260 1282/1320/1275 1283/1307/1276
f 1261/1300/1254 1215/1322/1208 1276/1309/1269
f 1441/1323/1434 1275/1297/1268 1290/1321/1283
f 1288/1317/1281 1287/1315/1280 1302/1324/1295 1303/1325/1296
f 1281/1318/1274 1280/1316/1273 1295/1326/1288 1296/1327/1289
f 1289/1319/1282 1288/1317/1281 1303/1325/1296 1304/1328/1297
f 1282/1320/1275 1281/1318/1274 1296/1327/1289 1297/1329/1290
f 1290/1321/1283 1289/1319/1282 1304/1328/1297 1305/1330/1298
f 1283/1307/1276 1282/1320/1275 1297/1329/1290 1298/1331/1291
f 1276/1309/1269 1215/1332/1208 1291/1333/1284
f 1441/1334/1434 1290/1321/1283 1305/1330/1298
f 1284/1308/1277 1283/1307/1276 1298/1331/1291 1299/1335/1292
f 1277/1310/1270 1276/1309/1269 1291/1333/1284 1292/1336/1285
f 1285/1311/1278 1284/1308/1277 1299/1335/1292 1300/1337/1293
f 1278/1312/1271 1277/1310/1270 1292/1336/1285 1293/1338/1286
f 1286/1313/1279 1285/1311/1278 1300/1337/1293 1301/1339/1294
f 1279/1314/1272 1278/1312/1271 1293/1338/1286 1294/1340/1287
f 1287/1315/1280 1286/1313/1279 1301/1339/1294 1302/1324/1295
f 1280/1316/1273 1279/1314/1272 1294/1340/1287 1295/1326/1288
f 1300/1337/1293 1299/1335/1292 1314/1341/1307 1315/1342/1308
f 1293/1338/1286 1292/1336/1285 1307/1343/1300 1308/1344/1301
f 1301/1339/1294 1300/1337/1293 1315/1342/1308 1316/1345/1309
f 1294/1340/1287 1293/1338/1286 1308/1344/1301 1309/1346/1302
f 1302/1324/1295 1301/1339/1294 1316/1345/1309 1317/1347/1310
f 1295/1326/1288 1294/1340/1287 1309/1346/1302 1310/1348/1303
f 1303/1325/1296 1302/1324/1295 1317/1347/1310 1318/1349/1311
f 1296/1327/1289 1295/1326/1288 1310/1348/1303 1311/1350/1304
f 1304/1328/1297 1303/1325/1296 1318/1349/1311 1319/1351/1312
f 1297/1329/1290 1296/1327/1289 1311/1350/1304 1312/1352/1305
f 1305/1330/1298 1304/1328/1297 1319/1351/1312 1320/1353/1313
f 1298/1331/1291 1297/1329/1290 1312/1352/1305 1313/1354/1306
f 1291/1333/1284 1215/1355/1208 1306/1356/1299
f 1441/1357/1434 1305/1330/1298 1320/1353/1313
f 1299/1335/1292 1298/1331/1291 1313/1354/1306 1314/1341/1307
f 1292/1336/1285 1291/1333/1284 1306/1356/1299 1307/1343/1300
f 1319/1351/1312 1318/1349/1311 1333/1358/1326 1334/1359/1327
f 1312/1352/1305 1311/1350/1304 1326/1360/1319 1327/1361/1320
f 1320/1353/1313 1319/1351/1312 1334/1359/1327 1335/1362/1328
f 1313/1354/1306 1312/1352/1305 1327/1361/1320 1328/1363/1321
f 1306/1356/1299 1215/1364/1208 1321/1365/1314
f 1441/1366/1434 1320/1353/1313 1335/1362/1328
f 1314/1341/1307 1313/1354/1306 1328/1363/1321 1329/1367/1322
f 1307/1343/1300 1306/1356/1299 1321/1365/1314 1322/1368/1315
f 1315/1342/1308 1314/1341/1307 1329/1367/1322 1330/1369/1323
f 1308/1344/1301 1307/1343/1300 1322/1368/1315 1323/1370/1316
f 1316/1345/1309 1315/1342/1308 1330/1369/1323 1331/1371/1324
f 1309/1346/1302 1308/1344/1301 1323/1370/1316 1324/1372/1317
f 1317/1347/1310 1316/1345/1309 1331/1371/1324 1332/1373/1325
f 1310/1348/1303 1309/1346/1302 1324/1372/1317 1325/1374/1318
f 1318/1349/1311 1317/1347/1310 1332/1373/1325 1333/1358/1326
f 1311/1350/1304 1310/1348/1303 1325/1374/1318 1326/1360/1319
f 1323/1370/1316 1322/1368/1315 1337/1375/1330 1338/1376/1331
f 1331/1371/1324 1330/1369/1323 1345/1377/1338 1346/1378/1339
f 1324/1372/1317 1323/1370/1316 1338/1376/1331 1339/1379/1332
f 1332/1373/1325 1331/1371/1324 1346/1378/1339 1347/1380/1340
f 1325/1374/1318 1324/1372/1317 1339/1379/1332 1340/1381/1333
f 1333/1358/1326 1332/1373/1325 1347/1380/1340 1348/1382/1341
f 1326/1360/1319 1325/1374/1318 1340/1381/1333 1341/1383/1334
f 1334/1359/1327 1333/1358/1326 1348/1382/1341 1349/1384/1342
f 1327/1361/1320 1326/1360/1319 1341/1383/1334 1342/1385/1335
f 1335/1362/1328 1334/1359/1327 1349/1384/1342 1350/1386/1343
f 1328/1363/1321 1327/1361/1320 1342/1385/1335 1343/1387/1336
f 1321/1365/1314 1215/1388/1208 1336/1389/1329
f 1441/1390/1434 1335/1362/1328 1350/1386/1343
f 1329/1367/1322 1328/1363/1321 1343/1387/1336 1344/1391/1337
f 1322/1368/1315 1321/1365/1314 1336/1389/1329 1337/1375/1330
f 1330/1369/1323 1329/1367/1322 1344/1391/1337 1345/1377/1338
f 1342/1385/1335 1341/1383/1334 1356/1392/1349 1357/1393/1350
f 1350/1386/1343 1349/1384/1342 1364/1394/1357 1365/1395/1358
f 1343/1387/1336 1342/1385/1335 1357/1393/1350 1358/1396/1351
f 1336/1389/1329 1215/1397/1208 1351/1398/1344
f 1441/1399/1434 1350/1386/1343 1365/1395/1358
f 1344/1391/1337 1343/1387/1336 1358/1396/1351 1359/1400/1352
f 1337/1375/1330 1336/1389/1329 1351/1398/1344 1352/1401/1345
f 1345/1377/1338 1344/1391/1337 1359/1400/1352 1360/1402/1353
f 1338/1376/1331 1337/1375/1330 1352/1401/1345 1353/1403/1346
f 1346/1378/1339 1345/1377/1338 1360/1402/1353 1361/1404/1354
f 1339/1379/1332 1338/1376/1331 1353/1403/1346 1354/1405/1347
f 1347/1380/1340 1346/1378/1339 1361/1404/1354 1362/1406/1355
f 1340/1381/1333 1339/1379/1332 1354/1405/1347 1355/1407/1348
f 1348/1382/1341 1347/1380/1340 1362/1406/1355 1363/1408/1356
f 1341/1383/1334 1340/1381/1333 1355/1407/1348 1356/1392/1349
f 1349/1384/1342 1348/1382/1341 1363/1408/1356 1364/1394/1357
f 1361/1404/1354 1360/1402/1353 1375/1409/1368 1376/1410/1369
f 1354/1405/1347 1353/1403/1346 1368/1411/1361 1369/1412/1362
f 1362/1406/1355 1361/1404/1354 1376/1410/1369 1377/1413/1370
f 1355/1407/1348 1354/1405/1347 1369/1412/1362 1370/1414/1363
f 1363/1408/1356 1362/1406/1355 1377/1413/1370 1378/1415/1371
f 1356/1392/1349 1355/1407/1348 1370/1414/1363 1371/1416/1364
f 1364/1394/1357 1363/1408/1356 1378/1415/1371 1379/1417/1372
f 1357/1393/1350 1356/1392/1349 1371/1416/1364 1372/1418/1365
f 1365/1395/1358 1364/1394/1357 1379/1417/1372 1380/1419/1373
f 1358/1396/1351 1357/1393/1350 1372/1418/1365 1373/1420/1366
f 1351/1398/1344 1215/1421/1208 1366/1422/1359
f 1441/1423/1434 1365/1395/1358 1380/1419/1373
f 1359/1400/1352 1358/1396/1351 1373/1420/1366 1374/1424/1367
f 1352/1401/1345 1351/1398/1344 1366/1422/1359 1367/1425/1360
f 1360/1402/1353 1359/1400/1352 1374/1424/1367 1375/1409/1368
f 1353/1403/1346 1352/1401/1345 1367/1425/1360 1368/1411/1361
f 1380/1419/1373 1379/1417/1372 1394/1426/1387 1395/1427/1388
f 1373/1420/1366 1372/1418/1365 1387/1428/1380 1388/1429/1381
f 1366/1422/1359 1215/1430/1208 1381/1431/1374
f 1441/1432/1434 1380/1419/1373 1395/1427/1388
f 1374/1424/1367 1373/1420/1366 1388/1429/1381 1389/1433/1382
f 1367/1425/1360 1366/1422/1359 1381/1431/1374 1382/1434/1375
f 1375/1409/1368 1374/1424/1367 1389/1433/1382 1390/1435/1383
f 1368/1411/1361 1367/1425/1360 1382/1434/1375 1383/1436/1376
f 1376/1410/1369 1375/1409/1368 1390/1435/1383 1391/1437/1384
f 1369/1412/1362 1368/1411/1361 1383/1436/1376 1384/1438/1377
f 1377/1413/1370 1376/1410/1369 1391/1437/1384 1392/1439/1385
f 1370/1414/1363 1369/1412/1362 1384/1438/1377 1385/1440/1378
f 1378/1415/1371 1377/1413/1370 1392/1439/1385 1393/1441/1386
f 1371/1416/1364 1370/1414/1363 1385/1440/1378 1386/1442/1379
f 1379/1417/1372 1378/1415/1371 1393/1441/1386 1394/1426/1387
f 1372/1418/1365 1371/1416/1364 1386/1442/1379 1387/1428/1380
f 1384/1438/1377 1383/1436/1376 1398/1443/1391 1399/1444/1392
f 1392/1439/1385 1391/1437/1384 1406/1445/1399 1407/1446/1400
f 1385/1440/1378 1384/1438/1377 1399/1444/1392 1400/1447/1393
f 1393/1441/1386 1392/1439/1385 1407/1446/1400 1408/1448/1401
f 1386/1442/1379 1385/1440/1378 1400/1447/1393 1401/1449/1394
f 1394/1426/1387 1393/1441/1386 1408/1448/1401 1409/1450/1402
f 1387/1428/1380 1386/1442/1379 1401/1449/1394 1402/1451/1395
f 1395/1427/1388 1394/1426/1387 1409/1450/1402 1410/1452/1403
f 1388/1429/1381 1387/1428/1380 1402/1451/1395 1403/1453/1396
f 1381/1431/1374 1215/1454/1208 1396/1455/1389
f 1441/1456/1434 1395/1427/1388 1410/1452/1403
f 1389/1433/1382 1388/1429/1381 1403/1453/1396 1404/1457/1397
f 1382/1434/1375 1381/1431/1374 1396/1455/1389 1397/1458/1390
f 1390/1435/1383 1389/1433/1382 1404/1457/1397 1405/1459/1398
f 1383/1436/1376 1382/1434/1375 1397/1458/1390 1398/1443/1391
f 1391/1437/1384 1390/1435/1383 1405/1459/1398 1406/1445/1399
f 1403/1453/1396 1402/1451/1395 1417/1460/1410 1418/1461/1411
f 1396/1455/1389 1215/1462/1208 1411/1463/1404
f 1441/1464/1434 1410/1452/1403 1425/1465/1418
f 1404/1457/1397 1403/1453/1396 1418/1461/1411 1419/1466/1412
f 1397/1458/1390 1396/1455/1389 1411/1463/1404 1412/1467/1405
f 1405/1459/1398 1404/1457/1397 1419/1466/1412 1420/1468/1413
f 1398/1443/1391 1397/1458/1390 1412/1467/1405 1413/1469/1406
f 1406/1445/1399 1405/1459/1398 1420/1468/1413 1421/1470/1414
f 1399/1444/1392 1398/1443/1391 1413/1469/1406 1414/1471/1407
f 1407/1446/1400 1406/1445/1399 1421/1470/1414 1422/1472/1415
f 1400/1447/1393 1399/1444/1392 1414/1471/1407 1415/1473/1408
f 1408/1448/1401 1407/1446/1400 1422/1472/1415 1423/1474/1416
f 1401/1449/1394 1400/1447/1393 1415/1473/1408 1416/1475/1409
f 1409/1450/1402 1408/1448/1401 1423/1474/1416 1424/1476/1417
f 1402/1451/1395 1401/1449/1394 1416/1475/1409 1417/1460/1410
f 1410/1452/1403 1409/1450/1402 1424/1476/1417 1425/1465/1418
f 1422/1472/1415 1421/1470/1414 1436/1477/1429 1437/1478/1430
f 1415/1473/1408 1414/1471/1407 1429/1479/1422 1430/1480/1423
f 1423/1474/1416 1422/1472/1415 1437/1478/1430 1438/1481/1431
f 1416/1475/1409 1415/1473/1408 1430/1480/1423 1431/1482/1424
f 1424/1476/1417 1423/1474/1416 1438/1481/1431 1439/1483/1432
f 1417/1460/1410 1416/1475/1409 1431/1482/1424 1432/1484/1425
f 1425/1465/1418 1424/1476/1417 1439/1483/1432 1440/1485/1433
f 1418/1461/1411 1417/1460/1410 1432/1484/1425 1433/1486/1426
f 1411/1463/1404 1215/1487/1208 1426/1488/1419
f 1441/1489/1434 1425/1465/1418 1440/1485/1433
f 1419/1466/1412 1418/1461/1411 1433/1486/1426 1434/1490/1427
f 1412/1467/1405 1411/1463/1404 1426/1488/1419 1427/1491/1420
f 1420/1468/1413 1419/1466/1412 1434/1490/1427 1435/1492/1428
f 1413/1469/1406 1412/1467/1405 1427/1491/1420 1428/1493/1421
f 1421/1470/1414 1420/1468/1413 1435/1492/1428 1436/1477/1429
f 1414/1471/1407 1413/1469/1406 1428/1493/1421 1429/1479/1422
f 1441/1494/1434 1440/1485/1433 1456/1495/1449
f 1434/1490/1427 1433/1486/1426 1449/1496/1442 1450/1497/1443
f 1427/1491/1420 1426/1488/1419 1442/1498/1435 1443/1499/1436
f 1435/1492/1428 1434/1490/1427 1450/1497/1443 1451/1500/1444
f 1428/1493/1421 1427/1491/1420 1443/1499/1436 1444/1501/1437
f 1436/1477/1429 1435/1492/1428 1451/1500/1444 1452/1502/1445
f 1429/1479/1422 1428/1493/1421 1444/1501/1437 1445/1503/1438
f 1437/1478/1430 1436/1477/1429 1452/1502/1445 1453/1504/1446
f 1430/1480/1423 1429/1479/1422 1445/1503/1438 1446/1505/1439
f 1438/1481/1431 1437/1478/1430 1453/1504/1446 1454/1506/1447
f 1431/1482/1424 1430/1480/1423 1446/1505/1439 1447/1507/1440
f 1439/1483/1432 1438/1481/1431 1454/1506/1447 1455/1508/1448
f 1432/1484/1425 1431/1482/1424 1447/1507/1440 1448/1509/1441
f 1440/1485/1433 1439/1483/1432 1455/1508/1448 1456/1495/1449
f 1433/1486/1426 1432/1484/1425 1448/1509/1441 1449/1496/1442
f 1426/1488/1419 1215/1510/1208 1442/1498/1435
f 1454/1506/1447 1453/1504/1446 1468/1511/1461 1469/1512/1462
f 1447/1507/1440 1446/1505/1439 1461/1513/1454 1462/1514/1455
f 1455/1508/1448 1454/1506/1447 1469/1512/1462 1470/1515/1463
f 1448/1509/1441 1447/1507/1440 1462/1514/1455 1463/1516/1456
f 1456/1495/1449 1455/1508/1448 1470/1515/1463 1471/1517/1464
f 1449/1496/1442 1448/1509/1441 1463/1516/1456 1464/1518/1457
f 1442/1498/1435 1215/1519/1208 1457/1520/1450
f 1441/1521/1434 1456/1495/1449 1471/1517/1464
f 1450/1497/1443 1449/1496/1442 1464/1518/1457 1465/1522/1458
f 1443/1499/1436 1442/1498/1435 1457/1520/1450 1458/1523/1451
f 1451/1500/1444 1450/1497/1443 1465/1522/1458 1466/1524/1459
f 1444/1501/1437 1443/1499/1436 1458/1523/1451 1459/1525/1452
f 1452/1502/1445 1451/1500/1444 1466/1524/1459 1467/1526/1460
f 1445/1503/1438 1444/1501/1437 1459/1525/1452 1460/1527/1453
f 1453/1504/1446 1452/1502/1445 1467/1526/1460 1468/1511/1461
f 1446/1505/1439 1445/1503/1438 1460/1527/1453 1461/1513/1454
f 1458/1523/1451 1457/1520/1450 1472/1528/1465 1473/1529/1466
f 1466/1524/1459 1465/1522/1458 1480/1530/1473 1481/1531/1474
f 1459/1525/1452 1458/1523/1451 1473/1529/1466 1474/1532/1467
f 1467/1526/1460 1466/1524/1459 1481/1531/1474 1482/1533/1475
f 1460/1527/1453 1459/1525/1452 1474/1532/1467 1475/1534/1468
f 1468/1511/1461 1467/1526/1460 1482/1533/1475 1483/1535/1476
f 1461/1513/1454 1460/1527/1453 1475/1534/1468 1476/1536/1469
f 1469/1512/1462 1468/1511/1461 1483/1535/1476 1484/1537/1477
f 1462/1514/1455 1461/1513/1454 1476/1536/1469 1477/1538/1470
f 1470/1515/1463 1469/1512/1462 1484/1537/1477 1485/1539/1478
f 1463/1516/1456 1462/1514/1455 1477/1538/1470 1478/1540/1471
f 1471/1517/1464 1470/1515/1463 1485/1539/1478 1486/1541/1479
f 1464/1518/1457 1463/1516/1456 1478/1540/1471 1479/1542/1472
f 1457/1520/1450 1215/1543/1208 1472/1528/1465
f 1441/1544/1434 1471/1517/1464 1486/1541/1479
f 1465/1522/1458 1464/1518/1457 1479/1542/1472 1480/1530/1473
f 1477/1538/1470 1476/1536/1469 1491/1545/1484 1492/1546/1485
f 1485/1539/1478 1484/1537/1477 1499/1547/1492 1500/1548/1493
f 1478/1540/1471 1477/1538/1470 1492/1546/1485 1493/1549/1486
f 1486/1541/1479 1485/1539/1478 1500/1548/1493 1501/1550/1494
f 1479/1542/1472 1478/1540/1471 1493/1549/1486 1494/1551/1487
f 1472/1528/1465 1215/1552/1208 1487/1553/1480
f 1441/1554/1434 1486/1541/1479 1501/1550/1494
f 1480/1530/1473 1479/1542/1472 1494/1551/1487 1495/1555/1488
f 1473/1529/1466 1472/1528/1465 1487/1553/1480 1488/1556/1481
f 1481/1531/1474 1480/1530/1473 1495/1555/1488 1496/1557/1489
f 1474/1532/1467 1473/1529/1466 1488/1556/1481 1489/1558/1482
f 1482/1533/1475 1481/1531/1474 1496/1557/1489 1497/1559/1490
f 1475/1534/1468 1474/1532/1467 1489/1558/1482 1490/1560/1483
f 1483/1535/1476 1482/1533/1475 1497/1559/1490 1498/1561/1491
f 1476/1536/1469 1475/1534/1468 1490/1560/1483 1491/1545/1484
f 1484/1537/1477 1483/1535/1476 1498/1561/1491 1499/1547/1492
f 1496/1562/1489 1495/1563/1488 1510/1564/1503 1511/1565/1504
f 1489/1566/1482 1488/1567/1481 1503/1568/1496 1504/1569/1497
f 1497/1570/1490 1496/1562/1489 1511/1565/1504 1512/1571/1505
f 1490/1572/1483 1489/1566/1482 1504/1569/1497 1505/1573/1498
f 1498/1574/1491 1497/1570/1490 1512/1571/1505 1513/1575/1506
f 1491/1576/1484 1490/1572/1483 1505/1573/1498 1506/1577/1499
f 1499/1578/1492 1498/1574/1491 1513/1575/1506 1514/1579/1507
f 1492/1580/1485 1491/1576/1484 1506/1577/1499 1507/1581/1500
f 1500/1582/1493 1499/1578/1492 1514/1579/1507 1515/1583/1508
f 1493/1584/1486 1492/1580/1485 1507/1581/1500 1508/1585/1501
f 1501/1586/1494 1500/1582/1493 1515/1583/1508 1516/1587/1509
f 1494/1588/1487 1493/1584/1486 1508/1585/1501 1509/1589/1502
f 1487/1590/1480 1215/1591/1208 1502/1592/1495
f 1441/1593/1434 1501/1586/1494 1516/1587/1509
f 1495/1563/1488 1494/1588/1487 1509/1589/1502 1510/1564/1503
f 1488/1567/1481 1487/1590/1480 1502/1592/1495 1503/1568/1496
f 1515/1583/1508 1514/1579/1507 1529/1594/1522 1530/1595/1523
f 1508/1585/1501 1507/1581/1500 1522/1596/1515 1523/1597/1516
f 1516/1587/1509 1515/1583/1508 1530/1595/1523 1531/1598/1524
f 1509/1589/1502 1508/1585/1501 1523/1597/1516 1524/1599/1517
f 1502/1592/1495 1215/1600/1208 1517/1601/1510
f 1441/1602/1434 1516/1587/1509 1531/1598/1524
f 1510/1564/1503 1509/1589/1502 1524/1599/1517 1525/1603/1518
f 1503/1568/1496 1502/1592/1495 1517/1601/1510 1518/1604/1511
f 1511/1565/1504 1510/1564/1503 1525/1603/1518 1526/1605/1519
f 1504/1569/1497 1503/1568/1496 1518/1604/1511 1519/1606/1512
f 1512/1571/1505 1511/1565/1504 1526/1605/1519 1527/1607/1520
f 1505/1573/1498 1504/1569/1497 1519/1606/1512 1520/1608/1513
f 1513/1575/1506 1512/1571/1505 1527/1607/1520 1528/1609/1521
f 1506/1577/1499 1505/1573/1498 1520/1608/1513 1521/1610/1514
f 1514/1579/1507 1513/1575/1506 1528/1609/1521 1529/1594/1522
f 1507/1581/1500 1506/1577/1499 1521/1610/1514 1522/1596/1515
f 1519/1606/1512 1518/1604/1511 1533/1611/1526 1534/1612/1527
f 1527/1607/1520 1526/1605/1519 1541/1613/1534 1542/1614/1535
f 1520/1608/1513 1519/1606/1512 1534/1612/1527 1535/1615/1528
f 1528/1609/1521 1527/1607/1520 1542/1614/1535 1543/1616/1536
f 1521/1610/1514 1520/1608/1513 1535/1615/1528 1536/1617/1529
f 1529/1594/1522 1528/1609/1521 1543/1616/1536 1544/1618/1537
f 1522/1596/1515 1521/1610/1514 1536/1617/1529 1537/1619/1530
f 1530/1595/1523 1529/1594/1522 1544/1618/1537 1545/1620/1538
f 1523/1597/1516 1522/1596/1515 1537/1619/1530 1538/1621/1531
f 1531/1598/1524 1530/1595/1523 1545/1620/1538 1546/1622/1539
f 1524/1599/1517 1523/1597/1516 1538/1621/1531 1539/1623/1532
f 1517/1601/1510 1215/1624/1208 1532/1625/1525
f 1441/1626/1434 1531/1598/1524 1546/1622/1539
f 1525/1603/1518 1524/1599/1517 1539/1623/1532 1540/1627/1533
f 1518/1604/1511 1517/1601/1510 1532/1625/1525 1533/1611/1526
f 1526/1605/1519 1525/1603/1518 1540/1627/1533 1541/1613/1534
f 1538/1621/1531 1537/1619/1530 1552/1628/1545 1553/1629/1546
f 1546/1622/1539 1545/1620/1538 1560/1630/1553 1561/1631/1554
f 1539/1623/1532 1538/1621/1531 1553/1629/1546 1554/1632/1547
f 1532/1625/1525 1215/1633/1208 1547/1634/1540
f 1441/1635/1434 1546/1622/1539 1561/1631/1554
f 1540/1627/1533 1539/1623/1532 1554/1632/1547 1555/1636/1548
f 1533/1611/1526 1532/1625/1525 1547/1634/1540 1548/1637/1541
f 1541/1613/1534 1540/1627/1533 1555/1636/1548 1556/1638/1549
f 1534/1612/1527 1533/1611/1526 1548/1637/1541 1549/1639/1542
f 1542/1614/1535 1541/1613/1534 1556/1638/1549 1557/1640/1550
f 1535/1615/1528 1534/1612/1527 1549/1639/1542 1550/1641/1543
f 1543/1616/1536 1542/1614/1535 1557/1640/1550 1558/1642/1551
f 1536/1617/1529 1535/1615/1528 1550/1641/1543 1551/1643/1544
f 1544/1618/1537 1543/1616/1536 1558/1642/1551 1559/1644/1552
f 1537/1619/1530 1536/1617/1529 1551/1643/1544 1552/1628/1545
f 1545/1620/1538 1544/1618/1537 1559/1644/1552 1560/1630/1553
f 1557/1640/1550 1556/1638/1549 1571/1645/1564 1572/1646/1565
f 1550/1641/1543 1549/1639/1542 1564/1647/1557 1565/1648/1558
f 1558/1642/1551 1557/1640/1550 1572/1646/1565 1573/1649/1566
f 1551/1643/1544 1550/1641/1543 1565/1648/1558 1566/1650/1559
f 1559/1644/1552 1558/1642/1551 1573/1649/1566 1574/1651/1567
f 1552/1628/1545 1551/1643/1544 1566/1650/1559 1567/1652/1560
f 1560/1630/1553 1559/1644/1552 1574/1651/1567 1575/1653/1568
f 1553/1629/1546 1552/1628/1545 1567/1652/1560 1568/1654/1561
f 1561/1631/1554 1560/1630/1553 1575/1653/1568 1576/1655/1569
f 1554/1632/1547 1553/1629/1546 1568/1654/1561 1569/1656/1562
f 1547/1634/1540 1215/1657/1208 1562/1658/1555
f 1441/1659/1434 1561/1631/1554 1576/1655/1569
f 1555/1636/1548 1554/1632/1547 1569/1656/1562 1570/1660/1563
f 1548/1637/1541 1547/1634/1540 1562/1658/1555 1563/1661/1556
f 1556/1638/1549 1555/1636/1548 1570/1660/1563 1571/1645/1564
f 1549/1639/1542 1548/1637/1541 1563/1661/1556 1564/1647/1557
f 1576/1655/1569 1575/1653/1568 1590/1662/1583 1591/1663/1584
f 1569/1656/1562 1568/1654/1561 1583/1664/1576 1584/1665/1577
f 1562/1658/1555 1215/1666/1208 1577/1667/1570
f 1441/1668/1434 1576/1655/1569 1591/1663/1584
f 1570/1660/1563 1569/1656/1562 1584/1665/1577 1585/1669/1578
f 1563/1661/1556 1562/1658/1555 1577/1667/1570 1578/1670/1571
f 1571/1645/1564 1570/1660/1563 1585/1669/1578 1586/1671/1579
f 1564/1647/1557 1563/1661/1556 1578/1670/1571 1579/1672/1572
f 1572/1646/1565 1571/1645/1564 1586/1671/1579 1587/1673/1580
f 1565/1648/1558 1564/1647/1557 1579/1672/1572 1580/1674/1573
f 1573/1649/1566 1572/1646/1565 1587/1673/1580 1588/1675/1581
f 1566/1650/1559 1565/1648/1558 1580/1674/1573 1581/1676/1574
f 1574/1651/1567 1573/1649/1566 1588/1675/1581 1589/1677/1582
f 1567/1652/1560 1566/1650/1559 1581/1676/1574 1582/1678/1575
f 1575/1653/1568 1574/1651/1567 1589/1677/1582 1590/1662/1583
f 1568/1654/1561 1567/1652/1560 1582/1678/1575 1583/1664/1576
f 1588/1675/1581 1587/1673/1580 1602/1679/1595 1603/1680/1596
f 1581/1676/1574 1580/1674/1573 1595/1681/1588 1596/1682/1589
f 1589/1677/1582 1588/1675/1581 1603/1680/1596 1604/1683/1597
f 1582/1678/1575 1581/1676/1574 1596/1682/1589 1597/1684/1590
f 1590/1662/1583 1589/1677/1582 1604/1683/1597 1605/1685/1598
f 1583/1664/1576 1582/1678/1575 1597/1684/1590 1598/1686/1591
f 1591/1663/1584 1590/1662/1583 1605/1685/1598 1606/1687/1599
f 1584/1665/1577 1583/1664/1576 1598/1686/1591 1599/1688/1592
f 1577/1667/1570 1215/1689/1208 1592/1690/1585
f 1441/1691/1434 1591/1663/1584 1606/1687/1599
f 1585/1669/1578 1584/1665/1577 1599/1688/1592 1600/1692/1593
f 1578/1670/1571 1577/1667/1570 1592/1690/1585 1593/1693/1586
f 1586/1671/1579 1585/1669/1578 1600/1692/1593 1601/1694/1594
f 1579/1672/1572 1578/1670/1571 1593/1693/1586 1594/1695/1587
f 1587/1673/1580 1586/1671/1579 1601/1694/1594 1602/1679/1595
f 1580/1674/1573 1579/1672/1572 1594/1695/1587 1595/1681/1588
f 1592/1690/1585 1215/1696/1208 1607/1143/1600
f 1441/1697/1434 1606/1687/1599 1615/1147/1608
f 1600/1692/1593 1599/1688/1592 1137/1139/1130 1138/1149/1131
f 1593/1693/1586 1592/1690/1585 1607/1143/1600 1608/1151/1601
f 1601/1694/1594 1600/1692/1593 1138/1149/1131 1611/1153/1604
f 1594/1695/1587 1593/1693/1586 1608/1151/1601 1134/1155/1127
f 1602/1679/1595 1601/1694/1594 1611/1153/1604 1139/1157/1132
f 1595/1681/1588 1594/1695/1587 1134/1155/1127 1609/1159/1602
f 1603/1680/1596 1602/1679/1595 1139/1157/1132 1612/1161/1605
f 1596/1682/1589 1595/1681/1588 1609/1159/1602 1135/1163/1128
f 1604/1683/1597 1603/1680/1596 1612/1161/1605 1613/1165/1606
f 1597/1684/1590 1596/1682/1589 1135/1163/1128 1610/1167/1603
f 1605/1685/1598 1604/1683/1597 1613/1165/1606 1614/1169/1607
f 1598/1686/1591 1597/1684/1590 1610/1167/1603 1136/1140/1129
f 1606/1687/1599 1605/1685/1598 1614/1169/1607 1615/1147/1608
f 1599/1688/1592 1598/1686/1591 1136/1140/1129 1137/1139/1130
o Cylinder.005
v 0.180994 -0.199366 0.523319
v 0.133774 -0.125764 1.044904
v 0.140755 -0.231253 0.524864
v 0.104489 -0.148970 1.046029
v 0.095062 -0.254683 0.526073
v 0.071235 -0.166022 1.046908
v 0.045670 -0.268755 0.526898
v 0.035288 -0.176264 1.047509
v -0.005523 -0.272929 0.527308
v -0.001969 -0.179301 1.047808
v -0.056549 -0.267045 0.527288
v -0.039105 -0.175019 1.047793
v -0.105448 -0.251328 0.526838
v -0.074692 -0.163581 1.047466
v -0.150339 -0.226383 0.525976
v -0.107363 -0.145426 1.046838
v -0.189499 -0.193168 0.524733
v -0.135863 -0.121253 1.045934
v -0.221423 -0.152960 0.523160
v -0.159096 -0.091990 1.044788
v -0.244882 -0.107303 0.521315
v -0.176170 -0.058762 1.043446
v -0.258977 -0.057953 0.519269
v -0.186428 -0.022846 1.041957
v -0.263165 -0.006806 0.517102
v -0.189476 0.014378 1.040380
v -0.257285 0.044173 0.514897
v -0.185196 0.051480 1.038775
v -0.241564 0.093025 0.512738
v -0.173755 0.087033 1.037203
v -0.216605 0.137871 0.510708
v -0.155590 0.119671 1.035726
v -0.183367 0.176990 0.508885
v -0.131400 0.148141 1.034400
v -0.143129 0.208876 0.507340
v -0.102116 0.171347 1.033275
v -0.097435 0.232306 0.506131
v -0.068861 0.188399 1.032395
v -0.048043 0.246378 0.505306
v -0.032914 0.198640 1.031795
v 0.003149 0.250553 0.504895
v 0.004343 0.201678 1.031496
v 0.054175 0.244668 0.504915
v 0.041478 0.197396 1.031511
v 0.103074 0.228951 0.505365
v 0.077066 0.185957 1.031838
v 0.147966 0.204006 0.506228
v 0.109737 0.167803 1.032466
v 0.187126 0.170791 0.507470
v 0.138237 0.143630 1.033370
v 0.219049 0.130583 0.509044
v 0.161470 0.114367 1.034515
v 0.242509 0.084926 0.510889
v 0.178544 0.081139 1.035858
v 0.256603 0.035576 0.512934
v 0.188801 0.045223 1.037347
v 0.260791 -0.015571 0.515101
v 0.191849 0.007999 1.038924
v 0.254912 -0.066550 0.517307
v 0.187570 -0.029103 1.040529
v 0.239190 -0.115402 0.519466
v 0.176128 -0.064656 1.042100
v 0.214231 -0.160248 0.521496
v 0.157964 -0.097294 1.043578
v 0.143129 -0.208876 1.048414
v 0.183367 -0.176990 1.046869
v 0.097435 -0.232306 1.049623
v 0.048043 -0.246378 1.050448
v -0.003149 -0.250553 1.050858
v -0.054175 -0.244668 1.050838
v -0.103074 -0.228951 1.050388
v -0.147966 -0.204006 1.049526
v -0.187126 -0.170791 1.048284
v -0.219049 -0.130583 1.046710
v -0.242509 -0.084926 1.044865
v -0.256603 -0.035576 1.042819
v -0.260791 0.015571 1.040652
v -0.254912 0.066550 1.038447
v -0.239190 0.115402 1.036288
v -0.214231 0.160248 1.034258
v -0.180994 0.199366 1.032435
v -0.140755 0.231253 1.030890
v -0.095062 0.254683 1.029681
v -0.045670 0.268755 1.028856
v 0.005523 0.272929 1.028445
v 0.056549 0.267045 1.028465
v 0.105448 0.251328 1.028915
v 0.150339 0.226383 1.029778
v 0.189499 0.193168 1.031020
v 0.221423 0.152960 1.032594
v 0.244882 0.107303 1.034439
v 0.258977 0.057953 1.036484
v 0.263165 0.006806 1.038651
v 0.257285 -0.044173 1.040857
v 0.241564 -0.093025 1.043016
v 0.216605 -0.137871 1.045046
v 0.104723 -0.146766 1.097593
v 0.134008 -0.123560 1.096468
v 0.071468 -0.163818 1.098472
v 0.035522 -0.174060 1.099073
v -0.001735 -0.177098 1.099372
v -0.038871 -0.172815 1.099357
v -0.074458 -0.161377 1.099029
v -0.107130 -0.143222 1.098402
v -0.135630 -0.119049 1.097498
v -0.158863 -0.089786 1.096352
v -0.175936 -0.056558 1.095009
v -0.186194 -0.020642 1.093521
v -0.189242 0.016582 1.091944
v -0.184963 0.053684 1.090339
v -0.173521 0.089237 1.088767
v -0.155356 0.121875 1.087290
v -0.131167 0.150345 1.085963
v -0.101882 0.173551 1.084839
v -0.068627 0.190603 1.083959
v -0.032681 0.200844 1.083358
v 0.004576 0.203882 1.083060
v 0.041712 0.199600 1.083074
v 0.077299 0.188161 1.083402
v 0.109971 0.170007 1.084030
v 0.138471 0.145833 1.084934
v 0.161704 0.116571 1.086079
v 0.178777 0.083343 1.087422
v 0.189035 0.047427 1.088910
v 0.192083 0.010203 1.090487
v 0.187804 -0.026899 1.092093
v 0.176362 -0.062452 1.093664
v 0.158197 -0.095090 1.095141
vn 0.5030 -0.5520 -0.6650
vn 0.4786 -0.4598 0.7480
vn 0.3912 -0.6406 -0.6607
vn 0.3736 -0.5430 0.7520
vn 0.2643 -0.7057 -0.6574
vn 0.2544 -0.6041 0.7552
vn 0.1271 -0.7448 -0.6551
vn 0.1256 -0.6408 0.7573
vn -0.0152 -0.7564 -0.6539
vn -0.0080 -0.6517 0.7584
vn -0.1569 -0.7401 -0.6540
vn -0.1411 -0.6364 0.7584
vn -0.2927 -0.6964 -0.6552
vn -0.2687 -0.5954 0.7572
vn -0.4175 -0.6271 -0.6576
vn -0.3858 -0.5303 0.7549
vn -0.5262 -0.5348 -0.6611
vn -0.4880 -0.4436 0.7517
vn -0.6149 -0.4231 -0.6655
vn -0.5713 -0.3387 0.7476
vn -0.6801 -0.2963 -0.6706
vn -0.6325 -0.2196 0.7428
vn -0.7192 -0.1592 -0.6763
vn -0.6693 -0.0908 0.7374
vn -0.7309 -0.0171 -0.6823
vn -0.6802 0.0426 0.7318
vn -0.7145 0.1245 -0.6884
vn -0.6649 0.1756 0.7260
vn -0.6709 0.2602 -0.6944
vn -0.6239 0.3031 0.7204
vn -0.6015 0.3848 -0.7001
vn -0.5587 0.4201 0.7151
vn -0.5092 0.4935 -0.7051
vn -0.4720 0.5221 0.7103
vn -0.3974 0.5821 -0.7094
vn -0.3670 0.6053 0.7063
vn -0.2705 0.6471 -0.7128
vn -0.2478 0.6665 0.7032
vn -0.1333 0.6862 -0.7151
vn -0.1189 0.7032 0.7010
vn 0.0089 0.6978 -0.7162
vn 0.0146 0.7141 0.6999
vn 0.1507 0.6815 -0.7161
vn 0.1477 0.6987 0.7000
vn 0.2865 0.6378 -0.7149
vn 0.2753 0.6577 0.7012
vn 0.4112 0.5685 -0.7125
vn 0.3925 0.5926 0.7034
vn 0.5200 0.4763 -0.7090
vn 0.4946 0.5060 0.7066
vn 0.6087 0.3646 -0.7047
vn 0.5779 0.4011 0.7108
vn 0.6739 0.2377 -0.6996
vn 0.6391 0.2819 0.7156
vn 0.7130 0.1006 -0.6939
vn 0.6759 0.1532 0.7209
vn 0.7247 -0.0415 -0.6878
vn 0.6868 0.0197 0.7266
vn 0.7083 -0.1831 -0.6817
vn 0.6715 -0.1133 0.7323
vn 0.6647 -0.3188 -0.6757
vn 0.6305 -0.2407 0.7379
vn 0.5953 -0.4434 -0.6701
vn 0.5653 -0.3577 0.7432
vn 0.3974 -0.5821 0.7094
vn 0.5092 -0.4935 0.7051
vn 0.2705 -0.6471 0.7128
vn 0.1333 -0.6862 0.7151
vn -0.0089 -0.6978 0.7162
vn -0.1507 -0.6815 0.7162
vn -0.2865 -0.6378 0.7149
vn -0.4112 -0.5685 0.7125
vn -0.5200 -0.4763 0.7091
vn -0.6087 -0.3646 0.7047
vn -0.6739 -0.2377 0.6996
vn -0.7130 -0.1006 0.6939
vn -0.7247 0.0415 0.6879
vn -0.7083 0.1831 0.6817
vn -0.6647 0.3188 0.6757
vn -0.5953 0.4434 0.6701
vn -0.5030 0.5520 0.6650
vn -0.3912 0.6406 0.6607
vn -0.2643 0.7057 0.6574
vn -0.1271 0.7448 0.6551
vn 0.0152 0.7564 0.6539
vn 0.1569 0.7400 0.6540
vn 0.2927 0.6964 0.6552
vn 0.4174 0.6271 0.6576
vn 0.5262 0.5348 0.6611
vn 0.6149 0.4231 0.6655
vn 0.6801 0.2963 0.6706
vn 0.7192 0.1592 0.6763
vn 0.7309 0.0171 0.6823
vn 0.7145 -0.1245 0.6884
vn 0.6709 -0.2602 0.6944
vn 0.6015 -0.3848 0.7001
vn -0.1507 -0.6815 0.7161
vn -0.5200 -0.4763 0.7090
vn -0.7247 0.0415 0.6878
vn 0.1569 0.7401 0.6540
vn 0.4175 0.6271 0.6576
vt 1.000000 0.500000
vt 1.000000 1.000000
vt 0.968750 1.000000
vt 0.968750 0.500000
vt 0.937500 1.000000
vt 0.937500 0.500000
vt 0.906250 1.000000
vt 0.906250 0.500000
vt 0.875000 1.000000
vt 0.875000 0.500000
vt 0.843750 1.000000
vt 0.843750 0.500000
vt 0.812500 1.000000
vt 0.812500 0.500000
vt 0.781250 1.000000
vt 0.781250 0.500000
vt 0.750000 1.000000
vt 0.750000 0.500000
vt 0.718750 1.000000
vt 0.718750 0.500000
vt 0.687500 1.000000
vt 0.687500 0.500000
vt 0.656250 1.000000
vt 0.656250 0.500000
vt 0.625000 1.000000
vt 0.625000 0.500000
vt 0.593750 1.000000
vt 0.593750 0.500000
vt 0.562500 1.000000
vt 0.562500 0.500000
vt 0.531250 1.000000
vt 0.531250 0.500000
vt 0.500000 1.000000
vt 0.500000 0.500000
vt 0.468750 1.000000
vt 0.468750 0.500000
vt 0.437500 1.000000
vt 0.437500 0.500000
vt 0.406250 1.000000
vt 0.406250 0.500000
vt 0.375000 1.000000
vt 0.375000 0.500000
vt 0.343750 1.000000
vt 0.343750 0.500000
vt 0.312500 1.000000
vt 0.312500 0.500000
vt 0.281250 1.000000
vt 0.281250 0.500000
vt 0.250000 1.000000
vt 0.250000 0.500000
vt 0.218750 1.000000
vt 0.218750 0.500000
vt 0.187500 1.000000
vt 0.187500 0.500000
vt 0.156250 1.000000
vt 0.156250 0.500000
vt 0.125000 1.000000
vt 0.125000 0.500000
vt 0.093750 1.000000
vt 0.093750 0.500000
vt 0.062500 1.000000
vt 0.062500 0.500000
vt 0.373508 0.373508
vt 0.347040 0.395230
vt 0.031250 1.000000
vt 0.031250 0.500000
vt 0.000000 1.000000
vt 0.000000 0.500000
vt 0.750000 0.490000
vt 0.796822 0.485388
vt 0.841844 0.471731
vt 0.883337 0.449553
vt 0.919706 0.419706
vt 0.949553 0.383337
vt 0.971731 0.341844
vt 0.985388 0.296822
vt 0.990000 0.250000
vt 0.985388 0.203178
vt 0.971731 0.158156
vt 0.949553 0.116663
vt 0.919706 0.080294
vt 0.883337 0.050447
vt 0.841844 0.028269
vt 0.796822 0.014612
vt 0.750000 0.010000
vt 0.703178 0.014612
vt 0.658156 0.028269
vt 0.616663 0.050447
vt 0.580294 0.080294
vt 0.550447 0.116663
vt 0.528269 0.158156
vt 0.514612 0.203178
vt 0.510000 0.250000
vt 0.514612 0.296822
vt 0.528269 0.341844
vt 0.550447 0.383337
vt 0.580294 0.419706
vt 0.616663 0.449553
vt 0.658156 0.471731
vt 0.703178 0.485388
vt 0.250000 0.424667
vt 0.284076 0.421311
vt 0.296822 0.485388
vt 0.250000 0.490000
vt 0.316842 0.411371
vt 0.341844 0.471731
vt 0.383337 0.449553
vt 0.419706 0.419706
vt 0.395230 0.347040
vt 0.449553 0.383337
vt 0.411371 0.316842
vt 0.471731 0.341844
vt 0.421311 0.284076
vt 0.485388 0.296822
vt 0.424667 0.250000
vt 0.490000 0.250000
vt 0.421311 0.215924
vt 0.485388 0.203178
vt 0.411371 0.183158
vt 0.471731 0.158156
vt 0.395231 0.152960
vt 0.449553 0.116663
vt 0.373508 0.126492
vt 0.419706 0.080294
vt 0.347040 0.104770
vt 0.383337 0.050447
vt 0.316842 0.088629
vt 0.341844 0.028269
vt 0.284076 0.078689
vt 0.296822 0.014612
vt 0.250000 0.075333
vt 0.250000 0.010000
vt 0.215924 0.078689
vt 0.203178 0.014612
vt 0.183158 0.088629
vt 0.158156 0.028269
vt 0.152960 0.104770
vt 0.116663 0.050447
vt 0.126492 0.126492
vt 0.080294 0.080294
vt 0.104770 0.152960
vt 0.050447 0.116663
vt 0.088629 0.183158
vt 0.028269 0.158156
vt 0.078689 0.215924
vt 0.014612 0.203178
vt 0.075333 0.250000
vt 0.010000 0.250000
vt 0.078689 0.284076
vt 0.014612 0.296822
vt 0.088629 0.316842
vt 0.028269 0.341844
vt 0.104770 0.347040
vt 0.050447 0.383337
vt 0.126492 0.373508
vt 0.080294 0.419706
vt 0.152960 0.395230
vt 0.116663 0.449553
vt 0.183158 0.411371
vt 0.158156 0.471731
vt 0.215924 0.421311
vt 0.203178 0.485388
s 1
f 1616/1698/1609 1681/1699/1674 1680/1700/1673 1618/1701/1611
f 1618/1701/1611 1680/1700/1673 1682/1702/1675 1620/1703/1613
f 1620/1703/1613 1682/1702/1675 1683/1704/1676 1622/1705/1615
f 1622/1705/1615 1683/1704/1676 1684/1706/1677 1624/1707/1617
f 1624/1707/1617 1684/1706/1677 1685/1708/1678 1626/1709/1619
f 1626/1709/1619 1685/1708/1678 1686/1710/1679 1628/1711/1621
f 1628/1711/1621 1686/1710/1679 1687/1712/1680 1630/1713/1623
f 1630/1713/1623 1687/1712/1680 1688/1714/1681 1632/1715/1625
f 1632/1715/1625 1688/1714/1681 1689/1716/1682 1634/1717/1627
f 1634/1717/1627 1689/1716/1682 1690/1718/1683 1636/1719/1629
f 1636/1719/1629 1690/1718/1683 1691/1720/1684 1638/1721/1631
f 1638/1721/1631 1691/1720/1684 1692/1722/1685 1640/1723/1633
f 1640/1723/1633 1692/1722/1685 1693/1724/1686 1642/1725/1635
f 1642/1725/1635 1693/1724/1686 1694/1726/1687 1644/1727/1637
f 1644/1727/1637 1694/1726/1687 1695/1728/1688 1646/1729/1639
f 1646/1729/1639 1695/1728/1688 1696/1730/1689 1648/1731/1641
f 1648/1731/1641 1696/1730/1689 1697/1732/1690 1650/1733/1643
f 1650/1733/1643 1697/1732/1690 1698/1734/1691 1652/1735/1645
f 1652/1735/1645 1698/1734/1691 1699/1736/1692 1654/1737/1647
f 1654/1737/1647 1699/1736/1692 1700/1738/1693 1656/1739/1649
f 1656/1739/1649 1700/1738/1693 1701/1740/1694 1658/1741/1651
f 1658/1741/1651 1701/1740/1694 1702/1742/1695 1660/1743/1653
f 1660/1743/1653 1702/1742/1695 1703/1744/1696 1662/1745/1655
f 1662/1745/1655 1703/1744/1696 1704/1746/1697 1664/1747/1657
f 1664/1747/1657 1704/1746/1697 1705/1748/1698 1666/1749/1659
f 1666/1749/1659 1705/1748/1698 1706/1750/1699 1668/1751/1661
f 1668/1751/1661 1706/1750/1699 1707/1752/1700 1670/1753/1663
f 1670/1753/1663 1707/1752/1700 1708/1754/1701 1672/1755/1665
f 1672/1755/1665 1708/1754/1701 1709/1756/1702 1674/1757/1667
f 1674/1757/1667 1709/1756/1702 1710/1758/1703 1676/1759/1669
f 1625/1760/1618 1623/1761/1616 1715/1761/1676 1716/1760/1677
f 1676/1759/1669 1710/1758/1703 1711/1762/1704 1678/1763/1671
f 1678/1763/1671 1711/1762/1704 1681/1764/1674 1616/1765/1609
f 1616/1766/1609 1618/1767/1611 1620/1768/1613 1622/1769/1615 1624/1770/1617 1626/1771/1619 1628/1772/1621 1630/1773/1623 1632/1774/1625 1634/1775/1627 1636/1776/1629 1638/1777/1631 1640/1778/1633 1642/1779/1635 1644/1780/1637 1646/1781/1639 1648/1782/1641 1650/1783/1643 1652/1784/1645 1654/1785/1647 1656/1786/1649 1658/1787/1651 1660/1788/1653 1662/1789/1655 1664/1790/1657 1666/1791/1659 1668/1792/1661 1670/1793/1663 1672/1794/1665 1674/1795/1667 1676/1796/1669 1678/1797/1671
f 1617/1798/1610 1619/1799/1612 1680/1800/1673 1681/1801/1674
f 1619/1799/1612 1621/1802/1614 1682/1803/1675 1680/1800/1673
f 1621/1802/1614 1623/1761/1616 1683/1804/1676 1682/1803/1675
f 1623/1761/1616 1625/1760/1618 1684/1805/1677 1683/1804/1676
f 1625/1760/1618 1627/1806/1620 1685/1807/1678 1684/1805/1677
f 1627/1806/1620 1629/1808/1622 1686/1809/1679 1685/1807/1678
f 1629/1808/1622 1631/1810/1624 1687/1811/1680 1686/1809/1679
f 1631/1810/1624 1633/1812/1626 1688/1813/1681 1687/1811/1680
f 1633/1812/1626 1635/1814/1628 1689/1815/1682 1688/1813/1681
f 1635/1814/1628 1637/1816/1630 1690/1817/1683 1689/1815/1682
f 1637/1816/1630 1639/1818/1632 1691/1819/1684 1690/1817/1683
f 1639/1818/1632 1641/1820/1634 1692/1821/1685 1691/1819/1684
f 1641/1820/1634 1643/1822/1636 1693/1823/1686 1692/1821/1685
f 1643/1822/1636 1645/1824/1638 1694/1825/1687 1693/1823/1686
f 1645/1824/1638 1647/1826/1640 1695/1827/1688 1694/1825/1687
f 1647/1826/1640 1649/1828/1642 1696/1829/1689 1695/1827/1688
f 1649/1828/1642 1651/1830/1644 1697/1831/1690 1696/1829/1689
f 1651/1830/1644 1653/1832/1646 1698/1833/1691 1697/1831/1690
f 1653/1832/1646 1655/1834/1648 1699/1835/1692 1698/1833/1691
f 1655/1834/1648 1657/1836/1650 1700/1837/1693 1699/1835/1692
f 1657/1836/1650 1659/1838/1652 1701/1839/1694 1700/1837/1693
f 1659/1838/1652 1661/1840/1654 1702/1841/1695 1701/1839/1694
f 1661/1840/1654 1663/1842/1656 1703/1843/1696 1702/1841/1695
f 1663/1842/1656 1665/1844/1658 1704/1845/1697 1703/1843/1696
f 1665/1844/1658 1667/1846/1660 1705/1847/1698 1704/1845/1697
f 1667/1846/1660 1669/1848/1662 1706/1849/1699 1705/1847/1698
f 1669/1848/1662 1671/1850/1664 1707/1851/1700 1706/1849/1699
f 1671/1850/1664 1673/1852/1666 1708/1853/1701 1707/1851/1700
f 1673/1852/1666 1675/1854/1668 1709/1855/1702 1708/1853/1701
f 1675/1854/1668 1677/1856/1670 1710/1857/1703 1709/1855/1702
f 1677/1856/1670 1679/1858/1672 1711/1859/1704 1710/1857/1703
f 1679/1858/1672 1617/1798/1610 1681/1801/1674 1711/1859/1704
f 1712/1799/1673 1713/1798/1674 1743/1858/1704 1742/1856/1703 1741/1854/1702 1740/1852/1701 1739/1850/1700 1738/1848/1699 1737/1846/1698 1736/1844/1697 1735/1842/1709 1734/1840/1695 1733/1838/1708 1732/1836/1693 1731/1834/1692 1730/1832/1691 1729/1830/1690 1728/1828/1689 1727/1826/1688 1726/1824/1687 1725/1822/1686 1724/1820/1707 1723/1818/1684 1722/1816/1683 1721/1814/1682 1720/1812/1706 1719/1810/1680 1718/1808/1679 1717/1806/1705 1716/1760/1677 1715/1761/1676 1714/1802/1675
f 1679/1858/1672 1677/1856/1670 1742/1856/1703 1743/1858/1704
f 1653/1832/1646 1651/1830/1644 1729/1830/1690 1730/1832/1691
f 1627/1806/1620 1625/1760/1618 1716/1760/1677 1717/1806/1705
f 1617/1798/1610 1679/1858/1672 1743/1858/1704 1713/1798/1674
f 1655/1834/1648 1653/1832/1646 1730/1832/1691 1731/1834/1692
f 1629/1808/1622 1627/1806/1620 1717/1806/1705 1718/1808/1679
f 1657/1836/1650 1655/1834/1648 1731/1834/1692 1732/1836/1693
f 1631/1810/1624 1629/1808/1622 1718/1808/1679 1719/1810/1680
f 1659/1838/1652 1657/1836/1650 1732/1836/1693 1733/1838/1708
f 1633/1812/1626 1631/1810/1624 1719/1810/1680 1720/1812/1706
f 1661/1840/1654 1659/1838/1652 1733/1838/1708 1734/1840/1695
f 1635/1814/1628 1633/1812/1626 1720/1812/1706 1721/1814/1682
f 1663/1842/1656 1661/1840/1654 1734/1840/1695 1735/1842/1709
f 1637/1816/1630 1635/1814/1628 1721/1814/1682 1722/1816/1683
f 1665/1844/1658 1663/1842/1656 1735/1842/1709 1736/1844/1697
f 1639/1818/1632 1637/1816/1630 1722/1816/1683 1723/1818/1684
f 1667/1846/1660 1665/1844/1658 1736/1844/1697 1737/1846/1698
f 1641/1820/1634 1639/1818/1632 1723/1818/1684 1724/1820/1707
f 1669/1848/1662 1667/1846/1660 1737/1846/1698 1738/1848/1699
f 1643/1822/1636 1641/1820/1634 1724/1820/1707 1725/1822/1686
f 1671/1850/1664 1669/1848/1662 1738/1848/1699 1739/1850/1700
f 1645/1824/1638 1643/1822/1636 1725/1822/1686 1726/1824/1687
f 1619/1799/1612 1617/1798/1610 1713/1798/1674 1712/1799/1673
f 1673/1852/1666 1671/1850/1664 1739/1850/1700 1740/1852/1701
f 1647/1826/1640 1645/1824/1638 1726/1824/1687 1727/1826/1688
f 1621/1802/1614 1619/1799/1612 1712/1799/1673 1714/1802/1675
f 1675/1854/1668 1673/1852/1666 1740/1852/1701 1741/1854/1702
f 1649/1828/1642 1647/1826/1640 1727/1826/1688 1728/1828/1689
f 1623/1761/1616 1621/1802/1614 1714/1802/1675 1715/1761/1676
f 1677/1856/1670 1675/1854/1668 1741/1854/1702 1742/1856/1703
f 1651/1830/1644 1649/1828/1642 1728/1828/1689 1729/1830/1690
o Cylinder.004
v 0.170954 0.203646 -0.504312
v 0.117224 0.145427 -1.027210
v 0.128335 0.232311 -0.503811
v 0.086207 0.166288 -1.026845
v 0.080945 0.252110 -0.503180
v 0.051717 0.180698 -1.026386
v 0.030603 0.262282 -0.502442
v 0.015079 0.188101 -1.025849
v -0.020754 0.262437 -0.501627
v -0.022298 0.188214 -1.025256
v -0.071154 0.252568 -0.500765
v -0.058978 0.181032 -1.024629
v -0.118660 0.233056 -0.499890
v -0.093551 0.166831 -1.023992
v -0.161445 0.204649 -0.499036
v -0.124690 0.146157 -1.023370
v -0.197867 0.168439 -0.498234
v -0.151197 0.119804 -1.022787
v -0.226524 0.125819 -0.497517
v -0.172053 0.088786 -1.022264
v -0.246316 0.078425 -0.496911
v -0.186457 0.054293 -1.021824
v -0.256483 0.028079 -0.496440
v -0.193856 0.017653 -1.021481
v -0.256633 -0.023284 -0.496122
v -0.193965 -0.019728 -1.021249
v -0.246760 -0.073691 -0.495969
v -0.186780 -0.056413 -1.021138
v -0.227245 -0.121203 -0.495987
v -0.172578 -0.090992 -1.021151
v -0.198837 -0.163996 -0.496175
v -0.151903 -0.122136 -1.021288
v -0.162628 -0.200425 -0.496527
v -0.125551 -0.148648 -1.021544
v -0.120009 -0.229089 -0.497028
v -0.094533 -0.169509 -1.021909
v -0.072618 -0.248888 -0.497659
v -0.060043 -0.183919 -1.022368
v -0.022277 -0.259061 -0.498397
v -0.023406 -0.191322 -1.022905
v 0.029081 -0.259216 -0.499212
v 0.013971 -0.191435 -1.023498
v 0.079481 -0.249347 -0.500074
v 0.050651 -0.184253 -1.024125
v 0.126986 -0.229835 -0.500948
v 0.085225 -0.170052 -1.024762
v 0.169772 -0.201428 -0.501803
v 0.116363 -0.149378 -1.025384
v 0.206193 -0.165218 -0.502604
v 0.142870 -0.123025 -1.025967
v 0.234851 -0.122598 -0.503322
v 0.163726 -0.092007 -1.026489
v 0.254643 -0.075204 -0.503928
v 0.178131 -0.057514 -1.026930
v 0.264809 -0.024858 -0.504399
v 0.185530 -0.020874 -1.027273
v 0.264959 0.026505 -0.504717
v 0.185639 0.016507 -1.027504
v 0.255087 0.076912 -0.504870
v 0.178454 0.053192 -1.027616
v 0.235572 0.124424 -0.504852
v 0.164251 0.087771 -1.027603
v 0.207164 0.167217 -0.504663
v 0.143576 0.118915 -1.027466
v 0.120009 0.229089 -1.027768
v 0.162628 0.200425 -1.028269
v 0.072618 0.248888 -1.027137
v 0.022277 0.259061 -1.026399
v -0.029081 0.259216 -1.025584
v -0.079481 0.249347 -1.024723
v -0.126986 0.229835 -1.023848
v -0.169772 0.201428 -1.022993
v -0.206193 0.165218 -1.022192
v -0.234851 0.122598 -1.021474
v -0.254643 0.075204 -1.020869
v -0.264809 0.024858 -1.020397
v -0.264959 -0.026505 -1.020079
v -0.255087 -0.076912 -1.019926
v -0.235572 -0.124424 -1.019944
v -0.207164 -0.167217 -1.020133
v -0.170954 -0.203646 -1.020484
v -0.128335 -0.232311 -1.020985
v -0.080945 -0.252110 -1.021617
v -0.030603 -0.262282 -1.022354
v 0.020754 -0.262437 -1.023169
v 0.071154 -0.252568 -1.024031
v 0.118660 -0.233056 -1.024906
v 0.161445 -0.204649 -1.025760
v 0.197867 -0.168439 -1.026562
v 0.226524 -0.125819 -1.027279
v 0.246316 -0.078425 -1.027885
v 0.256483 -0.028079 -1.028356
v 0.256633 0.023284 -1.028674
v 0.246760 0.073691 -1.028827
v 0.227245 0.121203 -1.028809
v 0.198837 0.163996 -1.028621
v 0.085387 0.165971 -1.078449
v 0.116404 0.145110 -1.078814
v 0.050897 0.180380 -1.077989
v 0.014259 0.187784 -1.077453
v -0.023118 0.187896 -1.076859
v -0.059798 0.180714 -1.076232
v -0.094372 0.166514 -1.075596
v -0.125510 0.145840 -1.074974
v -0.152017 0.119487 -1.074390
v -0.172873 0.088468 -1.073868
v -0.187277 0.053976 -1.073427
v -0.194676 0.017335 -1.073085
v -0.194785 -0.020046 -1.072853
v -0.187601 -0.056730 -1.072742
v -0.173398 -0.091309 -1.072755
v -0.152723 -0.122453 -1.072892
v -0.126371 -0.148965 -1.073148
v -0.095353 -0.169827 -1.073512
v -0.060863 -0.184236 -1.073972
v -0.024226 -0.191639 -1.074509
v 0.013151 -0.191752 -1.075102
v 0.049831 -0.184570 -1.075729
v 0.084405 -0.170369 -1.076366
v 0.115543 -0.149695 -1.076988
v 0.142050 -0.123342 -1.077571
v 0.162906 -0.092324 -1.078093
v 0.177311 -0.057832 -1.078534
v 0.184710 -0.021191 -1.078877
v 0.184819 0.016190 -1.079108
v 0.177634 0.052875 -1.079220
v 0.163431 0.087454 -1.079206
v 0.142756 0.118597 -1.079069
vn 0.4742 0.5655 0.6748
vn 0.4236 0.5226 -0.7399
vn 0.3558 0.6451 0.6762
vn 0.3124 0.5974 -0.7386
vn 0.2242 0.7001 0.6779
vn 0.1887 0.6491 -0.7369
vn 0.0843 0.7284 0.6800
vn 0.0574 0.6756 -0.7350
vn -0.0583 0.7288 0.6822
vn -0.0766 0.6760 -0.7329
vn -0.1983 0.7014 0.6846
vn -0.2081 0.6503 -0.7306
vn -0.3303 0.6472 0.6871
vn -0.3321 0.5994 -0.7284
vn -0.4492 0.5683 0.6894
vn -0.4437 0.5253 -0.7261
vn -0.5503 0.4677 0.6917
vn -0.5387 0.4308 -0.7240
vn -0.6300 0.3493 0.6937
vn -0.6135 0.3196 -0.7222
vn -0.6849 0.2176 0.6953
vn -0.6651 0.1959 -0.7206
vn -0.7132 0.0777 0.6967
vn -0.6916 0.0646 -0.7194
vn -0.7136 -0.0649 0.6975
vn -0.6920 -0.0694 -0.7185
vn -0.6862 -0.2050 0.6980
vn -0.6663 -0.2010 -0.7181
vn -0.6320 -0.3370 0.6979
vn -0.6154 -0.3249 -0.7182
vn -0.5530 -0.4558 0.6974
vn -0.5412 -0.4366 -0.7187
vn -0.4525 -0.5570 0.6964
vn -0.4468 -0.5316 -0.7196
vn -0.3341 -0.6367 0.6950
vn -0.3356 -0.6064 -0.7209
vn -0.2024 -0.6917 0.6933
vn -0.2119 -0.6581 -0.7225
vn -0.0626 -0.7199 0.6912
vn -0.0806 -0.6846 -0.7245
vn 0.0801 -0.7204 0.6890
vn 0.0534 -0.6850 -0.7266
vn 0.2201 -0.6929 0.6866
vn 0.1849 -0.6593 -0.7288
vn 0.3521 -0.6387 0.6841
vn 0.3089 -0.6083 -0.7311
vn 0.4710 -0.5598 0.6818
vn 0.4205 -0.5342 -0.7333
vn 0.5721 -0.4592 0.6795
vn 0.5155 -0.4398 -0.7354
vn 0.6517 -0.3408 0.6775
vn 0.5903 -0.3286 -0.7373
vn 0.7067 -0.2092 0.6759
vn 0.6419 -0.2049 -0.7389
vn 0.7350 -0.0693 0.6745
vn 0.6684 -0.0735 -0.7401
vn 0.7354 0.0734 0.6737
vn 0.6688 0.0605 -0.7409
vn 0.7080 0.2134 0.6732
vn 0.6431 0.1920 -0.7413
vn 0.6537 0.3454 0.6733
vn 0.5922 0.3159 -0.7413
vn 0.5748 0.4643 0.6738
vn 0.5180 0.4276 -0.7408
vn 0.3341 0.6367 -0.6950
vn 0.4524 0.5570 -0.6964
vn 0.2024 0.6917 -0.6933
vn 0.0626 0.7199 -0.6912
vn -0.0801 0.7204 -0.6890
vn -0.2201 0.6929 -0.6866
vn -0.3521 0.6387 -0.6841
vn -0.4710 0.5598 -0.6818
vn -0.5721 0.4592 -0.6795
vn -0.6517 0.3408 -0.6775
vn -0.7067 0.2092 -0.6759
vn -0.7350 0.0693 -0.6746
vn -0.7354 -0.0734 -0.6737
vn -0.7080 -0.2134 -0.6732
vn -0.6537 -0.3454 -0.6733
vn -0.5748 -0.4643 -0.6738
vn -0.4742 -0.5655 -0.6748
vn -0.3558 -0.6451 -0.6762
vn -0.2242 -0.7001 -0.6779
vn -0.0843 -0.7284 -0.6800
vn 0.0583 -0.7288 -0.6823
vn 0.1983 -0.7014 -0.6846
vn 0.3303 -0.6472 -0.6871
vn 0.4492 -0.5683 -0.6895
vn 0.5503 -0.4677 -0.6917
vn 0.6299 -0.3493 -0.6937
vn 0.6849 -0.2176 -0.6954
vn 0.7132 -0.0777 -0.6967
vn 0.7136 0.0649 -0.6975
vn 0.6862 0.2050 -0.6980
vn 0.6320 0.3370 -0.6979
vn 0.5530 0.4558 -0.6974
vn 0.4525 0.5570 -0.6964
vn -0.7350 0.0693 -0.6745
vn 0.0583 -0.7288 -0.6822
vn 0.4492 -0.5683 -0.6894
vn 0.6300 -0.3493 -0.6937
vn 0.6849 -0.2176 -0.6953
vt 1.000000 0.500000
vt 1.000000 1.000000
vt 0.968750 1.000000
vt 0.968750 0.500000
vt 0.937500 1.000000
vt 0.937500 0.500000
vt 0.906250 1.000000
vt 0.906250 0.500000
vt 0.875000 1.000000
vt 0.875000 0.500000
vt 0.843750 1.000000
vt 0.843750 0.500000
vt 0.812500 1.000000
vt 0.812500 0.500000
vt 0.781250 1.000000
vt 0.781250 0.500000
vt 0.750000 1.000000
vt 0.750000 0.500000
vt 0.718750 1.000000
vt 0.718750 0.500000
vt 0.687500 1.000000
vt 0.687500 0.500000
vt 0.656250 1.000000
vt 0.656250 0.500000
vt 0.625000 1.000000
vt 0.625000 0.500000
vt 0.593750 1.000000
vt 0.593750 0.500000
vt 0.562500 1.000000
vt 0.562500 0.500000
vt 0.531250 1.000000
vt 0.531250 0.500000
vt 0.500000 1.000000
vt 0.500000 0.500000
vt 0.468750 1.000000
vt 0.468750 0.500000
vt 0.437500 1.000000
vt 0.437500 0.500000
vt 0.406250 1.000000
vt 0.406250 0.500000
vt 0.375000 1.000000
vt 0.375000 0.500000
vt 0.343750 1.000000
vt 0.343750 0.500000
vt 0.312500 1.000000
vt 0.312500 0.500000
vt 0.281250 1.000000
vt 0.281250 0.500000
vt 0.250000 1.000000
vt 0.250000 0.500000
vt 0.218750 1.000000
vt 0.218750 0.500000
vt 0.187500 1.000000
vt 0.187500 0.500000
vt 0.156250 1.000000
vt 0.156250 0.500000
vt 0.125000 1.000000
vt 0.125000 0.500000
vt 0.093750 1.000000
vt 0.093750 0.500000
vt 0.062500 1.000000
vt 0.062500 0.500000
vt 0.373508 0.373508
vt 0.347040 0.395230
vt 0.031250 1.000000
vt 0.031250 0.500000
vt 0.000000 1.000000
vt 0.000000 0.500000
vt 0.750000 0.490000
vt 0.796822 0.485388
vt 0.841844 0.471731
vt 0.883337 0.449553
vt 0.919706 0.419706
vt 0.949553 0.383337
vt 0.971731 0.341844
vt 0.985388 0.296822
vt 0.990000 0.250000
vt 0.985388 0.203178
vt 0.971731 0.158156
vt 0.949553 0.116663
vt 0.919706 0.080294
vt 0.883337 0.050447
vt 0.841844 0.028269
vt 0.796822 0.014612
vt 0.750000 0.010000
vt 0.703178 0.014612
vt 0.658156 0.028269
vt 0.616663 0.050447
vt 0.580294 0.080294
vt 0.550447 0.116663
vt 0.528269 0.158156
vt 0.514612 0.203178
vt 0.510000 0.250000
vt 0.514612 0.296822
vt 0.528269 0.341844
vt 0.550447 0.383337
vt 0.580294 0.419706
vt 0.616663 0.449553
vt 0.658156 0.471731
vt 0.703178 0.485388
vt 0.250000 0.424667
vt 0.284076 0.421311
vt 0.296822 0.485388
vt 0.250000 0.490000
vt 0.316842 0.411371
vt 0.341844 0.471731
vt 0.383337 0.449553
vt 0.419706 0.419706
vt 0.395230 0.347040
vt 0.449553 0.383337
vt 0.411371 0.316842
vt 0.471731 0.341844
vt 0.421311 0.284076
vt 0.485388 0.296822
vt 0.424667 0.250000
vt 0.490000 0.250000
vt 0.421311 0.215924
vt 0.485388 0.203178
vt 0.411371 0.183158
vt 0.471731 0.158156
vt 0.395231 0.152960
vt 0.449553 0.116663
vt 0.373508 0.126492
vt 0.419706 0.080294
vt 0.347040 0.104770
vt 0.383337 0.050447
vt 0.316842 0.088629
vt 0.341844 0.028269
vt 0.284076 0.078689
vt 0.296822 0.014612
vt 0.250000 0.075333
vt 0.250000 0.010000
vt 0.215924 0.078689
vt 0.203178 0.014612
vt 0.183158 0.088629
vt 0.158156 0.028269
vt 0.152960 0.104770
vt 0.116663 0.050447
vt 0.126492 0.126492
vt 0.080294 0.080294
vt 0.104770 0.152960
vt 0.050447 0.116663
vt 0.088629 0.183158
vt 0.028269 0.158156
vt 0.078689 0.215924
vt 0.014612 0.203178
vt 0.075333 0.250000
vt 0.010000 0.250000
vt 0.078689 0.284076
vt 0.014612 0.296822
vt 0.088629 0.316842
vt 0.028269 0.341844
vt 0.104770 0.347040
vt 0.050447 0.383337
vt 0.126492 0.373508
vt 0.080294 0.419706
vt 0.152960 0.395230
vt 0.116663 0.449553
vt 0.183158 0.411371
vt 0.158156 0.471731
vt 0.215924 0.421311
vt 0.203178 0.485388
s 1
f 1744/1860/1710 1809/1861/1775 1808/1862/1774 1746/1863/1712
f 1746/1863/1712 1808/1862/1774 1810/1864/1776 1748/1865/1714
f 1748/1865/1714 1810/1864/1776 1811/1866/1777 1750/1867/1716
f 1750/1867/1716 1811/1866/1777 1812/1868/1778 1752/1869/1718
f 1752/1869/1718 1812/1868/1778 1813/1870/1779 1754/1871/1720
f 1754/1871/1720 1813/1870/1779 1814/1872/1780 1756/1873/1722
f 1756/1873/1722 1814/1872/1780 1815/1874/1781 1758/1875/1724
f 1758/1875/1724 1815/1874/1781 1816/1876/1782 1760/1877/1726
f 1760/1877/1726 1816/1876/1782 1817/1878/1783 1762/1879/1728
f 1762/1879/1728 1817/1878/1783 1818/1880/1784 1764/1881/1730
f 1764/1881/1730 1818/1880/1784 1819/1882/1785 1766/1883/1732
f 1766/1883/1732 1819/1882/1785 1820/1884/1786 1768/1885/1734
f 1768/1885/1734 1820/1884/1786 1821/1886/1787 1770/1887/1736
f 1770/1887/1736 1821/1886/1787 1822/1888/1788 1772/1889/1738
f 1772/1889/1738 1822/1888/1788 1823/1890/1789 1774/1891/1740
f 1774/1891/1740 1823/1890/1789 1824/1892/1790 1776/1893/1742
f 1776/1893/1742 1824/1892/1790 1825/1894/1791 1778/1895/1744
f 1778/1895/1744 1825/1894/1791 1826/1896/1792 1780/1897/1746
f 1780/1897/1746 1826/1896/1792 1827/1898/1793 1782/1899/1748
f 1782/1899/1748 1827/1898/1793 1828/1900/1794 1784/1901/1750
f 1784/1901/1750 1828/1900/1794 1829/1902/1795 1786/1903/1752
f 1786/1903/1752 1829/1902/1795 1830/1904/1796 1788/1905/1754
f 1788/1905/1754 1830/1904/1796 1831/1906/1797 1790/1907/1756
f 1790/1907/1756 1831/1906/1797 1832/1908/1798 1792/1909/1758
f 1792/1909/1758 1832/1908/1798 1833/1910/1799 1794/1911/1760
f 1794/1911/1760 1833/1910/1799 1834/1912/1800 1796/1913/1762
f 1796/1913/1762 1834/1912/1800 1835/1914/1801 1798/1915/1764
f 1798/1915/1764 1835/1914/1801 1836/1916/1802 1800/1917/1766
f 1800/1917/1766 1836/1916/1802 1837/1918/1803 1802/1919/1768
f 1802/1919/1768 1837/1918/1803 1838/1920/1804 1804/1921/1770
f 1753/1922/1719 1751/1923/1717 1843/1923/1777 1844/1922/1778
f 1804/1921/1770 1838/1920/1804 1839/1924/1805 1806/1925/1772
f 1806/1925/1772 1839/1924/1805 1809/1926/1775 1744/1927/1710
f 1744/1928/1710 1746/1929/1712 1748/1930/1714 1750/1931/1716 1752/1932/1718 1754/1933/1720 1756/1934/1722 1758/1935/1724 1760/1936/1726 1762/1937/1728 1764/1938/1730 1766/1939/1732 1768/1940/1734 1770/1941/1736 1772/1942/1738 1774/1943/1740 1776/1944/1742 1778/1945/1744 1780/1946/1746 1782/1947/1748 1784/1948/1750 1786/1949/1752 1788/1950/1754 1790/1951/1756 1792/1952/1758 1794/1953/1760 1796/1954/1762 1798/1955/1764 1800/1956/1766 1802/1957/1768 1804/1958/1770 1806/1959/1772
f 1745/1960/1711 1747/1961/1713 1808/1962/1774 1809/1963/1775
f 1747/1961/1713 1749/1964/1715 1810/1965/1776 1808/1962/1774
f 1749/1964/1715 1751/1923/1717 1811/1966/1777 1810/1965/1776
f 1751/1923/1717 1753/1922/1719 1812/1967/1778 1811/1966/1777
f 1753/1922/1719 1755/1968/1721 1813/1969/1779 1812/1967/1778
f 1755/1968/1721 1757/1970/1723 1814/1971/1780 1813/1969/1779
f 1757/1970/1723 1759/1972/1725 1815/1973/1781 1814/1971/1780
f 1759/1972/1725 1761/1974/1727 1816/1975/1782 1815/1973/1781
f 1761/1974/1727 1763/1976/1729 1817/1977/1783 1816/1975/1782
f 1763/1976/1729 1765/1978/1731 1818/1979/1784 1817/1977/1783
f 1765/1978/1731 1767/1980/1733 1819/1981/1785 1818/1979/1784
f 1767/1980/1733 1769/1982/1735 1820/1983/1786 1819/1981/1785
f 1769/1982/1735 1771/1984/1737 1821/1985/1787 1820/1983/1786
f 1771/1984/1737 1773/1986/1739 1822/1987/1788 1821/1985/1787
f 1773/1986/1739 1775/1988/1741 1823/1989/1789 1822/1987/1788
f 1775/1988/1741 1777/1990/1743 1824/1991/1790 1823/1989/1789
f 1777/1990/1743 1779/1992/1745 1825/1993/1791 1824/1991/1790
f 1779/1992/1745 1781/1994/1747 1826/1995/1792 1825/1993/1791
f 1781/1994/1747 1783/1996/1749 1827/1997/1793 1826/1995/1792
f 1783/1996/1749 1785/1998/1751 1828/1999/1794 1827/1997/1793
f 1785/1998/1751 1787/2000/1753 1829/2001/1795 1828/1999/1794
f 1787/2000/1753 1789/2002/1755 1830/2003/1796 1829/2001/1795
f 1789/2002/1755 1791/2004/1757 1831/2005/1797 1830/2003/1796
f 1791/2004/1757 1793/2006/1759 1832/2007/1798 1831/2005/1797
f 1793/2006/1759 1795/2008/1761 1833/2009/1799 1832/2007/1798
f 1795/2008/1761 1797/2010/1763 1834/2011/1800 1833/2009/1799
f 1797/2010/1763 1799/2012/1765 1835/2013/1801 1834/2011/1800
f 1799/2012/1765 1801/2014/1767 1836/2015/1802 1835/2013/1801
f 1801/2014/1767 1803/2016/1769 1837/2017/1803 1836/2015/1802
f 1803/2016/1769 1805/2018/1771 1838/2019/1804 1837/2017/1803
f 1805/2018/1771 1807/2020/1773 1839/2021/1805 1838/2019/1804
f 1807/2020/1773 1745/1960/1711 1809/1963/1775 1839/2021/1805
f 1840/1961/1774 1841/1960/1806 1871/2020/1805 1870/2018/1804 1869/2016/1803 1868/2014/1802 1867/2012/1801 1866/2010/1811 1865/2008/1810 1864/2006/1798 1863/2004/1809 1862/2002/1796 1861/2000/1795 1860/1998/1808 1859/1996/1793 1858/1994/1792 1857/1992/1791 1856/1990/1790 1855/1988/1789 1854/1986/1788 1853/1984/1787 1852/1982/1786 1851/1980/1807 1850/1978/1784 1849/1976/1783 1848/1974/1782 1847/1972/1781 1846/1970/1780 1845/1968/1779 1844/1922/1778 1843/1923/1777 1842/1964/1776
f 1807/2020/1773 1805/2018/1771 1870/2018/1804 1871/2020/1805
f 1781/1994/1747 1779/1992/1745 1857/1992/1791 1858/1994/1792
f 1755/1968/1721 1753/1922/1719 1844/1922/1778 1845/1968/1779
f 1745/1960/1711 1807/2020/1773 1871/2020/1805 1841/1960/1806
f 1783/1996/1749 1781/1994/1747 1858/1994/1792 1859/1996/1793
f 1757/1970/1723 1755/1968/1721 1845/1968/1779 1846/1970/1780
f 1785/1998/1751 1783/1996/1749 1859/1996/1793 1860/1998/1808
f 1759/1972/1725 1757/1970/1723 1846/1970/1780 1847/1972/1781
f 1787/2000/1753 1785/1998/1751 1860/1998/1808 1861/2000/1795
f 1761/1974/1727 1759/1972/1725 1847/1972/1781 1848/1974/1782
f 1789/2002/1755 1787/2000/1753 1861/2000/1795 1862/2002/1796
f 1763/1976/1729 1761/1974/1727 1848/1974/1782 1849/1976/1783
f 1791/2004/1757 1789/2002/1755 1862/2002/1796 1863/2004/1809
f 1765/1978/1731 1763/1976/1729 1849/1976/1783 1850/1978/1784
f 1793/2006/1759 1791/2004/1757 1863/2004/1809 1864/2006/1798
f 1767/1980/1733 1765/1978/1731 1850/1978/1784 1851/1980/1807
f 1795/2008/1761 1793/2006/1759 1864/2006/1798 1865/2008/1810
f 1769/1982/1735 1767/1980/1733 1851/1980/1807 1852/1982/1786
f 1797/2010/1763 1795/2008/1761 1865/2008/1810 1866/2010/1811
f 1771/1984/1737 1769/1982/1735 1852/1982/1786 1853/1984/1787
f 1799/2012/1765 1797/2010/1763 1866/2010/1811 1867/2012/1801
f 1773/1986/1739 1771/1984/1737 1853/1984/1787 1854/1986/1788
f 1747/1961/1713 1745/1960/1711 1841/1960/1806 1840/1961/1774
f 1801/2014/1767 1799/2012/1765 1867/2012/1801 1868/2014/1802
f 1775/1988/1741 1773/1986/1739 1854/1986/1788 1855/1988/1789
f 1749/1964/1715 1747/1961/1713 1840/1961/1774 1842/1964/1776
f 1803/2016/1769 1801/2014/1767 1868/2014/1802 1869/2016/1803
f 1777/1990/1743 1775/1988/1741 1855/1988/1789 1856/1990/1790
f 1751/1923/1717 1749/1964/1715 1842/1964/1776 1843/1923/1777
f 1805/2018/1771 1803/2016/1769 1869/2016/1803 1870/2018/1804
f 1779/1992/1745 1777/1990/1743 1856/1990/1790 1857/1992/1791
o Cylinder.006
v -0.001003 0.144419 -1.006952
v -0.001003 0.530484 -1.006952
v 0.003307 0.144419 -1.006282
v 0.003307 0.530484 -1.006282
v 0.007452 0.144419 -1.004300
v 0.007452 0.530484 -1.004300
v 0.011272 0.144419 -1.001080
v 0.011272 0.530484 -1.001080
v 0.014620 0.144419 -0.996748
v 0.014620 0.530484 -0.996748
v 0.017368 0.144419 -0.991468
v 0.017368 0.530484 -0.991468
v 0.019410 0.144419 -0.985445
v 0.019410 0.530484 -0.985445
v 0.020667 0.144419 -0.978910
v 0.020667 0.530484 -0.978910
v 0.021092 0.144419 -0.972113
v 0.021092 0.530484 -0.972113
v 0.020667 0.144419 -0.965317
v 0.020667 0.530484 -0.965317
v 0.019410 0.144419 -0.958781
v 0.019410 0.530484 -0.958781
v 0.017368 0.144419 -0.952758
v 0.017368 0.530484 -0.952758
v 0.014620 0.144419 -0.947479
v 0.014620 0.530484 -0.947479
v 0.011272 0.144419 -0.943146
v 0.011272 0.530484 -0.943146
v 0.007452 0.144419 -0.939927
v 0.007452 0.530484 -0.939927
v 0.003307 0.144419 -0.937944
v 0.003307 0.530484 -0.937944
v -0.001003 0.144419 -0.937275
v -0.001003 0.530484 -0.937275
v -0.005314 0.144419 -0.937944
v -0.005314 0.530484 -0.937944
v -0.009459 0.144419 -0.939927
v -0.009459 0.530484 -0.939927
v -0.013278 0.144419 -0.943146
v -0.013278 0.530484 -0.943146
v -0.016627 0.144419 -0.947479
v -0.016627 0.530484 -0.947479
v -0.019374 0.144419 -0.952758
v -0.019374 0.530484 -0.952758
v -0.021416 0.144419 -0.958781
v -0.021416 0.530484 -0.958781
v -0.022674 0.144419 -0.965317
v -0.022674 0.530484 -0.965317
v -0.023098 0.144419 -0.972113
v -0.023098 0.530484 -0.972113
v -0.022674 0.144419 -0.978910
v -0.022674 0.530484 -0.978910
v -0.021416 0.144419 -0.985445
v -0.021416 0.530484 -0.985445
v -0.019374 0.144419 -0.991468
v -0.019374 0.530484 -0.991468
v -0.016627 0.144419 -0.996748
v -0.016627 0.530484 -0.996748
v -0.013278 0.144419 -1.001080
v -0.013278 0.530484 -1.001080
v -0.009459 0.144419 -1.004300
v -0.009459 0.530484 -1.004300
v -0.005314 0.144419 -1.006282
v -0.005314 0.530484 -1.006282
vn 0.1535 -0.0000 -0.9882
vn 0.4315 -0.0000 -0.9021
vn 0.6444 -0.0000 -0.7647
vn 0.7913 -0.0000 -0.6115
vn 0.8870 -0.0000 -0.4617
vn 0.9471 -0.0000 -0.3210
vn 0.9820 -0.0000 -0.1889
vn 0.9981 -0.0000 -0.0623
vn 0.9981 -0.0000 0.0623
vn 0.9820 -0.0000 0.1889
vn 0.9471 -0.0000 0.3210
vn 0.8870 -0.0000 0.4617
vn 0.7913 -0.0000 0.6115
vn 0.6444 -0.0000 0.7647
vn 0.4315 -0.0000 0.9021
vn 0.1535 -0.0000 0.9882
vn -0.1535 -0.0000 0.9882
vn -0.4315 -0.0000 0.9021
vn -0.6444 -0.0000 0.7647
vn -0.7913 -0.0000 0.6115
vn -0.8870 -0.0000 0.4617
vn -0.9471 -0.0000 0.3210
vn -0.9820 -0.0000 0.1889
vn -0.9981 -0.0000 0.0623
vn -0.9981 -0.0000 -0.0623
vn -0.9820 -0.0000 -0.1889
vn -0.9471 -0.0000 -0.3210
vn -0.8870 -0.0000 -0.4617
vn -0.7913 -0.0000 -0.6115
vn -0.6444 -0.0000 -0.7647
vn -0.0000 1.0000 -0.0000
vn -0.4315 -0.0000 -0.9021
vn -0.1535 -0.0000 -0.9882
vn -0.0000 -1.0000 -0.0000
vt 1.000000 0.500000
vt 1.000000 1.000000
vt 0.968750 1.000000
vt 0.968750 0.500000
vt 0.937500 1.000000
vt 0.937500 0.500000
vt 0.906250 1.000000
vt 0.906250 0.500000
vt 0.875000 1.000000
vt 0.875000 0.500000
vt 0.843750 1.000000
vt 0.843750 0.500000
vt 0.812500 1.000000
vt 0.812500 0.500000
vt 0.781250 1.000000
vt 0.781250 0.500000
vt 0.750000 1.000000
vt 0.750000 0.500000
vt 0.718750 1.000000
vt 0.718750 0.500000
vt 0.687500 1.000000
vt 0.687500 0.500000
vt 0.656250 1.000000
vt 0.656250 0.500000
vt 0.625000 1.000000
vt 0.625000 0.500000
vt 0.593750 1.000000
vt 0.593750 0.500000
vt 0.562500 1.000000
vt 0.562500 0.500000
vt 0.531250 1.000000
vt 0.531250 0.500000
vt 0.500000 1.000000
vt 0.500000 0.500000
vt 0.468750 1.000000
vt 0.468750 0.500000
vt 0.437500 1.000000
vt 0.437500 0.500000
vt 0.406250 1.000000
vt 0.406250 0.500000
vt 0.375000 1.000000
vt 0.375000 0.500000
vt 0.343750 1.000000
vt 0.343750 0.500000
vt 0.312500 1.000000
vt 0.312500 0.500000
vt 0.281250 1.000000
vt 0.281250 0.500000
vt 0.250000 1.000000
vt 0.250000 0.500000
vt 0.218750 1.000000
vt 0.218750 0.500000
vt 0.187500 1.000000
vt 0.187500 0.500000
vt 0.156250 1.000000
vt 0.156250 0.500000
vt 0.125000 1.000000
vt 0.125000 0.500000
vt 0.093750 1.000000
vt 0.093750 0.500000
vt 0.062500 1.000000
vt 0.062500 0.500000
vt 0.296822 0.485388
vt 0.250000 0.490000
vt 0.203178 0.485388
vt 0.158156 0.471731
vt 0.116663 0.449553
vt 0.080294 0.419706
vt 0.050447 0.383337
vt 0.028269 0.341844
vt 0.014612 0.296822
vt 0.010000 0.250000
vt 0.014612 0.203178
vt 0.028269 0.158156
vt 0.050447 0.116663
vt 0.080294 0.080294
vt 0.116663 0.050447
vt 0.158156 0.028269
vt 0.203178 0.014612
vt 0.250000 0.010000
vt 0.296822 0.014612
vt 0.341844 0.028269
vt 0.383337 0.050447
vt 0.419706 0.080294
vt 0.449553 0.116663
vt 0.471731 0.158156
vt 0.485388 0.203178
vt 0.490000 0.250000
vt 0.485388 0.296822
vt 0.471731 0.341844
vt 0.449553 0.383337
vt 0.419706 0.419706
vt 0.383337 0.449553
vt 0.341844 0.471731
vt 0.031250 1.000000
vt 0.031250 0.500000
vt 0.000000 1.000000
vt 0.000000 0.500000
vt 0.750000 0.490000
vt 0.796822 0.485388
vt 0.841844 0.471731
vt 0.883337 0.449553
vt 0.919706 0.419706
vt 0.949553 0.383337
vt 0.971731 0.341844
vt 0.985388 0.296822
vt 0.990000 0.250000
vt 0.985388 0.203178
vt 0.971731 0.158156
vt 0.949553 0.116663
vt 0.919706 0.080294
vt 0.883337 0.050447
vt 0.841844 0.028269
vt 0.796822 0.014612
vt 0.750000 0.010000
vt 0.703178 0.014612
vt 0.658156 0.028269
vt 0.616663 0.050447
vt 0.580294 0.080294
vt 0.550447 0.116663
vt 0.528269 0.158156
vt 0.514612 0.203178
vt 0.510000 0.250000
vt 0.514612 0.296822
vt 0.528269 0.341844
vt 0.550447 0.383337
vt 0.580294 0.419706
vt 0.616663 0.449553
vt 0.658156 0.471731
vt 0.703178 0.485388
s 0
f 1872/2022/1812 1873/2023/1812 1875/2024/1812 1874/2025/1812
f 1874/2025/1813 1875/2024/1813 1877/2026/1813 1876/2027/1813
f 1876/2027/1814 1877/2026/1814 1879/2028/1814 1878/2029/1814
f 1878/2029/1815 1879/2028/1815 1881/2030/1815 1880/2031/1815
f 1880/2031/1816 1881/2030/1816 1883/2032/1816 1882/2033/1816
f 1882/2033/1817 1883/2032/1817 1885/2034/1817 1884/2035/1817
f 1884/2035/1818 1885/2034/1818 1887/2036/1818 1886/2037/1818
f 1886/2037/1819 1887/2036/1819 1889/2038/1819 1888/2039/1819
f 1888/2039/1820 1889/2038/1820 1891/2040/1820 1890/2041/1820
f 1890/2041/1821 1891/2040/1821 1893/2042/1821 1892/2043/1821
f 1892/2043/1822 1893/2042/1822 1895/2044/1822 1894/2045/1822
f 1894/2045/1823 1895/2044/1823 1897/2046/1823 1896/2047/1823
f 1896/2047/1824 1897/2046/1824 1899/2048/1824 1898/2049/1824
f 1898/2049/1825 1899/2048/1825 1901/2050/1825 1900/2051/1825
f 1900/2051/1826 1901/2050/1826 1903/2052/1826 1902/2053/1826
f 1902/2053/1827 1903/2052/1827 1905/2054/1827 1904/2055/1827
f 1904/2055/1828 1905/2054/1828 1907/2056/1828 1906/2057/1828
f 1906/2057/1829 1907/2056/1829 1909/2058/1829 1908/2059/1829
f 1908/2059/1830 1909/2058/1830 1911/2060/1830 1910/2061/1830
f 1910/2061/1831 1911/2060/1831 1913/2062/1831 1912/2063/1831
f 1912/2063/1832 1913/2062/1832 1915/2064/1832 1914/2065/1832
f 1914/2065/1833 1915/2064/1833 1917/2066/1833 1916/2067/1833
f 1916/2067/1834 1917/2066/1834 1919/2068/1834 1918/2069/1834
f 1918/2069/1835 1919/2068/1835 1921/2070/1835 1920/2071/1835
f 1920/2071/1836 1921/2070/1836 1923/2072/1836 1922/2073/1836
f 1922/2073/1837 1923/2072/1837 1925/2074/1837 1924/2075/1837
f 1924/2075/1838 1925/2074/1838 1927/2076/1838 1926/2077/1838
f 1926/2077/1839 1927/2076/1839 1929/2078/1839 1928/2079/1839
f 1928/2079/1840 1929/2078/1840 1931/2080/1840 1930/2081/1840
f 1930/2081/1841 1931/2080/1841 1933/2082/1841 1932/2083/1841
f 1875/2084/1842 1873/2085/1842 1935/2086/1842 1933/2087/1842 1931/2088/1842 1929/2089/1842 1927/2090/1842 1925/2091/1842 1923/2092/1842 1921/2093/1842 1919/2094/1842 1917/2095/1842 1915/2096/1842 1913/2097/1842 1911/2098/1842 1909/2099/1842 1907/2100/1842 1905/2101/1842 1903/2102/1842 1901/2103/1842 1899/2104/1842 1897/2105/1842 1895/2106/1842 1893/2107/1842 1891/2108/1842 1889/2109/1842 1887/2110/1842 1885/2111/1842 1883/2112/1842 1881/2113/1842 1879/2114/1842 1877/2115/1842
f 1932/2083/1843 1933/2082/1843 1935/2116/1843 1934/2117/1843
f 1934/2117/1844 1935/2116/1844 1873/2118/1844 1872/2119/1844
f 1872/2120/1845 1874/2121/1845 1876/2122/1845 1878/2123/1845 1880/2124/1845 1882/2125/1845 1884/2126/1845 1886/2127/1845 1888/2128/1845 1890/2129/1845 1892/2130/1845 1894/2131/1845 1896/2132/1845 1898/2133/1845 1900/2134/1845 1902/2135/1845 1904/2136/1845 1906/2137/1845 1908/2138/1845 1910/2139/1845 1912/2140/1845 1914/2141/1845 1916/2142/1845 1918/2143/1845 1920/2144/1845 1922/2145/1845 1924/2146/1845 1926/2147/1845 1928/2148/1845 1930/2149/1845 1932/2150/1845 1934/2151/1845
o Cylinder.007
v -0.002949 0.132496 0.928260
v -0.002949 0.518562 0.928260
v 0.001362 0.132496 0.928929
v 0.001362 0.518562 0.928929
v 0.005506 0.132496 0.930912
v 0.005506 0.518562 0.930912
v 0.009326 0.132496 0.934131
v 0.009326 0.518562 0.934131
v 0.012675 0.132496 0.938464
v 0.012675 0.518562 0.938464
v 0.015422 0.132496 0.943743
v 0.015422 0.518562 0.943743
v 0.017464 0.132496 0.949766
v 0.017464 0.518562 0.949766
v 0.018722 0.132496 0.956302
v 0.018722 0.518562 0.956302
v 0.019146 0.132496 0.963099
v 0.019146 0.518562 0.963099
v 0.018722 0.132496 0.969895
v 0.018722 0.518562 0.969895
v 0.017464 0.132496 0.976431
v 0.017464 0.518562 0.976431
v 0.015422 0.132496 0.982454
v 0.015422 0.518562 0.982454
v 0.012675 0.132496 0.987733
v 0.012675 0.518562 0.987733
v 0.009326 0.132496 0.992066
v 0.009326 0.518562 0.992066
v 0.005506 0.132496 0.995285
v 0.005506 0.518562 0.995285
v 0.001362 0.132496 0.997268
v 0.001362 0.518562 0.997268
v -0.002949 0.132496 0.997937
v -0.002949 0.518562 0.997937
v -0.007259 0.132496 0.997268
v -0.007259 0.518562 0.997268
v -0.011404 0.132496 0.995285
v -0.011404 0.518562 0.995285
v -0.015224 0.132496 0.992066
v -0.015224 0.518562 0.992066
v -0.018572 0.132496 0.987733
v -0.018572 0.518562 0.987733
v -0.021320 0.132496 0.982454
v -0.021320 0.518562 0.982454
v -0.023362 0.132496 0.976431
v -0.023362 0.518562 0.976431
v -0.024619 0.132496 0.969895
v -0.024619 0.518562 0.969895
v -0.025044 0.132496 0.963099
v -0.025044 0.518562 0.963099
v -0.024619 0.132496 0.956302
v -0.024619 0.518562 0.956302
v -0.023362 0.132496 0.949766
v -0.023362 0.518562 0.949766
v -0.021320 0.132496 0.943743
v -0.021320 0.518562 0.943743
v -0.018572 0.132496 0.938464
v -0.018572 0.518562 0.938464
v -0.015224 0.132496 0.934131
v -0.015224 0.518562 0.934131
v -0.011404 0.132496 0.930912
v -0.011404 0.518562 0.930912
v -0.007259 0.132496 0.928929
v -0.007259 0.518562 0.928929
vn 0.1535 -0.0000 -0.9882
vn 0.4315 -0.0000 -0.9021
vn 0.6444 -0.0000 -0.7647
vn 0.7913 -0.0000 -0.6115
vn 0.8870 -0.0000 -0.4617
vn 0.9471 -0.0000 -0.3210
vn 0.9820 -0.0000 -0.1889
vn 0.9981 -0.0000 -0.0623
vn 0.9981 -0.0000 0.0623
vn 0.9820 -0.0000 0.1889
vn 0.9471 -0.0000 0.3210
vn 0.8870 -0.0000 0.4617
vn 0.7913 -0.0000 0.6115
vn 0.6444 -0.0000 0.7647
vn 0.4315 -0.0000 0.9021
vn 0.1535 -0.0000 0.9882
vn -0.1535 -0.0000 0.9882
vn -0.4315 -0.0000 0.9021
vn -0.6444 -0.0000 0.7647
vn -0.7913 -0.0000 0.6115
vn -0.8870 -0.0000 0.4617
vn -0.9471 -0.0000 0.3210
vn -0.9820 -0.0000 0.1889
vn -0.9981 -0.0000 0.0623
vn -0.9981 -0.0000 -0.0623
vn -0.9820 -0.0000 -0.1889
vn -0.9471 -0.0000 -0.3210
vn -0.8870 -0.0000 -0.4617
vn -0.7913 -0.0000 -0.6115
vn -0.6444 -0.0000 -0.7647
vn -0.0000 1.0000 -0.0000
vn -0.4315 -0.0000 -0.9021
vn -0.1535 -0.0000 -0.9882
vn -0.0000 -1.0000 -0.0000
vt 1.000000 0.500000
vt 1.000000 1.000000
vt 0.968750 1.000000
vt 0.968750 0.500000
vt 0.937500 1.000000
vt 0.937500 0.500000
vt 0.906250 1.000000
vt 0.906250 0.500000
vt 0.875000 1.000000
vt 0.875000 0.500000
vt 0.843750 1.000000
vt 0.843750 0.500000
vt 0.812500 1.000000
vt 0.812500 0.500000
vt 0.781250 1.000000
vt 0.781250 0.500000
vt 0.750000 1.000000
vt 0.750000 0.500000
vt 0.718750 1.000000
vt 0.718750 0.500000
vt 0.687500 1.000000
vt 0.687500 0.500000
vt 0.656250 1.000000
vt 0.656250 0.500000
vt 0.625000 1.000000
vt 0.625000 0.500000
vt 0.593750 1.000000
vt 0.593750 0.500000
vt 0.562500 1.000000
vt 0.562500 0.500000
vt 0.531250 1.000000
vt 0.531250 0.500000
vt 0.500000 1.000000
vt 0.500000 0.500000
vt 0.468750 1.000000
vt 0.468750 0.500000
vt 0.437500 1.000000
vt 0.437500 0.500000
vt 0.406250 1.000000
vt 0.406250 0.500000
vt 0.375000 1.000000
vt 0.375000 0.500000
vt 0.343750 1.000000
vt 0.343750 0.500000
vt 0.312500 1.000000
vt 0.312500 0.500000
vt 0.281250 1.000000
vt 0.281250 0.500000
vt 0.250000 1.000000
vt 0.250000 0.500000
vt 0.218750 1.000000
vt 0.218750 0.500000
vt 0.187500 1.000000
vt 0.187500 0.500000
vt 0.156250 1.000000
vt 0.156250 0.500000
vt 0.125000 1.000000
vt 0.125000 0.500000
vt 0.093750 1.000000
vt 0.093750 0.500000
vt 0.062500 1.000000
vt 0.062500 0.500000
vt 0.296822 0.485388
vt 0.250000 0.490000
vt 0.203178 0.485388
vt 0.158156 0.471731
vt 0.116663 0.449553
vt 0.080294 0.419706
vt 0.050447 0.383337
vt 0.028269 0.341844
vt 0.014612 0.296822
vt 0.010000 0.250000
vt 0.014612 0.203178
vt 0.028269 0.158156
vt 0.050447 0.116663
vt 0.080294 0.080294
vt 0.116663 0.050447
vt 0.158156 0.028269
vt 0.203178 0.014612
vt 0.250000 0.010000
vt 0.296822 0.014612
vt 0.341844 0.028269
vt 0.383337 0.050447
vt 0.419706 0.080294
vt 0.449553 0.116663
vt 0.471731 0.158156
vt 0.485388 0.203178
vt 0.490000 0.250000
vt 0.485388 0.296822
vt 0.471731 0.341844
vt 0.449553 0.383337
vt 0.419706 0.419706
vt 0.383337 0.449553
vt 0.341844 0.471731
vt 0.031250 1.000000
vt 0.031250 0.500000
vt 0.000000 1.000000
vt 0.000000 0.500000
vt 0.750000 0.490000
vt 0.796822 0.485388
vt 0.841844 0.471731
vt 0.883337 0.449553
vt 0.919706 0.419706
vt 0.949553 0.383337
vt 0.971731 0.341844
vt 0.985388 0.296822
vt 0.990000 0.250000
vt 0.985388 0.203178
vt 0.971731 0.158156
vt 0.949553 0.116663
vt 0.919706 0.080294
vt 0.883337 0.050447
vt 0.841844 0.028269
vt 0.796822 0.014612
vt 0.750000 0.010000
vt 0.703178 0.014612
vt 0.658156 0.028269
vt 0.616663 0.050447
vt 0.580294 0.080294
vt 0.550447 0.116663
vt 0.528269 0.158156
vt 0.514612 0.203178
vt 0.510000 0.250000
vt 0.514612 0.296822
vt 0.528269 0.341844
vt 0.550447 0.383337
vt 0.580294 0.419706
vt 0.616663 0.449553
vt 0.658156 0.471731
vt 0.703178 0.485388
s 0
f 1936/2152/1846 1937/2153/1846 1939/2154/1846 1938/2155/1846
f 1938/2155/1847 1939/2154/1847 1941/2156/1847 1940/2157/1847
f 1940/2157/1848 1941/2156/1848 1943/2158/1848 1942/2159/1848
f 1942/2159/1849 1943/2158/1849 1945/2160/1849 1944/2161/1849
f 1944/2161/1850 1945/2160/1850 1947/2162/1850 1946/2163/1850
f 1946/2163/1851 1947/2162/1851 1949/2164/1851 1948/2165/1851
f 1948/2165/1852 1949/2164/1852 1951/2166/1852 1950/2167/1852
f 1950/2167/1853 1951/2166/1853 1953/2168/1853 1952/2169/1853
f 1952/2169/1854 1953/2168/1854 1955/2170/1854 1954/2171/1854
f 1954/2171/1855 1955/2170/1855 1957/2172/1855 1956/2173/1855
f 1956/2173/1856 1957/2172/1856 1959/2174/1856 1958/2175/1856
f 1958/2175/1857 1959/2174/1857 1961/2176/1857 1960/2177/1857
f 1960/2177/1858 1961/2176/1858 1963/2178/1858 1962/2179/1858
f 1962/2179/1859 1963/2178/1859 1965/2180/1859 1964/2181/1859
f 1964/2181/1860 1965/2180/1860 1967/2182/1860 1966/2183/1860
f 1966/2183/1861 1967/2182/1861 1969/2184/1861 1968/2185/1861
f 1968/2185/1862 1969/2184/1862 1971/2186/1862 1970/2187/1862
f 1970/2187/1863 1971/2186/1863 1973/2188/1863 1972/2189/1863
f 1972/2189/1864 1973/2188/1864 1975/2190/1864 1974/2191/1864
f 1974/2191/1865 1975/2190/1865 1977/2192/1865 1976/2193/1865
f 1976/2193/1866 1977/2192/1866 1979/2194/1866 1978/2195/1866
f 1978/2195/1867 1979/2194/1867 1981/2196/1867 1980/2197/1867
f 1980/2197/1868 1981/2196/1868 1983/2198/1868 1982/2199/1868
f 1982/2199/1869 1983/2198/1869 1985/2200/1869 1984/2201/1869
f 1984/2201/1870 1985/2200/1870 1987/2202/1870 1986/2203/1870
f 1986/2203/1871 1987/2202/1871 1989/2204/1871 1988/2205/1871
f 1988/2205/1872 1989/2204/1872 1991/2206/1872 1990/2207/1872
f 1990/2207/1873 1991/2206/1873 1993/2208/1873 1992/2209/1873
f 1992/2209/1874 1993/2208/1874 1995/2210/1874 1994/2211/1874
f 1994/2211/1875 1995/2210/1875 1997/2212/1875 1996/2213/1875
f 1939/2214/1876 1937/2215/1876 1999/2216/1876 1997/2217/1876 1995/2218/1876 1993/2219/1876 1991/2220/1876 1989/2221/1876 1987/2222/1876 1985/2223/1876 1983/2224/1876 1981/2225/1876 1979/2226/1876 1977/2227/1876 1975/2228/1876 1973/2229/1876 1971/2230/1876 1969/2231/1876 1967/2232/1876 1965/2233/1876 1963/2234/1876 1961/2235/1876 1959/2236/1876 1957/2237/1876 1955/2238/1876 1953/2239/1876 1951/2240/1876 1949/2241/1876 1947/2242/1876 1945/2243/1876 1943/2244/1876 1941/2245/1876
f 1996/2213/1877 1997/2212/1877 1999/2246/1877 1998/2247/1877
f 1998/2247/1878 1999/2246/1878 1937/2248/1878 1936/2249/1878
f 1936/2250/1879 1938/2251/1879 1940/2252/1879 1942/2253/1879 1944/2254/1879 1946/2255/1879 1948/2256/1879 1950/2257/1879 1952/2258/1879 1954/2259/1879 1956/2260/1879 1958/2261/1879 1960/2262/1879 1962/2263/1879 1964/2264/1879 1966/2265/1879 1968/2266/1879 1970/2267/1879 1972/2268/1879 1974/2269/1879 1976/2270/1879 1978/2271/1879 1980/2272/1879 1982/2273/1879 1984/2274/1879 1986/2275/1879 1988/2276/1879 1990/2277/1879 1992/2278/1879 1994/2279/1879 1996/2280/1879 1998/2281/1879
o Cylinder.008
v 0.039467 -0.855086 -0.656417
v 0.236876 -1.679307 -1.979354
v 0.069950 -0.852554 -0.653445
v 0.267360 -1.676776 -1.976383
v 0.100245 -0.856151 -0.646684
v 0.297654 -1.680372 -1.969621
v 0.129187 -0.865738 -0.636392
v 0.326596 -1.689959 -1.959330
v 0.155663 -0.880946 -0.622967
v 0.353072 -1.705167 -1.945904
v 0.178657 -0.901191 -0.606922
v 0.376066 -1.725412 -1.929860
v 0.197284 -0.925695 -0.588876
v 0.394693 -1.749916 -1.911814
v 0.210829 -0.953516 -0.569521
v 0.408238 -1.777738 -1.892459
v 0.218771 -0.983586 -0.549602
v 0.416181 -1.807807 -1.872540
v 0.220806 -1.014748 -0.529884
v 0.418215 -1.838970 -1.852822
v 0.216854 -1.045806 -0.511124
v 0.414263 -1.870027 -1.834062
v 0.207068 -1.075565 -0.494044
v 0.404477 -1.899786 -1.816982
v 0.191824 -1.102881 -0.479299
v 0.389233 -1.927103 -1.802237
v 0.171707 -1.126706 -0.467458
v 0.369117 -1.950928 -1.790395
v 0.147492 -1.146124 -0.458974
v 0.344901 -1.970345 -1.781911
v 0.120107 -1.160388 -0.454173
v 0.317516 -1.984609 -1.777111
v 0.090606 -1.168950 -0.453241
v 0.288015 -1.993171 -1.776179
v 0.060123 -1.171481 -0.456212
v 0.257532 -1.995703 -1.779150
v 0.029828 -1.167885 -0.462974
v 0.227237 -1.992106 -1.785912
v 0.000886 -1.158298 -0.473265
v 0.198296 -1.982520 -1.796203
v -0.025590 -1.143090 -0.486691
v 0.171819 -1.967312 -1.809629
v -0.048584 -1.122845 -0.502735
v 0.148826 -1.947067 -1.825673
v -0.067211 -1.098341 -0.520781
v 0.130198 -1.922562 -1.843719
v -0.080756 -1.070520 -0.540136
v 0.116653 -1.894741 -1.863074
v -0.088698 -1.040450 -0.560055
v 0.108711 -1.864671 -1.882993
v -0.090733 -1.009288 -0.579774
v 0.106676 -1.833509 -1.902711
v -0.086781 -0.978230 -0.598534
v 0.110628 -1.802452 -1.921471
v -0.076995 -0.948471 -0.615614
v 0.120414 -1.772693 -1.938551
v -0.061751 -0.921155 -0.630358
v 0.135658 -1.745376 -1.953296
v -0.041634 -0.897330 -0.642200
v 0.155775 -1.721551 -1.965137
v -0.017418 -0.877912 -0.650684
v 0.179991 -1.702133 -1.973622
v 0.009966 -0.863648 -0.655484
v 0.207375 -1.687869 -1.978422
v 0.055918 -0.923771 -0.766662
v 0.072368 -0.992456 -0.876906
v 0.088819 -1.061141 -0.987151
v 0.105270 -1.129826 -1.097396
v 0.121721 -1.198511 -1.207641
v 0.138172 -1.267197 -1.317886
v 0.154622 -1.335882 -1.428130
v 0.171073 -1.404567 -1.538375
v 0.187524 -1.473252 -1.648620
v 0.203975 -1.541937 -1.758865
v 0.220425 -1.610622 -1.869110
v 0.250909 -1.608091 -1.866138
v 0.234458 -1.539406 -1.755893
v 0.218007 -1.470720 -1.645648
v 0.201557 -1.402035 -1.535403
v 0.185106 -1.333350 -1.425159
v 0.168655 -1.264665 -1.314914
v 0.152204 -1.195980 -1.204669
v 0.135754 -1.127295 -1.094424
v 0.119303 -1.058610 -0.984179
v 0.102852 -0.989925 -0.873935
v 0.086401 -0.921239 -0.763690
v 0.281204 -1.611687 -1.859377
v 0.264753 -1.543002 -1.749132
v 0.248302 -1.474317 -1.638887
v 0.231851 -1.405632 -1.528642
v 0.215400 -1.336947 -1.418397
v 0.198950 -1.268262 -1.308152
v 0.182499 -1.199577 -1.197908
v 0.166048 -1.130892 -1.087663
v 0.149597 -1.062207 -0.977418
v 0.133147 -0.993521 -0.867173
v 0.116696 -0.924836 -0.756928
v 0.310145 -1.621274 -1.849085
v 0.293694 -1.552589 -1.738840
v 0.277244 -1.483904 -1.628596
v 0.260793 -1.415219 -1.518351
v 0.244342 -1.346533 -1.408106
v 0.227891 -1.277848 -1.297861
v 0.211441 -1.209163 -1.187616
v 0.194990 -1.140478 -1.077372
v 0.178539 -1.071793 -0.967127
v 0.162088 -1.003108 -0.856882
v 0.145637 -0.934423 -0.746637
v 0.336622 -1.636482 -1.835660
v 0.320171 -1.567797 -1.725415
v 0.303720 -1.499112 -1.615170
v 0.287269 -1.430427 -1.504925
v 0.270818 -1.361742 -1.394680
v 0.254368 -1.293056 -1.284435
v 0.237917 -1.224371 -1.174191
v 0.221466 -1.155686 -1.063946
v 0.205015 -1.087001 -0.953701
v 0.188565 -1.018316 -0.843456
v 0.172114 -0.949631 -0.733211
v 0.359615 -1.656727 -1.819615
v 0.343164 -1.588042 -1.709370
v 0.326714 -1.519357 -1.599126
v 0.310263 -1.450672 -1.488881
v 0.293812 -1.381987 -1.378636
v 0.277361 -1.313301 -1.268391
v 0.260911 -1.244616 -1.158146
v 0.244460 -1.175931 -1.047902
v 0.228009 -1.107246 -0.937657
v 0.211558 -1.038561 -0.827412
v 0.195107 -0.969876 -0.717167
v 0.378242 -1.681231 -1.801569
v 0.361792 -1.612546 -1.691324
v 0.345341 -1.543861 -1.581079
v 0.328890 -1.475176 -1.470834
v 0.312439 -1.406491 -1.360590
v 0.295989 -1.337806 -1.250345
v 0.279538 -1.269120 -1.140100
v 0.263087 -1.200435 -1.029855
v 0.246636 -1.131750 -0.919611
v 0.230186 -1.063065 -0.809366
v 0.213735 -0.994380 -0.699121
v 0.391787 -1.709053 -1.782214
v 0.375337 -1.640368 -1.671970
v 0.358886 -1.571682 -1.561725
v 0.342435 -1.502997 -1.451480
v 0.325984 -1.434312 -1.341235
v 0.309534 -1.365627 -1.230990
v 0.293083 -1.296942 -1.120745
v 0.276632 -1.228257 -1.010501
v 0.260181 -1.159572 -0.900256
v 0.243731 -1.090887 -0.790011
v 0.227280 -1.022201 -0.679766
v 0.399730 -1.739122 -1.762295
v 0.383279 -1.670437 -1.652050
v 0.366828 -1.601752 -1.541806
v 0.350378 -1.533067 -1.431561
v 0.333927 -1.464382 -1.321316
v 0.317476 -1.395697 -1.211071
v 0.301025 -1.327011 -1.100826
v 0.284574 -1.258326 -0.990581
v 0.268124 -1.189641 -0.880337
v 0.251673 -1.120956 -0.770092
v 0.235222 -1.052271 -0.659847
v 0.401764 -1.770285 -1.742577
v 0.385313 -1.701599 -1.632332
v 0.368863 -1.632914 -1.522087
v 0.352412 -1.564229 -1.411842
v 0.335961 -1.495544 -1.301597
v 0.319510 -1.426859 -1.191353
v 0.303060 -1.358174 -1.081108
v 0.286609 -1.289489 -0.970863
v 0.270158 -1.220804 -0.860618
v 0.253707 -1.152118 -0.750373
v 0.237257 -1.083433 -0.640129
v 0.397813 -1.801342 -1.723817
v 0.381362 -1.732657 -1.613572
v 0.364911 -1.663972 -1.503327
v 0.348460 -1.595286 -1.393082
v 0.332009 -1.526601 -1.282838
v 0.315559 -1.457916 -1.172593
v 0.299108 -1.389231 -1.062348
v 0.282657 -1.320546 -0.952103
v 0.266206 -1.251861 -0.841858
v 0.249756 -1.183176 -0.731614
v 0.233305 -1.114491 -0.621369
v 0.388027 -1.831101 -1.706737
v 0.371576 -1.762416 -1.596492
v 0.355125 -1.693730 -1.486247
v 0.338674 -1.625045 -1.376002
v 0.322223 -1.556360 -1.265757
v 0.305773 -1.487675 -1.155513
v 0.289322 -1.418990 -1.045268
v 0.272871 -1.350305 -0.935023
v 0.256420 -1.281620 -0.824778
v 0.239970 -1.212935 -0.714533
v 0.223519 -1.144250 -0.604289
v 0.372782 -1.858418 -1.691992
v 0.356332 -1.789732 -1.581748
v 0.339881 -1.721047 -1.471503
v 0.323430 -1.652362 -1.361258
v 0.306979 -1.583677 -1.251013
v 0.290529 -1.514992 -1.140768
v 0.274078 -1.446307 -1.030524
v 0.257627 -1.377622 -0.920279
v 0.241176 -1.308937 -0.810034
v 0.224725 -1.240252 -0.699789
v 0.208275 -1.171566 -0.589544
v 0.352666 -1.882243 -1.680151
v 0.336215 -1.813557 -1.569906
v 0.319764 -1.744872 -1.459661
v 0.303314 -1.676187 -1.349416
v 0.286863 -1.607502 -1.239171
v 0.270412 -1.538817 -1.128927
v 0.253961 -1.470132 -1.018682
v 0.237510 -1.401447 -0.908437
v 0.221060 -1.332762 -0.798192
v 0.204609 -1.264076 -0.687947
v 0.188158 -1.195391 -0.577703
v 0.328450 -1.901660 -1.671667
v 0.311999 -1.832975 -1.561422
v 0.295548 -1.764290 -1.451177
v 0.279098 -1.695605 -1.340932
v 0.262647 -1.626920 -1.230687
v 0.246196 -1.558235 -1.120442
v 0.229745 -1.489549 -1.010198
v 0.213295 -1.420864 -0.899953
v 0.196844 -1.352179 -0.789708
v 0.180393 -1.283494 -0.679463
v 0.163942 -1.214809 -0.569218
v 0.301065 -1.915924 -1.666866
v 0.284615 -1.847239 -1.556621
v 0.268164 -1.778554 -1.446376
v 0.251713 -1.709869 -1.336132
v 0.235262 -1.641184 -1.225887
v 0.218812 -1.572499 -1.115642
v 0.202361 -1.503814 -1.005397
v 0.185910 -1.435128 -0.895152
v 0.169459 -1.366443 -0.784908
v 0.153009 -1.297758 -0.674663
v 0.136558 -1.229073 -0.564418
v 0.271565 -1.924486 -1.665934
v 0.255114 -1.855801 -1.555689
v 0.238663 -1.787116 -1.445444
v 0.222212 -1.718431 -1.335199
v 0.205761 -1.649746 -1.224954
v 0.189311 -1.581061 -1.114710
v 0.172860 -1.512376 -1.004465
v 0.156409 -1.443691 -0.894220
v 0.139958 -1.375005 -0.783975
v 0.123508 -1.306320 -0.673730
v 0.107057 -1.237635 -0.563486
v 0.241081 -1.927018 -1.668905
v 0.224630 -1.858333 -1.558661
v 0.208180 -1.789648 -1.448416
v 0.191729 -1.720962 -1.338171
v 0.175278 -1.652277 -1.227926
v 0.158827 -1.583592 -1.117681
v 0.142376 -1.514907 -1.007437
v 0.125926 -1.446222 -0.897192
v 0.109475 -1.377537 -0.786947
v 0.093024 -1.308852 -0.676702
v 0.076573 -1.240167 -0.566457
v 0.210786 -1.923421 -1.675667
v 0.194336 -1.854736 -1.565422
v 0.177885 -1.786051 -1.455177
v 0.161434 -1.717366 -1.344932
v 0.144983 -1.648681 -1.234688
v 0.128533 -1.579996 -1.124443
v 0.112082 -1.511310 -1.014198
v 0.095631 -1.442625 -0.903953
v 0.079180 -1.373940 -0.793708
v 0.062729 -1.305255 -0.683464
v 0.046279 -1.236570 -0.573219
v 0.181845 -1.913835 -1.685958
v 0.165394 -1.845149 -1.575713
v 0.148943 -1.776464 -1.465468
v 0.132492 -1.707779 -1.355224
v 0.116042 -1.639094 -1.244979
v 0.099591 -1.570409 -1.134734
v 0.083140 -1.501724 -1.024489
v 0.066689 -1.433039 -0.914244
v 0.050239 -1.364354 -0.804000
v 0.033788 -1.295668 -0.693755
v 0.017337 -1.226983 -0.583510
v 0.155368 -1.898626 -1.699384
v 0.138918 -1.829941 -1.589139
v 0.122467 -1.761256 -1.478894
v 0.106016 -1.692571 -1.368649
v 0.089565 -1.623886 -1.258405
v 0.073115 -1.555201 -1.148160
v 0.056664 -1.486516 -1.037915
v 0.040213 -1.417831 -0.927670
v 0.023762 -1.349146 -0.817425
v 0.007312 -1.280460 -0.707181
v -0.009139 -1.211775 -0.596936
v 0.132375 -1.878381 -1.715428
v 0.115924 -1.809696 -1.605183
v 0.099473 -1.741011 -1.494938
v 0.083022 -1.672326 -1.384694
v 0.066572 -1.603641 -1.274449
v 0.050121 -1.534956 -1.164204
v 0.033670 -1.466271 -1.053959
v 0.017219 -1.397586 -0.943714
v 0.000769 -1.328900 -0.833470
v -0.015682 -1.260215 -0.723225
v -0.032133 -1.191530 -0.612980
v 0.113748 -1.853877 -1.733474
v 0.097297 -1.785192 -1.623230
v 0.080846 -1.716507 -1.512985
v 0.064395 -1.647822 -1.402740
v 0.047944 -1.579137 -1.292495
v 0.031494 -1.510452 -1.182250
v 0.015043 -1.441767 -1.072006
v -0.001408 -1.373081 -0.961761
v -0.017859 -1.304396 -0.851516
v -0.034309 -1.235711 -0.741271
v -0.050760 -1.167026 -0.631026
v 0.100202 -1.826056 -1.752829
v 0.083752 -1.757371 -1.642584
v 0.067301 -1.688686 -1.532339
v 0.050850 -1.620000 -1.422094
v 0.034399 -1.551315 -1.311850
v 0.017949 -1.482630 -1.201605
v 0.001498 -1.413945 -1.091360
v -0.014953 -1.345260 -0.981115
v -0.031404 -1.276575 -0.870870
v -0.047854 -1.207890 -0.760626
v -0.064305 -1.139205 -0.650381
v 0.092260 -1.795986 -1.772748
v 0.075809 -1.727301 -1.662503
v 0.059359 -1.658616 -1.552259
v 0.042908 -1.589931 -1.442014
v 0.026457 -1.521246 -1.331769
v 0.010006 -1.452561 -1.221524
v -0.006445 -1.383875 -1.111279
v -0.022895 -1.315190 -1.001034
v -0.039346 -1.246505 -0.890790
v -0.055797 -1.177820 -0.780545
v -0.072248 -1.109135 -0.670300
v 0.090226 -1.764824 -1.792467
v 0.073775 -1.696139 -1.682222
v 0.057324 -1.627454 -1.571977
v 0.040873 -1.558769 -1.461732
v 0.024423 -1.490083 -1.351487
v 0.007972 -1.421398 -1.241243
v -0.008479 -1.352713 -1.130998
v -0.024930 -1.284028 -1.020753
v -0.041380 -1.215343 -0.910508
v -0.057831 -1.146658 -0.800263
v -0.074282 -1.077973 -0.690019
v 0.094177 -1.733767 -1.811226
v 0.077727 -1.665082 -1.700982
v 0.061276 -1.596396 -1.590737
v 0.044825 -1.527711 -1.480492
v 0.028374 -1.459026 -1.370247
v 0.011924 -1.390341 -1.260002
v -0.004527 -1.321656 -1.149758
v -0.020978 -1.252971 -1.039513
v -0.037429 -1.184286 -0.929268
v -0.053879 -1.115601 -0.819023
v -0.070330 -1.046915 -0.708778
v 0.103963 -1.704008 -1.828307
v 0.087513 -1.635323 -1.718062
v 0.071062 -1.566638 -1.607817
v 0.054611 -1.497952 -1.497572
v 0.038160 -1.429267 -1.387327
v 0.021710 -1.360582 -1.277083
v 0.005259 -1.291897 -1.166838
v -0.011192 -1.223212 -1.056593
v -0.027643 -1.154527 -0.946348
v -0.044094 -1.085842 -0.836103
v -0.060544 -1.017157 -0.725859
v 0.119208 -1.676691 -1.843051
v 0.102757 -1.608006 -1.732806
v 0.086306 -1.539321 -1.622561
v 0.069855 -1.470636 -1.512316
v 0.053405 -1.401950 -1.402072
v 0.036954 -1.333265 -1.291827
v 0.020503 -1.264580 -1.181582
v 0.004052 -1.195895 -1.071337
v -0.012399 -1.127210 -0.961092
v -0.028849 -1.058525 -0.850848
v -0.045300 -0.989840 -0.740603
v 0.139324 -1.652866 -1.854893
v 0.122873 -1.584181 -1.744648
v 0.106423 -1.515496 -1.634403
v 0.089972 -1.446810 -1.524158
v 0.073521 -1.378125 -1.413913
v 0.057070 -1.309440 -1.303669
v 0.040620 -1.240755 -1.193424
v 0.024169 -1.172070 -1.083179
v 0.007718 -1.103385 -0.972934
v -0.008733 -1.034700 -0.862689
v -0.025184 -0.966015 -0.752445
v 0.163540 -1.633448 -1.863377
v 0.147089 -1.564763 -1.753132
v 0.130638 -1.496078 -1.642887
v 0.114188 -1.427393 -1.532642
v 0.097737 -1.358708 -1.422397
v 0.081286 -1.290023 -1.312153
v 0.064835 -1.221338 -1.201908
v 0.048385 -1.152653 -1.091663
v 0.031934 -1.083967 -0.981418
v 0.015483 -1.015282 -0.871174
v -0.000968 -0.946597 -0.760929
v 0.190924 -1.619184 -1.868177
v 0.174474 -1.550499 -1.757932
v 0.158023 -1.481814 -1.647688
v 0.141572 -1.413129 -1.537443
v 0.125121 -1.344444 -1.427198
v 0.108671 -1.275759 -1.316953
v 0.092220 -1.207074 -1.206708
v 0.075769 -1.138388 -1.096464
v 0.059318 -1.069703 -0.986219
v 0.042868 -1.001018 -0.875974
v 0.026417 -0.932333 -0.765729
vn -0.1599 0.9270 -0.3393
vn -0.1044 0.6954 -0.7110
vn 0.0676 0.9454 -0.3189
vn 0.1227 0.7157 -0.6876
vn 0.2838 0.9184 -0.2757
vn 0.3375 0.6939 -0.6361
vn 0.4740 0.8538 -0.2151
vn 0.5261 0.6364 -0.5641
vn 0.6314 0.7622 -0.1430
vn 0.6817 0.5522 -0.4800
vn 0.7547 0.6530 -0.0643
vn 0.8033 0.4498 -0.3903
vn 0.8459 0.5330 0.0181
vn 0.8933 0.3352 -0.2995
vn 0.9079 0.4065 0.1025
vn 0.9545 0.2119 -0.2098
vn 0.9428 0.2754 0.1881
vn 0.9891 0.0819 -0.1224
vn 0.9512 0.1405 0.2746
vn 0.9978 -0.0540 -0.0377
vn 0.9323 0.0025 0.3616
vn 0.9797 -0.1954 0.0440
vn 0.8835 -0.1378 0.4477
vn 0.9322 -0.3410 0.1216
vn 0.8009 -0.2780 0.5304
vn 0.8512 -0.4880 0.1934
vn 0.6805 -0.4132 0.6051
vn 0.7326 -0.6307 0.2561
vn 0.5206 -0.5352 0.6653
vn 0.5744 -0.7597 0.3049
vn 0.3248 -0.6329 0.7028
vn 0.3798 -0.8626 0.3341
vn 0.1044 -0.6954 0.7110
vn 0.1599 -0.9270 0.3393
vn -0.1227 -0.7157 0.6876
vn -0.0676 -0.9454 0.3189
vn -0.3375 -0.6939 0.6361
vn -0.2838 -0.9184 0.2757
vn -0.5261 -0.6364 0.5641
vn -0.4740 -0.8538 0.2151
vn -0.6817 -0.5522 0.4800
vn -0.6314 -0.7622 0.1430
vn -0.8033 -0.4498 0.3903
vn -0.7547 -0.6530 0.0643
vn -0.8933 -0.3352 0.2995
vn -0.8459 -0.5330 -0.0181
vn -0.9545 -0.2119 0.2098
vn -0.9079 -0.4065 -0.1025
vn -0.9891 -0.0819 0.1224
vn -0.9428 -0.2754 -0.1881
vn -0.9978 0.0540 0.0377
vn -0.9512 -0.1405 -0.2746
vn -0.9797 0.1954 -0.0440
vn -0.9323 -0.0025 -0.3616
vn -0.9322 0.3410 -0.1216
vn -0.8835 0.1378 -0.4477
vn -0.8512 0.4880 -0.1934
vn -0.8009 0.2780 -0.5304
vn -0.7326 0.6307 -0.2561
vn -0.6805 0.4132 -0.6051
vn -0.5744 0.7597 -0.3049
vn -0.5206 0.5352 -0.6653
vn -0.3798 0.8626 -0.3341
vn -0.3248 0.6329 -0.7028
vn -0.1355 0.8317 -0.5384
vn 0.0975 0.8512 -0.5157
vn 0.3180 0.8253 -0.4667
vn 0.5112 0.7616 -0.3982
vn 0.6701 0.6708 -0.3179
vn 0.7940 0.5620 -0.2317
vn 0.8855 0.4420 -0.1433
vn 0.9476 0.3147 -0.0546
vn 0.9828 0.1818 0.0334
vn 0.9917 0.0440 0.1206
vn 0.9735 -0.0982 0.2065
vn 0.9254 -0.2440 0.2901
vn 0.8431 -0.3909 0.3694
vn 0.7222 -0.5335 0.4402
vn 0.5605 -0.6628 0.4966
vn 0.3611 -0.7664 0.5313
vn 0.1355 -0.8317 0.5384
vn -0.0975 -0.8512 0.5157
vn -0.3180 -0.8253 0.4667
vn -0.5112 -0.7616 0.3982
vn -0.6701 -0.6708 0.3179
vn -0.7940 -0.5620 0.2317
vn -0.8855 -0.4420 0.1433
vn -0.9476 -0.3147 0.0546
vn -0.9828 -0.1818 -0.0334
vn -0.9917 -0.0440 -0.1206
vn -0.9735 0.0982 -0.2065
vn -0.9254 0.2440 -0.2901
vn -0.8431 0.3909 -0.3694
vn -0.7222 0.5335 -0.4402
vn -0.5605 0.6628 -0.4966
vn -0.3611 0.7664 -0.5313
vt 1.000000 0.958333
vt 1.000000 1.000000
vt 0.968750 1.000000
vt 0.968750 0.958333
vt 0.937500 1.000000
vt 0.937500 0.958333
vt 0.906250 1.000000
vt 0.906250 0.958333
vt 0.875000 1.000000
vt 0.875000 0.958333
vt 0.843750 1.000000
vt 0.843750 0.958333
vt 0.812500 1.000000
vt 0.812500 0.958333
vt 0.781250 1.000000
vt 0.781250 0.958333
vt 0.750000 1.000000
vt 0.750000 0.958333
vt 0.718750 1.000000
vt 0.718750 0.958333
vt 0.687500 1.000000
vt 0.687500 0.958333
vt 0.656250 1.000000
vt 0.656250 0.958333
vt 0.625000 1.000000
vt 0.625000 0.958333
vt 0.593750 1.000000
vt 0.593750 0.958333
vt 0.562500 1.000000
vt 0.562500 0.958333
vt 0.531250 1.000000
vt 0.531250 0.958333
vt 0.500000 1.000000
vt 0.500000 0.958333
vt 0.468750 1.000000
vt 0.468750 0.958333
vt 0.437500 1.000000
vt 0.437500 0.958333
vt 0.406250 1.000000
vt 0.406250 0.958333
vt 0.375000 1.000000
vt 0.375000 0.958333
vt 0.343750 1.000000
vt 0.343750 0.958333
vt 0.312500 1.000000
vt 0.312500 0.958333
vt 0.281250 1.000000
vt 0.281250 0.958333
vt 0.250000 1.000000
vt 0.250000 0.958333
vt 0.218750 1.000000
vt 0.218750 0.958333
vt 0.187500 1.000000
vt 0.187500 0.958333
vt 0.156250 1.000000
vt 0.156250 0.958333
vt 0.125000 1.000000
vt 0.125000 0.958333
vt 0.093750 1.000000
vt 0.093750 0.958333
vt 0.062500 1.000000
vt 0.062500 0.958333
vt 0.296822 0.485388
vt 0.250000 0.490000
vt 0.203178 0.485388
vt 0.158156 0.471731
vt 0.116663 0.449553
vt 0.080294 0.419706
vt 0.050447 0.383337
vt 0.028269 0.341844
vt 0.014612 0.296822
vt 0.010000 0.250000
vt 0.014612 0.203178
vt 0.028269 0.158156
vt 0.050447 0.116663
vt 0.080294 0.080294
vt 0.116663 0.050447
vt 0.158156 0.028269
vt 0.203178 0.014612
vt 0.250000 0.010000
vt 0.296822 0.014612
vt 0.341844 0.028269
vt 0.383337 0.050447
vt 0.419706 0.080294
vt 0.449553 0.116663
vt 0.471731 0.158156
vt 0.485388 0.203178
vt 0.490000 0.250000
vt 0.485388 0.296822
vt 0.471731 0.341844
vt 0.449553 0.383337
vt 0.419706 0.419706
vt 0.383337 0.449553
vt 0.341844 0.471731
vt 0.031250 1.000000
vt 0.031250 0.958333
vt 0.000000 1.000000
vt 0.000000 0.958333
vt 0.750000 0.490000
vt 0.796822 0.485388
vt 0.841844 0.471731
vt 0.883337 0.449553
vt 0.919706 0.419706
vt 0.949553 0.383337
vt 0.971731 0.341844
vt 0.985388 0.296822
vt 0.990000 0.250000
vt 0.985388 0.203178
vt 0.971731 0.158156
vt 0.949553 0.116663
vt 0.919706 0.080294
vt 0.883337 0.050447
vt 0.841844 0.028269
vt 0.796822 0.014612
vt 0.750000 0.010000
vt 0.703178 0.014612
vt 0.658156 0.028269
vt 0.616663 0.050447
vt 0.580294 0.080294
vt 0.550447 0.116663
vt 0.528269 0.158156
vt 0.514612 0.203178
vt 0.510000 0.250000
vt 0.514612 0.296822
vt 0.528269 0.341844
vt 0.550447 0.383337
vt 0.580294 0.419706
vt 0.616663 0.449553
vt 0.658156 0.471731
vt 0.703178 0.485388
vt 0.031250 0.500000
vt 0.031250 0.541667
vt 0.000000 0.541667
vt 0.000000 0.500000
vt 0.031250 0.583333
vt 0.000000 0.583333
vt 0.031250 0.625000
vt 0.000000 0.625000
vt 0.031250 0.666667
vt 0.000000 0.666667
vt 0.031250 0.708333
vt 0.000000 0.708333
vt 0.031250 0.750000
vt 0.000000 0.750000
vt 0.031250 0.791667
vt 0.000000 0.791667
vt 0.031250 0.833333
vt 0.000000 0.833333
vt 0.031250 0.875000
vt 0.000000 0.875000
vt 0.031250 0.916667
vt 0.000000 0.916667
vt 0.062500 0.500000
vt 0.062500 0.541667
vt 0.062500 0.583333
vt 0.062500 0.625000
vt 0.062500 0.666667
vt 0.062500 0.708333
vt 0.062500 0.750000
vt 0.062500 0.791667
vt 0.062500 0.833333
vt 0.062500 0.875000
vt 0.062500 0.916667
vt 0.093750 0.500000
vt 0.093750 0.541667
vt 0.093750 0.583333
vt 0.093750 0.625000
vt 0.093750 0.666667
vt 0.093750 0.708333
vt 0.093750 0.750000
vt 0.093750 0.791667
vt 0.093750 0.833333
vt 0.093750 0.875000
vt 0.093750 0.916667
vt 0.125000 0.500000
vt 0.125000 0.541667
vt 0.125000 0.583333
vt 0.125000 0.625000
vt 0.125000 0.666667
vt 0.125000 0.708333
vt 0.125000 0.750000
vt 0.125000 0.791667
vt 0.125000 0.833333
vt 0.125000 0.875000
vt 0.125000 0.916667
vt 0.156250 0.500000
vt 0.156250 0.541667
vt 0.156250 0.583333
vt 0.156250 0.625000
vt 0.156250 0.666667
vt 0.156250 0.708333
vt 0.156250 0.750000
vt 0.156250 0.791667
vt 0.156250 0.833333
vt 0.156250 0.875000
vt 0.156250 0.916667
vt 0.187500 0.500000
vt 0.187500 0.541667
vt 0.187500 0.583333
vt 0.187500 0.625000
vt 0.187500 0.666667
vt 0.187500 0.708333
vt 0.187500 0.750000
vt 0.187500 0.791667
vt 0.187500 0.833333
vt 0.187500 0.875000
vt 0.187500 0.916667
vt 0.218750 0.500000
vt 0.218750 0.541667
vt 0.218750 0.583333
vt 0.218750 0.625000
vt 0.218750 0.666667
vt 0.218750 0.708333
vt 0.218750 0.750000
vt 0.218750 0.791667
vt 0.218750 0.833333
vt 0.218750 0.875000
vt 0.218750 0.916667
vt 0.250000 0.500000
vt 0.250000 0.541667
vt 0.250000 0.583333
vt 0.250000 0.625000
vt 0.250000 0.666667
vt 0.250000 0.708333
vt 0.250000 0.750000
vt 0.250000 0.791667
vt 0.250000 0.833333
vt 0.250000 0.875000
vt 0.250000 0.916667
vt 0.281250 0.500000
vt 0.281250 0.541667
vt 0.281250 0.583333
vt 0.281250 0.625000
vt 0.281250 0.666667
vt 0.281250 0.708333
vt 0.281250 0.750000
vt 0.281250 0.791667
vt 0.281250 0.833333
vt 0.281250 0.875000
vt 0.281250 0.916667
vt 0.312500 0.500000
vt 0.312500 0.541667
vt 0.312500 0.583333
vt 0.312500 0.625000
vt 0.312500 0.666667
vt 0.312500 0.708333
vt 0.312500 0.750000
vt 0.312500 0.791667
vt 0.312500 0.833333
vt 0.312500 0.875000
vt 0.312500 0.916667
vt 0.343750 0.500000
vt 0.343750 0.541667
vt 0.343750 0.583333
vt 0.343750 0.625000
vt 0.343750 0.666667
vt 0.343750 0.708333
vt 0.343750 0.750000
vt 0.343750 0.791667
vt 0.343750 0.833333
vt 0.343750 0.875000
vt 0.343750 0.916667
vt 0.375000 0.500000
vt 0.375000 0.541667
vt 0.375000 0.583333
vt 0.375000 0.625000
vt 0.375000 0.666667
vt 0.375000 0.708333
vt 0.375000 0.750000
vt 0.375000 0.791667
vt 0.375000 0.833333
vt 0.375000 0.875000
vt 0.375000 0.916667
vt 0.406250 0.500000
vt 0.406250 0.541667
vt 0.406250 0.583333
vt 0.406250 0.625000
vt 0.406250 0.666667
vt 0.406250 0.708333
vt 0.406250 0.750000
vt 0.406250 0.791667
vt 0.406250 0.833333
vt 0.406250 0.875000
vt 0.406250 0.916667
vt 0.437500 0.500000
vt 0.437500 0.541667
vt 0.437500 0.583333
vt 0.437500 0.625000
vt 0.437500 0.666667
vt 0.437500 0.708333
vt 0.437500 0.750000
vt 0.437500 0.791667
vt 0.437500 0.833333
vt 0.437500 0.875000
vt 0.437500 0.916667
vt 0.468750 0.500000
vt 0.468750 0.541667
vt 0.468750 0.583333
vt 0.468750 0.625000
vt 0.468750 0.666667
vt 0.468750 0.708333
vt 0.468750 0.750000
vt 0.468750 0.791667
vt 0.468750 0.833333
vt 0.468750 0.875000
vt 0.468750 0.916667
vt 0.500000 0.500000
vt 0.500000 0.541667
vt 0.500000 0.583333
vt 0.500000 0.625000
vt 0.500000 0.666667
vt 0.500000 0.708333
vt 0.500000 0.750000
vt 0.500000 0.791667
vt 0.500000 0.833333
vt 0.500000 0.875000
vt 0.500000 0.916667
vt 0.531250 0.500000
vt 0.531250 0.541667
vt 0.531250 0.583333
vt 0.531250 0.625000
vt 0.531250 0.666667
vt 0.531250 0.708333
vt 0.531250 0.750000
vt 0.531250 0.791667
vt 0.531250 0.833333
vt 0.531250 0.875000
vt 0.531250 0.916667
vt 0.562500 0.500000
vt 0.562500 0.541667
vt 0.562500 0.583333
vt 0.562500 0.625000
vt 0.562500 0.666667
vt 0.562500 0.708333
vt 0.562500 0.750000
vt 0.562500 0.791667
vt 0.562500 0.833333
vt 0.562500 0.875000
vt 0.562500 0.916667
vt 0.593750 0.500000
vt 0.593750 0.541667
vt 0.593750 0.583333
vt 0.593750 0.625000
vt 0.593750 0.666667
vt 0.593750 0.708333
vt 0.593750 0.750000
vt 0.593750 0.791667
vt 0.593750 0.833333
vt 0.593750 0.875000
vt 0.593750 0.916667
vt 0.625000 0.500000
vt 0.625000 0.541667
vt 0.625000 0.583333
vt 0.625000 0.625000
vt 0.625000 0.666667
vt 0.625000 0.708333
vt 0.625000 0.750000
vt 0.625000 0.791667
vt 0.625000 0.833333
vt 0.625000 0.875000
vt 0.625000 0.916667
vt 0.656250 0.500000
vt 0.656250 0.541667
vt 0.656250 0.583333
vt 0.656250 0.625000
vt 0.656250 0.666667
vt 0.656250 0.708333
vt 0.656250 0.750000
vt 0.656250 0.791667
vt 0.656250 0.833333
vt 0.656250 0.875000
vt 0.656250 0.916667
vt 0.687500 0.500000
vt 0.687500 0.541667
vt 0.687500 0.583333
vt 0.687500 0.625000
vt 0.687500 0.666667
vt 0.687500 0.708333
vt 0.687500 0.750000
vt 0.687500 0.791667
vt 0.687500 0.833333
vt 0.687500 0.875000
vt 0.687500 0.916667
vt 0.718750 0.500000
vt 0.718750 0.541667
vt 0.718750 0.583333
vt 0.718750 0.625000
vt 0.718750 0.666667
vt 0.718750 0.708333
vt 0.718750 0.750000
vt 0.718750 0.791667
vt 0.718750 0.833333
vt 0.718750 0.875000
vt 0.718750 0.916667
vt 0.750000 0.500000
vt 0.750000 0.541667
vt 0.750000 0.583333
vt 0.750000 0.625000
vt 0.750000 0.666667
vt 0.750000 0.708333
vt 0.750000 0.750000
vt 0.750000 0.791667
vt 0.750000 0.833333
vt 0.750000 0.875000
vt 0.750000 0.916667
vt 0.781250 0.500000
vt 0.781250 0.541667
vt 0.781250 0.583333
vt 0.781250 0.625000
vt 0.781250 0.666667
vt 0.781250 0.708333
vt 0.781250 0.750000
vt 0.781250 0.791667
vt 0.781250 0.833333
vt 0.781250 0.875000
vt 0.781250 0.916667
vt 0.812500 0.500000
vt 0.812500 0.541667
vt 0.812500 0.583333
vt 0.812500 0.625000
vt 0.812500 0.666667
vt 0.812500 0.708333
vt 0.812500 0.750000
vt 0.812500 0.791667
vt 0.812500 0.833333
vt 0.812500 0.875000
vt 0.812500 0.916667
vt 0.843750 0.500000
vt 0.843750 0.541667
vt 0.843750 0.583333
vt 0.843750 0.625000
vt 0.843750 0.666667
vt 0.843750 0.708333
vt 0.843750 0.750000
vt 0.843750 0.791667
vt 0.843750 0.833333
vt 0.843750 0.875000
vt 0.843750 0.916667
vt 0.875000 0.500000
vt 0.875000 0.541667
vt 0.875000 0.583333
vt 0.875000 0.625000
vt 0.875000 0.666667
vt 0.875000 0.708333
vt 0.875000 0.750000
vt 0.875000 0.791667
vt 0.875000 0.833333
vt 0.875000 0.875000
vt 0.875000 0.916667
vt 0.906250 0.500000
vt 0.906250 0.541667
vt 0.906250 0.583333
vt 0.906250 0.625000
vt 0.906250 0.666667
vt 0.906250 0.708333
vt 0.906250 0.750000
vt 0.906250 0.791667
vt 0.906250 0.833333
vt 0.906250 0.875000
vt 0.906250 0.916667
vt 0.937500 0.500000
vt 0.937500 0.541667
vt 0.937500 0.583333
vt 0.937500 0.625000
vt 0.937500 0.666667
vt 0.937500 0.708333
vt 0.937500 0.750000
vt 0.937500 0.791667
vt 0.937500 0.833333
vt 0.937500 0.875000
vt 0.937500 0.916667
vt 0.968750 0.500000
vt 0.968750 0.541667
vt 0.968750 0.583333
vt 0.968750 0.625000
vt 0.968750 0.666667
vt 0.968750 0.708333
vt 0.968750 0.750000
vt 0.968750 0.791667
vt 0.968750 0.833333
vt 0.968750 0.875000
vt 0.968750 0.916667
vt 1.000000 0.500000
vt 1.000000 0.541667
vt 1.000000 0.583333
vt 1.000000 0.625000
vt 1.000000 0.666667
vt 1.000000 0.708333
vt 1.000000 0.750000
vt 1.000000 0.791667
vt 1.000000 0.833333
vt 1.000000 0.875000
vt 1.000000 0.916667
s 1
f 2074/2282/1944 2075/2285/1945 2003/2284/1883 2001/2283/1881
f 2075/2285/1945 2086/2287/1946 2005/2286/1885 2003/2284/1883
f 2086/2287/1946 2097/2289/1947 2007/2288/1887 2005/2286/1885
f 2097/2289/1947 2108/2291/1948 2009/2290/1889 2007/2288/1887
f 2108/2291/1948 2119/2293/1949 2011/2292/1891 2009/2290/1889
f 2119/2293/1949 2130/2295/1950 2013/2294/1893 2011/2292/1891
f 2130/2295/1950 2141/2297/1951 2015/2296/1895 2013/2294/1893
f 2141/2297/1951 2152/2299/1952 2017/2298/1897 2015/2296/1895
f 2152/2299/1952 2163/2301/1953 2019/2300/1899 2017/2298/1897
f 2163/2301/1953 2174/2303/1954 2021/2302/1901 2019/2300/1899
f 2174/2303/1954 2185/2305/1955 2023/2304/1903 2021/2302/1901
f 2185/2305/1955 2196/2307/1956 2025/2306/1905 2023/2304/1903
f 2196/2307/1956 2207/2309/1957 2027/2308/1907 2025/2306/1905
f 2207/2309/1957 2218/2311/1958 2029/2310/1909 2027/2308/1907
f 2218/2311/1958 2229/2313/1959 2031/2312/1911 2029/2310/1909
f 2229/2313/1959 2240/2315/1960 2033/2314/1913 2031/2312/1911
f 2240/2315/1960 2251/2317/1961 2035/2316/1915 2033/2314/1913
f 2251/2317/1961 2262/2319/1962 2037/2318/1917 2035/2316/1915
f 2262/2319/1962 2273/2321/1963 2039/2320/1919 2037/2318/1917
f 2273/2321/1963 2284/2323/1964 2041/2322/1921 2039/2320/1919
f 2284/2323/1964 2295/2325/1965 2043/2324/1923 2041/2322/1921
f 2295/2325/1965 2306/2327/1966 2045/2326/1925 2043/2324/1923
f 2306/2327/1966 2317/2329/1967 2047/2328/1927 2045/2326/1925
f 2317/2329/1967 2328/2331/1968 2049/2330/1929 2047/2328/1927
f 2328/2331/1968 2339/2333/1969 2051/2332/1931 2049/2330/1929
f 2339/2333/1969 2350/2335/1970 2053/2334/1933 2051/2332/1931
f 2350/2335/1970 2361/2337/1971 2055/2336/1935 2053/2334/1933
f 2361/2337/1971 2372/2339/1972 2057/2338/1937 2055/2336/1935
f 2372/2339/1972 2383/2341/1973 2059/2340/1939 2057/2338/1937
f 2383/2341/1973 2394/2343/1974 2061/2342/1941 2059/2340/1939
f 2003/2344/1883 2005/2375/1885 2007/2374/1887 2009/2373/1889 2011/2372/1891 2013/2371/1893 2015/2370/1895 2017/2369/1897 2019/2368/1899 2021/2367/1901 2023/2366/1903 2025/2365/1905 2027/2364/1907 2029/2363/1909 2031/2362/1911 2033/2361/1913 2035/2360/1915 2037/2359/1917 2039/2358/1919 2041/2357/1921 2043/2356/1923 2045/2355/1925 2047/2354/1927 2049/2353/1929 2051/2352/1931 2053/2351/1933 2055/2350/1935 2057/2349/1937 2059/2348/1939 2061/2347/1941 2063/2346/1943 2001/2345/1881
f 2394/2343/1974 2405/2377/1975 2063/2376/1943 2061/2342/1941
f 2405/2377/1975 2074/2379/1944 2001/2378/1881 2063/2376/1943
f 2000/2380/1880 2062/2411/1942 2060/2410/1940 2058/2409/1938 2056/2408/1936 2054/2407/1934 2052/2406/1932 2050/2405/1930 2048/2404/1928 2046/2403/1926 2044/2402/1924 2042/2401/1922 2040/2400/1920 2038/2399/1918 2036/2398/1916 2034/2397/1914 2032/2396/1912 2030/2395/1910 2028/2394/1908 2026/2393/1906 2024/2392/1904 2022/2391/1902 2020/2390/1900 2018/2389/1898 2016/2388/1896 2014/2387/1894 2012/2386/1892 2010/2385/1890 2008/2384/1888 2006/2383/1886 2004/2382/1884 2002/2381/1882
f 2062/2412/1942 2000/2415/1880 2064/2414/1944 2415/2413/1975
f 2415/2413/1975 2064/2414/1944 2065/2417/1944 2414/2416/1975
f 2414/2416/1975 2065/2417/1944 2066/2419/1944 2413/2418/1975
f 2413/2418/1975 2066/2419/1944 2067/2421/1944 2412/2420/1975
f 2412/2420/1975 2067/2421/1944 2068/2423/1944 2411/2422/1975
f 2411/2422/1975 2068/2423/1944 2069/2425/1944 2410/2424/1975
f 2410/2424/1975 2069/2425/1944 2070/2427/1944 2409/2426/1975
f 2409/2426/1975 2070/2427/1944 2071/2429/1944 2408/2428/1975
f 2408/2428/1975 2071/2429/1944 2072/2431/1944 2407/2430/1975
f 2407/2430/1975 2072/2431/1944 2073/2433/1944 2406/2432/1975
f 2406/2432/1975 2073/2433/1944 2074/2379/1944 2405/2377/1975
f 2060/2434/1940 2062/2412/1942 2415/2413/1975 2404/2435/1974
f 2404/2435/1974 2415/2413/1975 2414/2416/1975 2403/2436/1974
f 2403/2436/1974 2414/2416/1975 2413/2418/1975 2402/2437/1974
f 2402/2437/1974 2413/2418/1975 2412/2420/1975 2401/2438/1974
f 2401/2438/1974 2412/2420/1975 2411/2422/1975 2400/2439/1974
f 2400/2439/1974 2411/2422/1975 2410/2424/1975 2399/2440/1974
f 2399/2440/1974 2410/2424/1975 2409/2426/1975 2398/2441/1974
f 2398/2441/1974 2409/2426/1975 2408/2428/1975 2397/2442/1974
f 2397/2442/1974 2408/2428/1975 2407/2430/1975 2396/2443/1974
f 2396/2443/1974 2407/2430/1975 2406/2432/1975 2395/2444/1974
f 2395/2444/1974 2406/2432/1975 2405/2377/1975 2394/2343/1974
f 2058/2445/1938 2060/2434/1940 2404/2435/1974 2393/2446/1973
f 2393/2446/1973 2404/2435/1974 2403/2436/1974 2392/2447/1973
f 2392/2447/1973 2403/2436/1974 2402/2437/1974 2391/2448/1973
f 2391/2448/1973 2402/2437/1974 2401/2438/1974 2390/2449/1973
f 2390/2449/1973 2401/2438/1974 2400/2439/1974 2389/2450/1973
f 2389/2450/1973 2400/2439/1974 2399/2440/1974 2388/2451/1973
f 2388/2451/1973 2399/2440/1974 2398/2441/1974 2387/2452/1973
f 2387/2452/1973 2398/2441/1974 2397/2442/1974 2386/2453/1973
f 2386/2453/1973 2397/2442/1974 2396/2443/1974 2385/2454/1973
f 2385/2454/1973 2396/2443/1974 2395/2444/1974 2384/2455/1973
f 2384/2455/1973 2395/2444/1974 2394/2343/1974 2383/2341/1973
f 2056/2456/1936 2058/2445/1938 2393/2446/1973 2382/2457/1972
f 2382/2457/1972 2393/2446/1973 2392/2447/1973 2381/2458/1972
f 2381/2458/1972 2392/2447/1973 2391/2448/1973 2380/2459/1972
f 2380/2459/1972 2391/2448/1973 2390/2449/1973 2379/2460/1972
f 2379/2460/1972 2390/2449/1973 2389/2450/1973 2378/2461/1972
f 2378/2461/1972 2389/2450/1973 2388/2451/1973 2377/2462/1972
f 2377/2462/1972 2388/2451/1973 2387/2452/1973 2376/2463/1972
f 2376/2463/1972 2387/2452/1973 2386/2453/1973 2375/2464/1972
f 2375/2464/1972 2386/2453/1973 2385/2454/1973 2374/2465/1972
f 2374/2465/1972 2385/2454/1973 2384/2455/1973 2373/2466/1972
f 2373/2466/1972 2384/2455/1973 2383/2341/1973 2372/2339/1972
f 2054/2467/1934 2056/2456/1936 2382/2457/1972 2371/2468/1971
f 2371/2468/1971 2382/2457/1972 2381/2458/1972 2370/2469/1971
f 2370/2469/1971 2381/2458/1972 2380/2459/1972 2369/2470/1971
f 2369/2470/1971 2380/2459/1972 2379/2460/1972 2368/2471/1971
f 2368/2471/1971 2379/2460/1972 2378/2461/1972 2367/2472/1971
f 2367/2472/1971 2378/2461/1972 2377/2462/1972 2366/2473/1971
f 2366/2473/1971 2377/2462/1972 2376/2463/1972 2365/2474/1971
f 2365/2474/1971 2376/2463/1972 2375/2464/1972 2364/2475/1971
f 2364/2475/1971 2375/2464/1972 2374/2465/1972 2363/2476/1971
f 2363/2476/1971 2374/2465/1972 2373/2466/1972 2362/2477/1971
f 2362/2477/1971 2373/2466/1972 2372/2339/1972 2361/2337/1971
f 2052/2478/1932 2054/2467/1934 2371/2468/1971 2360/2479/1970
f 2360/2479/1970 2371/2468/1971 2370/2469/1971 2359/2480/1970
f 2359/2480/1970 2370/2469/1971 2369/2470/1971 2358/2481/1970
f 2358/2481/1970 2369/2470/1971 2368/2471/1971 2357/2482/1970
f 2357/2482/1970 2368/2471/1971 2367/2472/1971 2356/2483/1970
f 2356/2483/1970 2367/2472/1971 2366/2473/1971 2355/2484/1970
f 2355/2484/1970 2366/2473/1971 2365/2474/1971 2354/2485/1970
f 2354/2485/1970 2365/2474/1971 2364/2475/1971 2353/2486/1970
f 2353/2486/1970 2364/2475/1971 2363/2476/1971 2352/2487/1970
f 2352/2487/1970 2363/2476/1971 2362/2477/1971 2351/2488/1970
f 2351/2488/1970 2362/2477/1971 2361/2337/1971 2350/2335/1970
f 2050/2489/1930 2052/2478/1932 2360/2479/1970 2349/2490/1969
f 2349/2490/1969 2360/2479/1970 2359/2480/1970 2348/2491/1969
f 2348/2491/1969 2359/2480/1970 2358/2481/1970 2347/2492/1969
f 2347/2492/1969 2358/2481/1970 2357/2482/1970 2346/2493/1969
f 2346/2493/1969 2357/2482/1970 2356/2483/1970 2345/2494/1969
f 2345/2494/1969 2356/2483/1970 2355/2484/1970 2344/2495/1969
f 2344/2495/1969 2355/2484/1970 2354/2485/1970 2343/2496/1969
f 2343/2496/1969 2354/2485/1970 2353/2486/1970 2342/2497/1969
f 2342/2497/1969 2353/2486/1970 2352/2487/1970 2341/2498/1969
f 2341/2498/1969 2352/2487/1970 2351/2488/1970 2340/2499/1969
f 2340/2499/1969 2351/2488/1970 2350/2335/1970 2339/2333/1969
f 2048/2500/1928 2050/2489/1930 2349/2490/1969 2338/2501/1968
f 2338/2501/1968 2349/2490/1969 2348/2491/1969 2337/2502/1968
f 2337/2502/1968 2348/2491/1969 2347/2492/1969 2336/2503/1968
f 2336/2503/1968 2347/2492/1969 2346/2493/1969 2335/2504/1968
f 2335/2504/1968 2346/2493/1969 2345/2494/1969 2334/2505/1968
f 2334/2505/1968 2345/2494/1969 2344/2495/1969 2333/2506/1968
f 2333/2506/1968 2344/2495/1969 2343/2496/1969 2332/2507/1968
f 2332/2507/1968 2343/2496/1969 2342/2497/1969 2331/2508/1968
f 2331/2508/1968 2342/2497/1969 2341/2498/1969 2330/2509/1968
f 2330/2509/1968 2341/2498/1969 2340/2499/1969 2329/2510/1968
f 2329/2510/1968 2340/2499/1969 2339/2333/1969 2328/2331/1968
f 2046/2511/1926 2048/2500/1928 2338/2501/1968 2327/2512/1967
f 2327/2512/1967 2338/2501/1968 2337/2502/1968 2326/2513/1967
f 2326/2513/1967 2337/2502/1968 2336/2503/1968 2325/2514/1967
f 2325/2514/1967 2336/2503/1968 2335/2504/1968 2324/2515/1967
f 2324/2515/1967 2335/2504/1968 2334/2505/1968 2323/2516/1967
f 2323/2516/1967 2334/2505/1968 2333/2506/1968 2322/2517/1967
f 2322/2517/1967 2333/2506/1968 2332/2507/1968 2321/2518/1967
f 2321/2518/1967 2332/2507/1968 2331/2508/1968 2320/2519/1967
f 2320/2519/1967 2331/2508/1968 2330/2509/1968 2319/2520/1967
f 2319/2520/1967 2330/2509/1968 2329/2510/1968 2318/2521/1967
f 2318/2521/1967 2329/2510/1968 2328/2331/1968 2317/2329/1967
f 2044/2522/1924 2046/2511/1926 2327/2512/1967 2316/2523/1966
f 2316/2523/1966 2327/2512/1967 2326/2513/1967 2315/2524/1966
f 2315/2524/1966 2326/2513/1967 2325/2514/1967 2314/2525/1966
f 2314/2525/1966 2325/2514/1967 2324/2515/1967 2313/2526/1966
f 2313/2526/1966 2324/2515/1967 2323/2516/1967 2312/2527/1966
f 2312/2527/1966 2323/2516/1967 2322/2517/1967 2311/2528/1966
f 2311/2528/1966 2322/2517/1967 2321/2518/1967 2310/2529/1966
f 2310/2529/1966 2321/2518/1967 2320/2519/1967 2309/2530/1966
f 2309/2530/1966 2320/2519/1967 2319/2520/1967 2308/2531/1966
f 2308/2531/1966 2319/2520/1967 2318/2521/1967 2307/2532/1966
f 2307/2532/1966 2318/2521/1967 2317/2329/1967 2306/2327/1966
f 2042/2533/1922 2044/2522/1924 2316/2523/1966 2305/2534/1965
f 2305/2534/1965 2316/2523/1966 2315/2524/1966 2304/2535/1965
f 2304/2535/1965 2315/2524/1966 2314/2525/1966 2303/2536/1965
f 2303/2536/1965 2314/2525/1966 2313/2526/1966 2302/2537/1965
f 2302/2537/1965 2313/2526/1966 2312/2527/1966 2301/2538/1965
f 2301/2538/1965 2312/2527/1966 2311/2528/1966 2300/2539/1965
f 2300/2539/1965 2311/2528/1966 2310/2529/1966 2299/2540/1965
f 2299/2540/1965 2310/2529/1966 2309/2530/1966 2298/2541/1965
f 2298/2541/1965 2309/2530/1966 2308/2531/1966 2297/2542/1965
f 2297/2542/1965 2308/2531/1966 2307/2532/1966 2296/2543/1965
f 2296/2543/1965 2307/2532/1966 2306/2327/1966 2295/2325/1965
f 2040/2544/1920 2042/2533/1922 2305/2534/1965 2294/2545/1964
f 2294/2545/1964 2305/2534/1965 2304/2535/1965 2293/2546/1964
f 2293/2546/1964 2304/2535/1965 2303/2536/1965 2292/2547/1964
f 2292/2547/1964 2303/2536/1965 2302/2537/1965 2291/2548/1964
f 2291/2548/1964 2302/2537/1965 2301/2538/1965 2290/2549/1964
f 2290/2549/1964 2301/2538/1965 2300/2539/1965 2289/2550/1964
f 2289/2550/1964 2300/2539/1965 2299/2540/1965 2288/2551/1964
f 2288/2551/1964 2299/2540/1965 2298/2541/1965 2287/2552/1964
f 2287/2552/1964 2298/2541/1965 2297/2542/1965 2286/2553/1964
f 2286/2553/1964 2297/2542/1965 2296/2543/1965 2285/2554/1964
f 2285/2554/1964 2296/2543/1965 2295/2325/1965 2284/2323/1964
f 2038/2555/1918 2040/2544/1920 2294/2545/1964 2283/2556/1963
f 2283/2556/1963 2294/2545/1964 2293/2546/1964 2282/2557/1963
f 2282/2557/1963 2293/2546/1964 2292/2547/1964 2281/2558/1963
f 2281/2558/1963 2292/2547/1964 2291/2548/1964 2280/2559/1963
f 2280/2559/1963 2291/2548/1964 2290/2549/1964 2279/2560/1963
f 2279/2560/1963 2290/2549/1964 2289/2550/1964 2278/2561/1963
f 2278/2561/1963 2289/2550/1964 2288/2551/1964 2277/2562/1963
f 2277/2562/1963 2288/2551/1964 2287/2552/1964 2276/2563/1963
f 2276/2563/1963 2287/2552/1964 2286/2553/1964 2275/2564/1963
f 2275/2564/1963 2286/2553/1964 2285/2554/1964 2274/2565/1963
f 2274/2565/1963 2285/2554/1964 2284/2323/1964 2273/2321/1963
f 2036/2566/1916 2038/2555/1918 2283/2556/1963 2272/2567/1962
f 2272/2567/1962 2283/2556/1963 2282/2557/1963 2271/2568/1962
f 2271/2568/1962 2282/2557/1963 2281/2558/1963 2270/2569/1962
f 2270/2569/1962 2281/2558/1963 2280/2559/1963 2269/2570/1962
f 2269/2570/1962 2280/2559/1963 2279/2560/1963 2268/2571/1962
f 2268/2571/1962 2279/2560/1963 2278/2561/1963 2267/2572/1962
f 2267/2572/1962 2278/2561/1963 2277/2562/1963 2266/2573/1962
f 2266/2573/1962 2277/2562/1963 2276/2563/1963 2265/2574/1962
f 2265/2574/1962 2276/2563/1963 2275/2564/1963 2264/2575/1962
f 2264/2575/1962 2275/2564/1963 2274/2565/1963 2263/2576/1962
f 2263/2576/1962 2274/2565/1963 2273/2321/1963 2262/2319/1962
f 2034/2577/1914 2036/2566/1916 2272/2567/1962 2261/2578/1961
f 2261/2578/1961 2272/2567/1962 2271/2568/1962 2260/2579/1961
f 2260/2579/1961 2271/2568/1962 2270/2569/1962 2259/2580/1961
f 2259/2580/1961 2270/2569/1962 2269/2570/1962 2258/2581/1961
f 2258/2581/1961 2269/2570/1962 2268/2571/1962 2257/2582/1961
f 2257/2582/1961 2268/2571/1962 2267/2572/1962 2256/2583/1961
f 2256/2583/1961 2267/2572/1962 2266/2573/1962 2255/2584/1961
f 2255/2584/1961 2266/2573/1962 2265/2574/1962 2254/2585/1961
f 2254/2585/1961 2265/2574/1962 2264/2575/1962 2253/2586/1961
f 2253/2586/1961 2264/2575/1962 2263/2576/1962 2252/2587/1961
f 2252/2587/1961 2263/2576/1962 2262/2319/1962 2251/2317/1961
f 2032/2588/1912 2034/2577/1914 2261/2578/1961 2250/2589/1960
f 2250/2589/1960 2261/2578/1961 2260/2579/1961 2249/2590/1960
f 2249/2590/1960 2260/2579/1961 2259/2580/1961 2248/2591/1960
f 2248/2591/1960 2259/2580/1961 2258/2581/1961 2247/2592/1960
f 2247/2592/1960 2258/2581/1961 2257/2582/1961 2246/2593/1960
f 2246/2593/1960 2257/2582/1961 2256/2583/1961 2245/2594/1960
f 2245/2594/1960 2256/2583/1961 2255/2584/1961 2244/2595/1960
f 2244/2595/1960 2255/2584/1961 2254/2585/1961 2243/2596/1960
f 2243/2596/1960 2254/2585/1961 2253/2586/1961 2242/2597/1960
f 2242/2597/1960 2253/2586/1961 2252/2587/1961 2241/2598/1960
f 2241/2598/1960 2252/2587/1961 2251/2317/1961 2240/2315/1960
f 2030/2599/1910 2032/2588/1912 2250/2589/1960 2239/2600/1959
f 2239/2600/1959 2250/2589/1960 2249/2590/1960 2238/2601/1959
f 2238/2601/1959 2249/2590/1960 2248/2591/1960 2237/2602/1959
f 2237/2602/1959 2248/2591/1960 2247/2592/1960 2236/2603/1959
f 2236/2603/1959 2247/2592/1960 2246/2593/1960 2235/2604/1959
f 2235/2604/1959 2246/2593/1960 2245/2594/1960 2234/2605/1959
f 2234/2605/1959 2245/2594/1960 2244/2595/1960 2233/2606/1959
f 2233/2606/1959 2244/2595/1960 2243/2596/1960 2232/2607/1959
f 2232/2607/1959 2243/2596/1960 2242/2597/1960 2231/2608/1959
f 2231/2608/1959 2242/2597/1960 2241/2598/1960 2230/2609/1959
f 2230/2609/1959 2241/2598/1960 2240/2315/1960 2229/2313/1959
f 2028/2610/1908 2030/2599/1910 2239/2600/1959 2228/2611/1958
f 2228/2611/1958 2239/2600/1959 2238/2601/1959 2227/2612/1958
f 2227/2612/1958 2238/2601/1959 2237/2602/1959 2226/2613/1958
f 2226/2613/1958 2237/2602/1959 2236/2603/1959 2225/2614/1958
f 2225/2614/1958 2236/2603/1959 2235/2604/1959 2224/2615/1958
f 2224/2615/1958 2235/2604/1959 2234/2605/1959 2223/2616/1958
f 2223/2616/1958 2234/2605/1959 2233/2606/1959 2222/2617/1958
f 2222/2617/1958 2233/2606/1959 2232/2607/1959 2221/2618/1958
f 2221/2618/1958 2232/2607/1959 2231/2608/1959 2220/2619/1958
f 2220/2619/1958 2231/2608/1959 2230/2609/1959 2219/2620/1958
f 2219/2620/1958 2230/2609/1959 2229/2313/1959 2218/2311/1958
f 2026/2621/1906 2028/2610/1908 2228/2611/1958 2217/2622/1957
f 2217/2622/1957 2228/2611/1958 2227/2612/1958 2216/2623/1957
f 2216/2623/1957 2227/2612/1958 2226/2613/1958 2215/2624/1957
f 2215/2624/1957 2226/2613/1958 2225/2614/1958 2214/2625/1957
f 2214/2625/1957 2225/2614/1958 2224/2615/1958 2213/2626/1957
f 2213/2626/1957 2224/2615/1958 2223/2616/1958 2212/2627/1957
f 2212/2627/1957 2223/2616/1958 2222/2617/1958 2211/2628/1957
f 2211/2628/1957 2222/2617/1958 2221/2618/1958 2210/2629/1957
f 2210/2629/1957 2221/2618/1958 2220/2619/1958 2209/2630/1957
f 2209/2630/1957 2220/2619/1958 2219/2620/1958 2208/2631/1957
f 2208/2631/1957 2219/2620/1958 2218/2311/1958 2207/2309/1957
f 2024/2632/1904 2026/2621/1906 2217/2622/1957 2206/2633/1956
f 2206/2633/1956 2217/2622/1957 2216/2623/1957 2205/2634/1956
f 2205/2634/1956 2216/2623/1957 2215/2624/1957 2204/2635/1956
f 2204/2635/1956 2215/2624/1957 2214/2625/1957 2203/2636/1956
f 2203/2636/1956 2214/2625/1957 2213/2626/1957 2202/2637/1956
f 2202/2637/1956 2213/2626/1957 2212/2627/1957 2201/2638/1956
f 2201/2638/1956 2212/2627/1957 2211/2628/1957 2200/2639/1956
f 2200/2639/1956 2211/2628/1957 2210/2629/1957 2199/2640/1956
f 2199/2640/1956 2210/2629/1957 2209/2630/1957 2198/2641/1956
f 2198/2641/1956 2209/2630/1957 2208/2631/1957 2197/2642/1956
f 2197/2642/1956 2208/2631/1957 2207/2309/1957 2196/2307/1956
f 2022/2643/1902 2024/2632/1904 2206/2633/1956 2195/2644/1955
f 2195/2644/1955 2206/2633/1956 2205/2634/1956 2194/2645/1955
f 2194/2645/1955 2205/2634/1956 2204/2635/1956 2193/2646/1955
f 2193/2646/1955 2204/2635/1956 2203/2636/1956 2192/2647/1955
f 2192/2647/1955 2203/2636/1956 2202/2637/1956 2191/2648/1955
f 2191/2648/1955 2202/2637/1956 2201/2638/1956 2190/2649/1955
f 2190/2649/1955 2201/2638/1956 2200/2639/1956 2189/2650/1955
f 2189/2650/1955 2200/2639/1956 2199/2640/1956 2188/2651/1955
f 2188/2651/1955 2199/2640/1956 2198/2641/1956 2187/2652/1955
f 2187/2652/1955 2198/2641/1956 2197/2642/1956 2186/2653/1955
f 2186/2653/1955 2197/2642/1956 2196/2307/1956 2185/2305/1955
f 2020/2654/1900 2022/2643/1902 2195/2644/1955 2184/2655/1954
f 2184/2655/1954 2195/2644/1955 2194/2645/1955 2183/2656/1954
f 2183/2656/1954 2194/2645/1955 2193/2646/1955 2182/2657/1954
f 2182/2657/1954 2193/2646/1955 2192/2647/1955 2181/2658/1954
f 2181/2658/1954 2192/2647/1955 2191/2648/1955 2180/2659/1954
f 2180/2659/1954 2191/2648/1955 2190/2649/1955 2179/2660/1954
f 2179/2660/1954 2190/2649/1955 2189/2650/1955 2178/2661/1954
f 2178/2661/1954 2189/2650/1955 2188/2651/1955 2177/2662/1954
f 2177/2662/1954 2188/2651/1955 2187/2652/1955 2176/2663/1954
f 2176/2663/1954 2187/2652/1955 2186/2653/1955 2175/2664/1954
f 2175/2664/1954 2186/2653/1955 2185/2305/1955 2174/2303/1954
f 2018/2665/1898 2020/2654/1900 2184/2655/1954 2173/2666/1953
f 2173/2666/1953 2184/2655/1954 2183/2656/1954 2172/2667/1953
f 2172/2667/1953 2183/2656/1954 2182/2657/1954 2171/2668/1953
f 2171/2668/1953 2182/2657/1954 2181/2658/1954 2170/2669/1953
f 2170/2669/1953 2181/2658/1954 2180/2659/1954 2169/2670/1953
f 2169/2670/1953 2180/2659/1954 2179/2660/1954 2168/2671/1953
f 2168/2671/1953 2179/2660/1954 2178/2661/1954 2167/2672/1953
f 2167/2672/1953 2178/2661/1954 2177/2662/1954 2166/2673/1953
f 2166/2673/1953 2177/2662/1954 2176/2663/1954 2165/2674/1953
f 2165/2674/1953 2176/2663/1954 2175/2664/1954 2164/2675/1953
f 2164/2675/1953 2175/2664/1954 2174/2303/1954 2163/2301/1953
f 2016/2676/1896 2018/2665/1898 2173/2666/1953 2162/2677/1952
f 2162/2677/1952 2173/2666/1953 2172/2667/1953 2161/2678/1952
f 2161/2678/1952 2172/2667/1953 2171/2668/1953 2160/2679/1952
f 2160/2679/1952 2171/2668/1953 2170/2669/1953 2159/2680/1952
f 2159/2680/1952 2170/2669/1953 2169/2670/1953 2158/2681/1952
f 2158/2681/1952 2169/2670/1953 2168/2671/1953 2157/2682/1952
f 2157/2682/1952 2168/2671/1953 2167/2672/1953 2156/2683/1952
f 2156/2683/1952 2167/2672/1953 2166/2673/1953 2155/2684/1952
f 2155/2684/1952 2166/2673/1953 2165/2674/1953 2154/2685/1952
f 2154/2685/1952 2165/2674/1953 2164/2675/1953 2153/2686/1952
f 2153/2686/1952 2164/2675/1953 2163/2301/1953 2152/2299/1952
f 2014/2687/1894 2016/2676/1896 2162/2677/1952 2151/2688/1951
f 2151/2688/1951 2162/2677/1952 2161/2678/1952 2150/2689/1951
f 2150/2689/1951 2161/2678/1952 2160/2679/1952 2149/2690/1951
f 2149/2690/1951 2160/2679/1952 2159/2680/1952 2148/2691/1951
f 2148/2691/1951 2159/2680/1952 2158/2681/1952 2147/2692/1951
f 2147/2692/1951 2158/2681/1952 2157/2682/1952 2146/2693/1951
f 2146/2693/1951 2157/2682/1952 2156/2683/1952 2145/2694/1951
f 2145/2694/1951 2156/2683/1952 2155/2684/1952 2144/2695/1951
f 2144/2695/1951 2155/2684/1952 2154/2685/1952 2143/2696/1951
f 2143/2696/1951 2154/2685/1952 2153/2686/1952 2142/2697/1951
f 2142/2697/1951 2153/2686/1952 2152/2299/1952 2141/2297/1951
f 2012/2698/1892 2014/2687/1894 2151/2688/1951 2140/2699/1950
f 2140/2699/1950 2151/2688/1951 2150/2689/1951 2139/2700/1950
f 2139/2700/1950 2150/2689/1951 2149/2690/1951 2138/2701/1950
f 2138/2701/1950 2149/2690/1951 2148/2691/1951 2137/2702/1950
f 2137/2702/1950 2148/2691/1951 2147/2692/1951 2136/2703/1950
f 2136/2703/1950 2147/2692/1951 2146/2693/1951 2135/2704/1950
f 2135/2704/1950 2146/2693/1951 2145/2694/1951 2134/2705/1950
f 2134/2705/1950 2145/2694/1951 2144/2695/1951 2133/2706/1950
f 2133/2706/1950 2144/2695/1951 2143/2696/1951 2132/2707/1950
f 2132/2707/1950 2143/2696/1951 2142/2697/1951 2131/2708/1950
f 2131/2708/1950 2142/2697/1951 2141/2297/1951 2130/2295/1950
f 2010/2709/1890 2012/2698/1892 2140/2699/1950 2129/2710/1949
f 2129/2710/1949 2140/2699/1950 2139/2700/1950 2128/2711/1949
f 2128/2711/1949 2139/2700/1950 2138/2701/1950 2127/2712/1949
f 2127/2712/1949 2138/2701/1950 2137/2702/1950 2126/2713/1949
f 2126/2713/1949 2137/2702/1950 2136/2703/1950 2125/2714/1949
f 2125/2714/1949 2136/2703/1950 2135/2704/1950 2124/2715/1949
f 2124/2715/1949 2135/2704/1950 2134/2705/1950 2123/2716/1949
f 2123/2716/1949 2134/2705/1950 2133/2706/1950 2122/2717/1949
f 2122/2717/1949 2133/2706/1950 2132/2707/1950 2121/2718/1949
f 2121/2718/1949 2132/2707/1950 2131/2708/1950 2120/2719/1949
f 2120/2719/1949 2131/2708/1950 2130/2295/1950 2119/2293/1949
f 2008/2720/1888 2010/2709/1890 2129/2710/1949 2118/2721/1948
f 2118/2721/1948 2129/2710/1949 2128/2711/1949 2117/2722/1948
f 2117/2722/1948 2128/2711/1949 2127/2712/1949 2116/2723/1948
f 2116/2723/1948 2127/2712/1949 2126/2713/1949 2115/2724/1948
f 2115/2724/1948 2126/2713/1949 2125/2714/1949 2114/2725/1948
f 2114/2725/1948 2125/2714/1949 2124/2715/1949 2113/2726/1948
f 2113/2726/1948 2124/2715/1949 2123/2716/1949 2112/2727/1948
f 2112/2727/1948 2123/2716/1949 2122/2717/1949 2111/2728/1948
f 2111/2728/1948 2122/2717/1949 2121/2718/1949 2110/2729/1948
f 2110/2729/1948 2121/2718/1949 2120/2719/1949 2109/2730/1948
f 2109/2730/1948 2120/2719/1949 2119/2293/1949 2108/2291/1948
f 2006/2731/1886 2008/2720/1888 2118/2721/1948 2107/2732/1947
f 2107/2732/1947 2118/2721/1948 2117/2722/1948 2106/2733/1947
f 2106/2733/1947 2117/2722/1948 2116/2723/1948 2105/2734/1947
f 2105/2734/1947 2116/2723/1948 2115/2724/1948 2104/2735/1947
f 2104/2735/1947 2115/2724/1948 2114/2725/1948 2103/2736/1947
f 2103/2736/1947 2114/2725/1948 2113/2726/1948 2102/2737/1947
f 2102/2737/1947 2113/2726/1948 2112/2727/1948 2101/2738/1947
f 2101/2738/1947 2112/2727/1948 2111/2728/1948 2100/2739/1947
f 2100/2739/1947 2111/2728/1948 2110/2729/1948 2099/2740/1947
f 2099/2740/1947 2110/2729/1948 2109/2730/1948 2098/2741/1947
f 2098/2741/1947 2109/2730/1948 2108/2291/1948 2097/2289/1947
f 2004/2742/1884 2006/2731/1886 2107/2732/1947 2096/2743/1946
f 2096/2743/1946 2107/2732/1947 2106/2733/1947 2095/2744/1946
f 2095/2744/1946 2106/2733/1947 2105/2734/1947 2094/2745/1946
f 2094/2745/1946 2105/2734/1947 2104/2735/1947 2093/2746/1946
f 2093/2746/1946 2104/2735/1947 2103/2736/1947 2092/2747/1946
f 2092/2747/1946 2103/2736/1947 2102/2737/1947 2091/2748/1946
f 2091/2748/1946 2102/2737/1947 2101/2738/1947 2090/2749/1946
f 2090/2749/1946 2101/2738/1947 2100/2739/1947 2089/2750/1946
f 2089/2750/1946 2100/2739/1947 2099/2740/1947 2088/2751/1946
f 2088/2751/1946 2099/2740/1947 2098/2741/1947 2087/2752/1946
f 2087/2752/1946 2098/2741/1947 2097/2289/1947 2086/2287/1946
f 2002/2753/1882 2004/2742/1884 2096/2743/1946 2085/2754/1945
f 2085/2754/1945 2096/2743/1946 2095/2744/1946 2084/2755/1945
f 2084/2755/1945 2095/2744/1946 2094/2745/1946 2083/2756/1945
f 2083/2756/1945 2094/2745/1946 2093/2746/1946 2082/2757/1945
f 2082/2757/1945 2093/2746/1946 2092/2747/1946 2081/2758/1945
f 2081/2758/1945 2092/2747/1946 2091/2748/1946 2080/2759/1945
f 2080/2759/1945 2091/2748/1946 2090/2749/1946 2079/2760/1945
f 2079/2760/1945 2090/2749/1946 2089/2750/1946 2078/2761/1945
f 2078/2761/1945 2089/2750/1946 2088/2751/1946 2077/2762/1945
f 2077/2762/1945 2088/2751/1946 2087/2752/1946 2076/2763/1945
f 2076/2763/1945 2087/2752/1946 2086/2287/1946 2075/2285/1945
f 2000/2764/1880 2002/2753/1882 2085/2754/1945 2064/2765/1944
f 2064/2765/1944 2085/2754/1945 2084/2755/1945 2065/2766/1944
f 2065/2766/1944 2084/2755/1945 2083/2756/1945 2066/2767/1944
f 2066/2767/1944 2083/2756/1945 2082/2757/1945 2067/2768/1944
f 2067/2768/1944 2082/2757/1945 2081/2758/1945 2068/2769/1944
f 2068/2769/1944 2081/2758/1945 2080/2759/1945 2069/2770/1944
f 2069/2770/1944 2080/2759/1945 2079/2760/1945 2070/2771/1944
f 2070/2771/1944 2079/2760/1945 2078/2761/1945 2071/2772/1944
f 2071/2772/1944 2078/2761/1945 2077/2762/1945 2072/2773/1944
f 2072/2773/1944 2077/2762/1945 2076/2763/1945 2073/2774/1944
f 2073/2774/1944 2076/2763/1945 2075/2285/1945 2074/2282/1944
o Cylinder.002
v 0.120941 -2.027740 1.791694
v 0.109368 -1.180286 0.468756
v 0.090645 -2.023514 1.794666
v 0.079072 -1.176061 0.471728
v 0.061880 -2.013352 1.801427
v 0.050307 -1.165899 0.478490
v 0.035751 -1.997643 1.811719
v 0.024178 -1.150190 0.488781
v 0.013261 -1.976992 1.825145
v 0.001688 -1.129539 0.502207
v -0.004725 -1.952191 1.841189
v -0.016298 -1.104738 0.518251
v -0.017516 -1.924194 1.859235
v -0.029089 -1.076741 0.536297
v -0.024620 -1.894077 1.878590
v -0.036193 -1.046624 0.555652
v -0.025765 -1.862998 1.898509
v -0.037338 -1.015544 0.575571
v -0.020906 -1.832149 1.918227
v -0.032479 -0.984696 0.595289
v -0.010230 -1.802718 1.936987
v -0.021803 -0.955265 0.614049
v 0.005853 -1.775835 1.954067
v -0.005720 -0.928382 0.631129
v 0.026724 -1.752533 1.968812
v 0.015152 -0.905080 0.645874
v 0.051582 -1.733708 1.980653
v 0.040009 -0.886254 0.657715
v 0.079471 -1.720083 1.989137
v 0.067899 -0.872629 0.666200
v 0.109320 -1.712181 1.993938
v 0.097747 -0.864728 0.671000
v 0.139981 -1.710307 1.994870
v 0.128408 -0.862854 0.671932
v 0.170276 -1.714532 1.991899
v 0.158703 -0.867079 0.668961
v 0.199042 -1.724694 1.985137
v 0.187469 -0.877241 0.662199
v 0.225171 -1.740403 1.974846
v 0.213598 -0.892950 0.651908
v 0.247661 -1.761055 1.961420
v 0.236088 -0.913601 0.638482
v 0.265647 -1.785855 1.945376
v 0.254074 -0.938402 0.622438
v 0.278438 -1.813852 1.927330
v 0.266865 -0.966399 0.604392
v 0.285542 -1.843969 1.907975
v 0.273969 -0.996516 0.585037
v 0.286687 -1.875049 1.888056
v 0.275114 -1.027596 0.565118
v 0.281827 -1.905897 1.868337
v 0.270254 -1.058444 0.545399
v 0.271151 -1.935328 1.849577
v 0.259578 -1.087875 0.526640
v 0.255069 -1.962211 1.832497
v 0.243496 -1.114758 0.509559
v 0.234197 -1.985513 1.817753
v 0.222624 -1.138060 0.494815
v 0.209339 -2.004339 1.805911
v 0.197766 -1.156885 0.482973
v 0.181450 -2.017964 1.797427
v 0.169877 -1.170511 0.474489
v 0.151602 -2.025865 1.792627
v 0.140029 -1.178412 0.469689
v 0.119976 -1.957118 1.681450
v 0.119012 -1.886497 1.571205
v 0.118047 -1.815876 1.460960
v 0.117083 -1.745255 1.350715
v 0.116118 -1.674634 1.240470
v 0.115154 -1.604013 1.130225
v 0.114190 -1.533392 1.019981
v 0.113225 -1.462771 0.909736
v 0.112261 -1.392149 0.799491
v 0.111296 -1.321528 0.689246
v 0.110332 -1.250907 0.579001
v 0.080037 -1.246682 0.581973
v 0.081001 -1.317303 0.692218
v 0.081966 -1.387924 0.802463
v 0.082930 -1.458545 0.912707
v 0.083894 -1.529167 1.022952
v 0.084859 -1.599788 1.133197
v 0.085823 -1.670409 1.243442
v 0.086788 -1.741030 1.353687
v 0.087752 -1.811651 1.463932
v 0.088717 -1.882272 1.574176
v 0.089681 -1.952893 1.684421
v 0.051272 -1.236520 0.588734
v 0.052236 -1.307141 0.698979
v 0.053201 -1.377762 0.809224
v 0.054165 -1.448383 0.919469
v 0.055129 -1.519004 1.029714
v 0.056094 -1.589625 1.139959
v 0.057058 -1.660246 1.250203
v 0.058023 -1.730868 1.360448
v 0.058987 -1.801489 1.470693
v 0.059951 -1.872110 1.580938
v 0.060916 -1.942731 1.691183
v 0.025142 -1.220811 0.599026
v 0.026106 -1.291432 0.709271
v 0.027071 -1.362053 0.819515
v 0.028035 -1.432675 0.929760
v 0.029000 -1.503296 1.040005
v 0.029964 -1.573917 1.150250
v 0.030929 -1.644538 1.260495
v 0.031893 -1.715159 1.370739
v 0.032857 -1.785780 1.480984
v 0.033822 -1.856401 1.591229
v 0.034786 -1.927022 1.701474
v 0.002652 -1.200160 0.612451
v 0.003617 -1.270781 0.722696
v 0.004581 -1.341402 0.832941
v 0.005545 -1.412023 0.943186
v 0.006510 -1.482644 1.053431
v 0.007474 -1.553265 1.163676
v 0.008439 -1.623886 1.273920
v 0.009403 -1.694507 1.384165
v 0.010367 -1.765128 1.494410
v 0.011332 -1.835750 1.604655
v 0.012296 -1.906371 1.714900
v -0.015334 -1.175359 0.628496
v -0.014369 -1.245980 0.738741
v -0.013405 -1.316601 0.848985
v -0.012441 -1.387222 0.959230
v -0.011476 -1.457843 1.069475
v -0.010512 -1.528465 1.179720
v -0.009547 -1.599086 1.289965
v -0.008583 -1.669707 1.400209
v -0.007619 -1.740328 1.510454
v -0.006654 -1.810949 1.620699
v -0.005690 -1.881570 1.730944
v -0.028125 -1.147362 0.646542
v -0.027160 -1.217983 0.756787
v -0.026196 -1.288604 0.867032
v -0.025231 -1.359226 0.977276
v -0.024267 -1.429847 1.087521
v -0.023303 -1.500468 1.197766
v -0.022338 -1.571089 1.308011
v -0.021374 -1.641710 1.418256
v -0.020409 -1.712331 1.528500
v -0.019445 -1.782952 1.638745
v -0.018481 -1.853573 1.748990
v -0.035229 -1.117245 0.665897
v -0.034264 -1.187866 0.776141
v -0.033300 -1.258487 0.886386
v -0.032336 -1.329108 0.996631
v -0.031371 -1.399730 1.106876
v -0.030407 -1.470351 1.217121
v -0.029442 -1.540972 1.327366
v -0.028478 -1.611593 1.437610
v -0.027514 -1.682214 1.547855
v -0.026549 -1.752835 1.658100
v -0.025585 -1.823456 1.768345
v -0.036373 -1.086165 0.685816
v -0.035409 -1.156786 0.796061
v -0.034445 -1.227408 0.906305
v -0.033480 -1.298029 1.016550
v -0.032516 -1.368650 1.126795
v -0.031551 -1.439271 1.237040
v -0.030587 -1.509892 1.347285
v -0.029623 -1.580513 1.457530
v -0.028658 -1.651134 1.567774
v -0.027694 -1.721755 1.678019
v -0.026729 -1.792377 1.788264
v -0.031514 -1.055317 0.705534
v -0.030550 -1.125938 0.815779
v -0.029585 -1.196559 0.926024
v -0.028621 -1.267180 1.036269
v -0.027657 -1.337802 1.146513
v -0.026692 -1.408423 1.256758
v -0.025728 -1.479044 1.367003
v -0.024763 -1.549665 1.477248
v -0.023799 -1.620286 1.587493
v -0.022835 -1.690907 1.697738
v -0.021870 -1.761528 1.807982
v -0.020838 -1.025886 0.724294
v -0.019874 -1.096507 0.834539
v -0.018909 -1.167128 0.944784
v -0.017945 -1.237749 1.055028
v -0.016981 -1.308370 1.165273
v -0.016016 -1.378991 1.275518
v -0.015052 -1.449613 1.385763
v -0.014087 -1.520234 1.496008
v -0.013123 -1.590855 1.606252
v -0.012158 -1.661476 1.716497
v -0.011194 -1.732097 1.826742
v -0.004755 -0.999003 0.741374
v -0.003791 -1.069624 0.851619
v -0.002827 -1.140245 0.961864
v -0.001862 -1.210866 1.072109
v -0.000898 -1.281487 1.182353
v 0.000067 -1.352108 1.292598
v 0.001031 -1.422729 1.402843
v 0.001995 -1.493351 1.513088
v 0.002960 -1.563972 1.623333
v 0.003924 -1.634593 1.733577
v 0.004889 -1.705214 1.843822
v 0.016116 -0.975701 0.756118
v 0.017080 -1.046322 0.866363
v 0.018045 -1.116943 0.976608
v 0.019009 -1.187564 1.086853
v 0.019974 -1.258185 1.197098
v 0.020938 -1.328806 1.307343
v 0.021902 -1.399428 1.417587
v 0.022867 -1.470049 1.527832
v 0.023831 -1.540670 1.638077
v 0.024796 -1.611291 1.748322
v 0.025760 -1.681912 1.858567
v 0.040974 -0.956876 0.767960
v 0.041938 -1.027497 0.878205
v 0.042903 -1.098118 0.988450
v 0.043867 -1.168739 1.098695
v 0.044831 -1.239360 1.208940
v 0.045796 -1.309981 1.319184
v 0.046760 -1.380602 1.429429
v 0.047725 -1.451223 1.539674
v 0.048689 -1.521844 1.649919
v 0.049654 -1.592466 1.760164
v 0.050618 -1.663087 1.870408
v 0.068863 -0.943250 0.776444
v 0.069827 -1.013871 0.886689
v 0.070792 -1.084493 0.996934
v 0.071756 -1.155114 1.107179
v 0.072721 -1.225735 1.217424
v 0.073685 -1.296356 1.327668
v 0.074649 -1.366977 1.437913
v 0.075614 -1.437598 1.548158
v 0.076578 -1.508219 1.658403
v 0.077543 -1.578840 1.768648
v 0.078507 -1.649461 1.878893
v 0.098712 -0.935349 0.781245
v 0.099676 -1.005970 0.891490
v 0.100640 -1.076591 1.001734
v 0.101605 -1.147212 1.111979
v 0.102569 -1.217833 1.222224
v 0.103534 -1.288454 1.332469
v 0.104498 -1.359076 1.442714
v 0.105462 -1.429697 1.552958
v 0.106427 -1.500318 1.663203
v 0.107391 -1.570939 1.773448
v 0.108356 -1.641560 1.883693
v 0.129373 -0.933475 0.782177
v 0.130337 -1.004096 0.892422
v 0.131301 -1.074717 1.002667
v 0.132266 -1.145338 1.112912
v 0.133230 -1.215959 1.223156
v 0.134195 -1.286580 1.333401
v 0.135159 -1.357201 1.443646
v 0.136124 -1.427822 1.553891
v 0.137088 -1.498444 1.664136
v 0.138052 -1.569065 1.774380
v 0.139017 -1.639686 1.884625
v 0.159668 -0.937700 0.779205
v 0.160632 -1.008321 0.889450
v 0.161597 -1.078942 0.999695
v 0.162561 -1.149563 1.109940
v 0.163526 -1.220184 1.220185
v 0.164490 -1.290805 1.330430
v 0.165454 -1.361427 1.440674
v 0.166419 -1.432048 1.550919
v 0.167383 -1.502669 1.661164
v 0.168348 -1.573290 1.771409
v 0.169312 -1.643911 1.881654
v 0.188433 -0.947862 0.772444
v 0.189397 -1.018483 0.882689
v 0.190362 -1.089104 0.992934
v 0.191326 -1.159725 1.103179
v 0.192291 -1.230347 1.213423
v 0.193255 -1.300968 1.323668
v 0.194219 -1.371589 1.433913
v 0.195184 -1.442210 1.544158
v 0.196148 -1.512831 1.654403
v 0.197113 -1.583452 1.764647
v 0.198077 -1.654073 1.874892
v 0.214563 -0.963571 0.762153
v 0.215527 -1.034192 0.872398
v 0.216491 -1.104813 0.982642
v 0.217456 -1.175434 1.092887
v 0.218420 -1.246055 1.203132
v 0.219385 -1.316676 1.313377
v 0.220349 -1.387298 1.423622
v 0.221313 -1.457919 1.533867
v 0.222278 -1.528540 1.644111
v 0.223242 -1.599161 1.754356
v 0.224207 -1.669782 1.864601
v 0.237053 -0.984222 0.748727
v 0.238017 -1.054843 0.858972
v 0.238981 -1.125465 0.969217
v 0.239946 -1.196086 1.079461
v 0.240910 -1.266707 1.189706
v 0.241875 -1.337328 1.299951
v 0.242839 -1.407949 1.410196
v 0.243803 -1.478570 1.520441
v 0.244768 -1.549191 1.630686
v 0.245732 -1.619812 1.740930
v 0.246697 -1.690434 1.851175
v 0.255038 -1.009023 0.732683
v 0.256003 -1.079644 0.842928
v 0.256967 -1.150265 0.953172
v 0.257932 -1.220886 1.063417
v 0.258896 -1.291507 1.173662
v 0.259861 -1.362129 1.283907
v 0.260825 -1.432750 1.394152
v 0.261789 -1.503371 1.504396
v 0.262754 -1.573992 1.614641
v 0.263718 -1.644613 1.724886
v 0.264683 -1.715234 1.835131
v 0.267829 -1.037020 0.714637
v 0.268794 -1.107641 0.824881
v 0.269758 -1.178262 0.935126
v 0.270723 -1.248883 1.045371
v 0.271687 -1.319504 1.155616
v 0.272651 -1.390125 1.265861
v 0.273616 -1.460747 1.376105
v 0.274580 -1.531368 1.486350
v 0.275545 -1.601989 1.596595
v 0.276509 -1.672610 1.706840
v 0.277473 -1.743231 1.817085
v 0.274934 -1.067137 0.695282
v 0.275898 -1.137758 0.805527
v 0.276862 -1.208379 0.915772
v 0.277827 -1.279000 1.026016
v 0.278791 -1.349621 1.136261
v 0.279756 -1.420242 1.246506
v 0.280720 -1.490863 1.356751
v 0.281684 -1.561485 1.466996
v 0.282649 -1.632106 1.577240
v 0.283613 -1.702727 1.687485
v 0.284578 -1.773348 1.797730
v 0.276078 -1.098217 0.675363
v 0.277042 -1.168838 0.785608
v 0.278007 -1.239459 0.895852
v 0.278971 -1.310080 1.006097
v 0.279936 -1.380701 1.116342
v 0.280900 -1.451322 1.226587
v 0.281865 -1.521943 1.336832
v 0.282829 -1.592564 1.447076
v 0.283793 -1.663185 1.557321
v 0.284758 -1.733807 1.667566
v 0.285722 -1.804428 1.777811
v 0.271219 -1.129065 0.655644
v 0.272183 -1.199686 0.765889
v 0.273148 -1.270307 0.876134
v 0.274112 -1.340928 0.986379
v 0.275077 -1.411549 1.096624
v 0.276041 -1.482170 1.206868
v 0.277005 -1.552791 1.317113
v 0.277970 -1.623413 1.427358
v 0.278934 -1.694034 1.537603
v 0.279899 -1.764655 1.647848
v 0.280863 -1.835276 1.758092
v 0.260543 -1.158496 0.636884
v 0.261507 -1.229117 0.747129
v 0.262472 -1.299738 0.857374
v 0.263436 -1.370359 0.967619
v 0.264400 -1.440981 1.077864
v 0.265365 -1.511602 1.188109
v 0.266329 -1.582223 1.298353
v 0.267294 -1.652844 1.408598
v 0.268258 -1.723465 1.518843
v 0.269223 -1.794086 1.629088
v 0.270187 -1.864707 1.739333
v 0.244460 -1.185379 0.619804
v 0.245424 -1.256000 0.730049
v 0.246389 -1.326621 0.840294
v 0.247353 -1.397243 0.950539
v 0.248318 -1.467864 1.060784
v 0.249282 -1.538485 1.171028
v 0.250247 -1.609106 1.281273
v 0.251211 -1.679727 1.391518
v 0.252175 -1.750348 1.501763
v 0.253140 -1.820969 1.612008
v 0.254104 -1.891590 1.722252
v 0.223589 -1.208681 0.605060
v 0.224553 -1.279302 0.715305
v 0.225518 -1.349923 0.825550
v 0.226482 -1.420545 0.935794
v 0.227446 -1.491166 1.046039
v 0.228411 -1.561787 1.156284
v 0.229375 -1.632408 1.266529
v 0.230340 -1.703029 1.376774
v 0.231304 -1.773650 1.487019
v 0.232268 -1.844271 1.597263
v 0.233233 -1.914892 1.707508
v 0.198731 -1.227506 0.593218
v 0.199695 -1.298128 0.703463
v 0.200660 -1.368749 0.813708
v 0.201624 -1.439370 0.923953
v 0.202588 -1.509991 1.034198
v 0.203553 -1.580612 1.144442
v 0.204517 -1.651233 1.254687
v 0.205482 -1.721854 1.364932
v 0.206446 -1.792475 1.475177
v 0.207411 -1.863096 1.585422
v 0.208375 -1.933717 1.695666
v 0.170842 -1.241132 0.584734
v 0.171806 -1.311753 0.694979
v 0.172771 -1.382374 0.805224
v 0.173735 -1.452995 0.915469
v 0.174699 -1.523616 1.025713
v 0.175664 -1.594237 1.135958
v 0.176628 -1.664858 1.246203
v 0.177593 -1.735479 1.356448
v 0.178557 -1.806101 1.466693
v 0.179521 -1.876722 1.576937
v 0.180486 -1.947343 1.687182
v 0.140993 -1.249033 0.579934
v 0.141957 -1.319654 0.690179
v 0.142922 -1.390275 0.800423
v 0.143886 -1.460896 0.910668
v 0.144851 -1.531518 1.020913
v 0.145815 -1.602139 1.131158
v 0.146780 -1.672760 1.241403
v 0.147744 -1.743381 1.351647
v 0.148708 -1.814002 1.461892
v 0.149673 -1.884623 1.572137
v 0.150637 -1.955244 1.682382
vn -0.0476 -0.9395 -0.3393
vn -0.0508 -0.7014 -0.7110
vn -0.2736 -0.9074 -0.3189
vn -0.2768 -0.6713 -0.6876
vn -0.4785 -0.8337 -0.2757
vn -0.4817 -0.6028 -0.6361
vn -0.6500 -0.7289 -0.2151
vn -0.6530 -0.5053 -0.5641
vn -0.7834 -0.6049 -0.1430
vn -0.7863 -0.3890 -0.4800
vn -0.8796 -0.4713 -0.0643
vn -0.8825 -0.2624 -0.3903
vn -0.9423 -0.3342 0.0181
vn -0.9451 -0.1308 -0.2995
vn -0.9750 -0.1972 0.1025
vn -0.9777 0.0029 -0.2098
vn -0.9802 -0.0616 0.1881
vn -0.9829 0.1373 -0.1224
vn -0.9589 0.0718 0.2746
vn -0.9616 0.2719 -0.0377
vn -0.9101 0.2024 0.3616
vn -0.9129 0.4058 0.0440
vn -0.8317 0.3285 0.4477
vn -0.8345 0.5374 0.1216
vn -0.7203 0.4471 0.5304
vn -0.7232 0.6630 0.1934
vn -0.5731 0.5526 0.6051
vn -0.5762 0.7762 0.2561
vn -0.3904 0.6364 0.6653
vn -0.3935 0.8673 0.3049
vn -0.1779 0.6888 0.7028
vn -0.1811 0.9250 0.3341
vn 0.0508 0.7014 0.7110
vn 0.0476 0.9395 0.3393
vn 0.2768 0.6713 0.6876
vn 0.2736 0.9074 0.3189
vn 0.4817 0.6028 0.6361
vn 0.4785 0.8337 0.2757
vn 0.6530 0.5053 0.5641
vn 0.6500 0.7289 0.2151
vn 0.7863 0.3890 0.4800
vn 0.7834 0.6049 0.1430
vn 0.8825 0.2624 0.3903
vn 0.8796 0.4713 0.0643
vn 0.9451 0.1308 0.2995
vn 0.9423 0.3342 -0.0181
vn 0.9777 -0.0029 0.2098
vn 0.9750 0.1972 -0.1025
vn 0.9829 -0.1373 0.1224
vn 0.9802 0.0616 -0.1881
vn 0.9616 -0.2719 0.0377
vn 0.9589 -0.0718 -0.2746
vn 0.9129 -0.4058 -0.0440
vn 0.9101 -0.2024 -0.3616
vn 0.8345 -0.5374 -0.1216
vn 0.8317 -0.3285 -0.4477
vn 0.7232 -0.6630 -0.1934
vn 0.7203 -0.4471 -0.5304
vn 0.5762 -0.7762 -0.2561
vn 0.5731 -0.5526 -0.6051
vn 0.3935 -0.8673 -0.3049
vn 0.3904 -0.6364 -0.6653
vn 0.1811 -0.9250 -0.3341
vn 0.1779 -0.6888 -0.7028
vn -0.0505 -0.8412 -0.5384
vn -0.2821 -0.8090 -0.5157
vn -0.4915 -0.7353 -0.4667
vn -0.6660 -0.6308 -0.3982
vn -0.8010 -0.5072 -0.3179
vn -0.8981 -0.3739 -0.2317
vn -0.9609 -0.2368 -0.1433
vn -0.9936 -0.0989 -0.0546
vn -0.9987 0.0385 0.0334
vn -0.9772 0.1749 0.1206
vn -0.9282 0.3096 0.2065
vn -0.8492 0.4413 0.2901
vn -0.7366 0.5665 0.3694
vn -0.5874 0.6791 0.4402
vn -0.4012 0.7697 0.4966
vn -0.1839 0.8269 0.5313
vn 0.0505 0.8412 0.5384
vn 0.2821 0.8090 0.5157
vn 0.4915 0.7353 0.4667
vn 0.6660 0.6308 0.3982
vn 0.8010 0.5072 0.3179
vn 0.8981 0.3739 0.2317
vn 0.9609 0.2368 0.1433
vn 0.9936 0.0989 0.0546
vn 0.9987 -0.0385 -0.0334
vn 0.9772 -0.1749 -0.1206
vn 0.9282 -0.3096 -0.2065
vn 0.8492 -0.4413 -0.2901
vn 0.7366 -0.5665 -0.3694
vn 0.5874 -0.6791 -0.4402
vn 0.4012 -0.7697 -0.4966
vn 0.1839 -0.8269 -0.5313
vt 1.000000 0.958333
vt 1.000000 1.000000
vt 0.968750 1.000000
vt 0.968750 0.958333
vt 0.937500 1.000000
vt 0.937500 0.958333
vt 0.906250 1.000000
vt 0.906250 0.958333
vt 0.875000 1.000000
vt 0.875000 0.958333
vt 0.843750 1.000000
vt 0.843750 0.958333
vt 0.812500 1.000000
vt 0.812500 0.958333
vt 0.781250 1.000000
vt 0.781250 0.958333
vt 0.750000 1.000000
vt 0.750000 0.958333
vt 0.718750 1.000000
vt 0.718750 0.958333
vt 0.687500 1.000000
vt 0.687500 0.958333
vt 0.656250 1.000000
vt 0.656250 0.958333
vt 0.625000 1.000000
vt 0.625000 0.958333
vt 0.593750 1.000000
vt 0.593750 0.958333
vt 0.562500 1.000000
vt 0.562500 0.958333
vt 0.531250 1.000000
vt 0.531250 0.958333
vt 0.500000 1.000000
vt 0.500000 0.958333
vt 0.468750 1.000000
vt 0.468750 0.958333
vt 0.437500 1.000000
vt 0.437500 0.958333
vt 0.406250 1.000000
vt 0.406250 0.958333
vt 0.375000 1.000000
vt 0.375000 0.958333
vt 0.343750 1.000000
vt 0.343750 0.958333
vt 0.312500 1.000000
vt 0.312500 0.958333
vt 0.281250 1.000000
vt 0.281250 0.958333
vt 0.250000 1.000000
vt 0.250000 0.958333
vt 0.218750 1.000000
vt 0.218750 0.958333
vt 0.187500 1.000000
vt 0.187500 0.958333
vt 0.156250 1.000000
vt 0.156250 0.958333
vt 0.125000 1.000000
vt 0.125000 0.958333
vt 0.093750 1.000000
vt 0.093750 0.958333
vt 0.062500 1.000000
vt 0.062500 0.958333
vt 0.296822 0.485388
vt 0.250000 0.490000
vt 0.203178 0.485388
vt 0.158156 0.471731
vt 0.116663 0.449553
vt 0.080294 0.419706
vt 0.050447 0.383337
vt 0.028269 0.341844
vt 0.014612 0.296822
vt 0.010000 0.250000
vt 0.014612 0.203178
vt 0.028269 0.158156
vt 0.050447 0.116663
vt 0.080294 0.080294
vt 0.116663 0.050447
vt 0.158156 0.028269
vt 0.203178 0.014612
vt 0.250000 0.010000
vt 0.296822 0.014612
vt 0.341844 0.028269
vt 0.383337 0.050447
vt 0.419706 0.080294
vt 0.449553 0.116663
vt 0.471731 0.158156
vt 0.485388 0.203178
vt 0.490000 0.250000
vt 0.485388 0.296822
vt 0.471731 0.341844
vt 0.449553 0.383337
vt 0.419706 0.419706
vt 0.383337 0.449553
vt 0.341844 0.471731
vt 0.031250 1.000000
vt 0.031250 0.958333
vt 0.000000 1.000000
vt 0.000000 0.958333
vt 0.750000 0.490000
vt 0.796822 0.485388
vt 0.841844 0.471731
vt 0.883337 0.449553
vt 0.919706 0.419706
vt 0.949553 0.383337
vt 0.971731 0.341844
vt 0.985388 0.296822
vt 0.990000 0.250000
vt 0.985388 0.203178
vt 0.971731 0.158156
vt 0.949553 0.116663
vt 0.919706 0.080294
vt 0.883337 0.050447
vt 0.841844 0.028269
vt 0.796822 0.014612
vt 0.750000 0.010000
vt 0.703178 0.014612
vt 0.658156 0.028269
vt 0.616663 0.050447
vt 0.580294 0.080294
vt 0.550447 0.116663
vt 0.528269 0.158156
vt 0.514612 0.203178
vt 0.510000 0.250000
vt 0.514612 0.296822
vt 0.528269 0.341844
vt 0.550447 0.383337
vt 0.580294 0.419706
vt 0.616663 0.449553
vt 0.658156 0.471731
vt 0.703178 0.485388
vt 0.031250 0.500000
vt 0.031250 0.541667
vt 0.000000 0.541667
vt 0.000000 0.500000
vt 0.031250 0.583333
vt 0.000000 0.583333
vt 0.031250 0.625000
vt 0.000000 0.625000
vt 0.031250 0.666667
vt 0.000000 0.666667
vt 0.031250 0.708333
vt 0.000000 0.708333
vt 0.031250 0.750000
vt 0.000000 0.750000
vt 0.031250 0.791667
vt 0.000000 0.791667
vt 0.031250 0.833333
vt 0.000000 0.833333
vt 0.031250 0.875000
vt 0.000000 0.875000
vt 0.031250 0.916667
vt 0.000000 0.916667
vt 0.062500 0.500000
vt 0.062500 0.541667
vt 0.062500 0.583333
vt 0.062500 0.625000
vt 0.062500 0.666667
vt 0.062500 0.708333
vt 0.062500 0.750000
vt 0.062500 0.791667
vt 0.062500 0.833333
vt 0.062500 0.875000
vt 0.062500 0.916667
vt 0.093750 0.500000
vt 0.093750 0.541667
vt 0.093750 0.583333
vt 0.093750 0.625000
vt 0.093750 0.666667
vt 0.093750 0.708333
vt 0.093750 0.750000
vt 0.093750 0.791667
vt 0.093750 0.833333
vt 0.093750 0.875000
vt 0.093750 0.916667
vt 0.125000 0.500000
vt 0.125000 0.541667
vt 0.125000 0.583333
vt 0.125000 0.625000
vt 0.125000 0.666667
vt 0.125000 0.708333
vt 0.125000 0.750000
vt 0.125000 0.791667
vt 0.125000 0.833333
vt 0.125000 0.875000
vt 0.125000 0.916667
vt 0.156250 0.500000
vt 0.156250 0.541667
vt 0.156250 0.583333
vt 0.156250 0.625000
vt 0.156250 0.666667
vt 0.156250 0.708333
vt 0.156250 0.750000
vt 0.156250 0.791667
vt 0.156250 0.833333
vt 0.156250 0.875000
vt 0.156250 0.916667
vt 0.187500 0.500000
vt 0.187500 0.541667
vt 0.187500 0.583333
vt 0.187500 0.625000
vt 0.187500 0.666667
vt 0.187500 0.708333
vt 0.187500 0.750000
vt 0.187500 0.791667
vt 0.187500 0.833333
vt 0.187500 0.875000
vt 0.187500 0.916667
vt 0.218750 0.500000
vt 0.218750 0.541667
vt 0.218750 0.583333
vt 0.218750 0.625000
vt 0.218750 0.666667
vt 0.218750 0.708333
vt 0.218750 0.750000
vt 0.218750 0.791667
vt 0.218750 0.833333
vt 0.218750 0.875000
vt 0.218750 0.916667
vt 0.250000 0.500000
vt 0.250000 0.541667
vt 0.250000 0.583333
vt 0.250000 0.625000
vt 0.250000 0.666667
vt 0.250000 0.708333
vt 0.250000 0.750000
vt 0.250000 0.791667
vt 0.250000 0.833333
vt 0.250000 0.875000
vt 0.250000 0.916667
vt 0.281250 0.500000
vt 0.281250 0.541667
vt 0.281250 0.583333
vt 0.281250 0.625000
vt 0.281250 0.666667
vt 0.281250 0.708333
vt 0.281250 0.750000
vt 0.281250 0.791667
vt 0.281250 0.833333
vt 0.281250 0.875000
vt 0.281250 0.916667
vt 0.312500 0.500000
vt 0.312500 0.541667
vt 0.312500 0.583333
vt 0.312500 0.625000
vt 0.312500 0.666667
vt 0.312500 0.708333
vt 0.312500 0.750000
vt 0.312500 0.791667
vt 0.312500 0.833333
vt 0.312500 0.875000
vt 0.312500 0.916667
vt 0.343750 0.500000
vt 0.343750 0.541667
vt 0.343750 0.583333
vt 0.343750 0.625000
vt 0.343750 0.666667
vt 0.343750 0.708333
vt 0.343750 0.750000
vt 0.343750 0.791667
vt 0.343750 0.833333
vt 0.343750 0.875000
vt 0.343750 0.916667
vt 0.375000 0.500000
vt 0.375000 0.541667
vt 0.375000 0.583333
vt 0.375000 0.625000
vt 0.375000 0.666667
vt 0.375000 0.708333
vt 0.375000 0.750000
vt 0.375000 0.791667
vt 0.375000 0.833333
vt 0.375000 0.875000
vt 0.375000 0.916667
vt 0.406250 0.500000
vt 0.406250 0.541667
vt 0.406250 0.583333
vt 0.406250 0.625000
vt 0.406250 0.666667
vt 0.406250 0.708333
vt 0.406250 0.750000
vt 0.406250 0.791667
vt 0.406250 0.833333
vt 0.406250 0.875000
vt 0.406250 0.916667
vt 0.437500 0.500000
vt 0.437500 0.541667
vt 0.437500 0.583333
vt 0.437500 0.625000
vt 0.437500 0.666667
vt 0.437500 0.708333
vt 0.437500 0.750000
vt 0.437500 0.791667
vt 0.437500 0.833333
vt 0.437500 0.875000
vt 0.437500 0.916667
vt 0.468750 0.500000
vt 0.468750 0.541667
vt 0.468750 0.583333
vt 0.468750 0.625000
vt 0.468750 0.666667
vt 0.468750 0.708333
vt 0.468750 0.750000
vt 0.468750 0.791667
vt 0.468750 0.833333
vt 0.468750 0.875000
vt 0.468750 0.916667
vt 0.500000 0.500000
vt 0.500000 0.541667
vt 0.500000 0.583333
vt 0.500000 0.625000
vt 0.500000 0.666667
vt 0.500000 0.708333
vt 0.500000 0.750000
vt 0.500000 0.791667
vt 0.500000 0.833333
vt 0.500000 0.875000
vt 0.500000 0.916667
vt 0.531250 0.500000
vt 0.531250 0.541667
vt 0.531250 0.583333
vt 0.531250 0.625000
vt 0.531250 0.666667
vt 0.531250 0.708333
vt 0.531250 0.750000
vt 0.531250 0.791667
vt 0.531250 0.833333
vt 0.531250 0.875000
vt 0.531250 0.916667
vt 0.562500 0.500000
vt 0.562500 0.541667
vt 0.562500 0.583333
vt 0.562500 0.625000
vt 0.562500 0.666667
vt 0.562500 0.708333
vt 0.562500 0.750000
vt 0.562500 0.791667
vt 0.562500 0.833333
vt 0.562500 0.875000
vt 0.562500 0.916667
vt 0.593750 0.500000
vt 0.593750 0.541667
vt 0.593750 0.583333
vt 0.593750 0.625000
vt 0.593750 0.666667
vt 0.593750 0.708333
vt 0.593750 0.750000
vt 0.593750 0.791667
vt 0.593750 0.833333
vt 0.593750 0.875000
vt 0.593750 0.916667
vt 0.625000 0.500000
vt 0.625000 0.541667
vt 0.625000 0.583333
vt 0.625000 0.625000
vt 0.625000 0.666667
vt 0.625000 0.708333
vt 0.625000 0.750000
vt 0.625000 0.791667
vt 0.625000 0.833333
vt 0.625000 0.875000
vt 0.625000 0.916667
vt 0.656250 0.500000
vt 0.656250 0.541667
vt 0.656250 0.583333
vt 0.656250 0.625000
vt 0.656250 0.666667
vt 0.656250 0.708333
vt 0.656250 0.750000
vt 0.656250 0.791667
vt 0.656250 0.833333
vt 0.656250 0.875000
vt 0.656250 0.916667
vt 0.687500 0.500000
vt 0.687500 0.541667
vt 0.687500 0.583333
vt 0.687500 0.625000
vt 0.687500 0.666667
vt 0.687500 0.708333
vt 0.687500 0.750000
vt 0.687500 0.791667
vt 0.687500 0.833333
vt 0.687500 0.875000
vt 0.687500 0.916667
vt 0.718750 0.500000
vt 0.718750 0.541667
vt 0.718750 0.583333
vt 0.718750 0.625000
vt 0.718750 0.666667
vt 0.718750 0.708333
vt 0.718750 0.750000
vt 0.718750 0.791667
vt 0.718750 0.833333
vt 0.718750 0.875000
vt 0.718750 0.916667
vt 0.750000 0.500000
vt 0.750000 0.541667
vt 0.750000 0.583333
vt 0.750000 0.625000
vt 0.750000 0.666667
vt 0.750000 0.708333
vt 0.750000 0.750000
vt 0.750000 0.791667
vt 0.750000 0.833333
vt 0.750000 0.875000
vt 0.750000 0.916667
vt 0.781250 0.500000
vt 0.781250 0.541667
vt 0.781250 0.583333
vt 0.781250 0.625000
vt 0.781250 0.666667
vt 0.781250 0.708333
vt 0.781250 0.750000
vt 0.781250 0.791667
vt 0.781250 0.833333
vt 0.781250 0.875000
vt 0.781250 0.916667
vt 0.812500 0.500000
vt 0.812500 0.541667
vt 0.812500 0.583333
vt 0.812500 0.625000
vt 0.812500 0.666667
vt 0.812500 0.708333
vt 0.812500 0.750000
vt 0.812500 0.791667
vt 0.812500 0.833333
vt 0.812500 0.875000
vt 0.812500 0.916667
vt 0.843750 0.500000
vt 0.843750 0.541667
vt 0.843750 0.583333
vt 0.843750 0.625000
vt 0.843750 0.666667
vt 0.843750 0.708333
vt 0.843750 0.750000
vt 0.843750 0.791667
vt 0.843750 0.833333
vt 0.843750 0.875000
vt 0.843750 0.916667
vt 0.875000 0.500000
vt 0.875000 0.541667
vt 0.875000 0.583333
vt 0.875000 0.625000
vt 0.875000 0.666667
vt 0.875000 0.708333
vt 0.875000 0.750000
vt 0.875000 0.791667
vt 0.875000 0.833333
vt 0.875000 0.875000
vt 0.875000 0.916667
vt 0.906250 0.500000
vt 0.906250 0.541667
vt 0.906250 0.583333
vt 0.906250 0.625000
vt 0.906250 0.666667
vt 0.906250 0.708333
vt 0.906250 0.750000
vt 0.906250 0.791667
vt 0.906250 0.833333
vt 0.906250 0.875000
vt 0.906250 0.916667
vt 0.937500 0.500000
vt 0.937500 0.541667
vt 0.937500 0.583333
vt 0.937500 0.625000
vt 0.937500 0.666667
vt 0.937500 0.708333
vt 0.937500 0.750000
vt 0.937500 0.791667
vt 0.937500 0.833333
vt 0.937500 0.875000
vt 0.937500 0.916667
vt 0.968750 0.500000
vt 0.968750 0.541667
vt 0.968750 0.583333
vt 0.968750 0.625000
vt 0.968750 0.666667
vt 0.968750 0.708333
vt 0.968750 0.750000
vt 0.968750 0.791667
vt 0.968750 0.833333
vt 0.968750 0.875000
vt 0.968750 0.916667
vt 1.000000 0.500000
vt 1.000000 0.541667
vt 1.000000 0.583333
vt 1.000000 0.625000
vt 1.000000 0.666667
vt 1.000000 0.708333
vt 1.000000 0.750000
vt 1.000000 0.791667
vt 1.000000 0.833333
vt 1.000000 0.875000
vt 1.000000 0.916667
s 1
f 2490/2775/2040 2491/2778/2041 2419/2777/1979 2417/2776/1977
f 2491/2778/2041 2502/2780/2042 2421/2779/1981 2419/2777/1979
f 2502/2780/2042 2513/2782/2043 2423/2781/1983 2421/2779/1981
f 2513/2782/2043 2524/2784/2044 2425/2783/1985 2423/2781/1983
f 2524/2784/2044 2535/2786/2045 2427/2785/1987 2425/2783/1985
f 2535/2786/2045 2546/2788/2046 2429/2787/1989 2427/2785/1987
f 2546/2788/2046 2557/2790/2047 2431/2789/1991 2429/2787/1989
f 2557/2790/2047 2568/2792/2048 2433/2791/1993 2431/2789/1991
f 2568/2792/2048 2579/2794/2049 2435/2793/1995 2433/2791/1993
f 2579/2794/2049 2590/2796/2050 2437/2795/1997 2435/2793/1995
f 2590/2796/2050 2601/2798/2051 2439/2797/1999 2437/2795/1997
f 2601/2798/2051 2612/2800/2052 2441/2799/2001 2439/2797/1999
f 2612/2800/2052 2623/2802/2053 2443/2801/2003 2441/2799/2001
f 2623/2802/2053 2634/2804/2054 2445/2803/2005 2443/2801/2003
f 2634/2804/2054 2645/2806/2055 2447/2805/2007 2445/2803/2005
f 2645/2806/2055 2656/2808/2056 2449/2807/2009 2447/2805/2007
f 2656/2808/2056 2667/2810/2057 2451/2809/2011 2449/2807/2009
f 2667/2810/2057 2678/2812/2058 2453/2811/2013 2451/2809/2011
f 2678/2812/2058 2689/2814/2059 2455/2813/2015 2453/2811/2013
f 2689/2814/2059 2700/2816/2060 2457/2815/2017 2455/2813/2015
f 2700/2816/2060 2711/2818/2061 2459/2817/2019 2457/2815/2017
f 2711/2818/2061 2722/2820/2062 2461/2819/2021 2459/2817/2019
f 2722/2820/2062 2733/2822/2063 2463/2821/2023 2461/2819/2021
f 2733/2822/2063 2744/2824/2064 2465/2823/2025 2463/2821/2023
f 2744/2824/2064 2755/2826/2065 2467/2825/2027 2465/2823/2025
f 2755/2826/2065 2766/2828/2066 2469/2827/2029 2467/2825/2027
f 2766/2828/2066 2777/2830/2067 2471/2829/2031 2469/2827/2029
f 2777/2830/2067 2788/2832/2068 2473/2831/2033 2471/2829/2031
f 2788/2832/2068 2799/2834/2069 2475/2833/2035 2473/2831/2033
f 2799/2834/2069 2810/2836/2070 2477/2835/2037 2475/2833/2035
f 2419/2837/1979 2421/2868/1981 2423/2867/1983 2425/2866/1985 2427/2865/1987 2429/2864/1989 2431/2863/1991 2433/2862/1993 2435/2861/1995 2437/2860/1997 2439/2859/1999 2441/2858/2001 2443/2857/2003 2445/2856/2005 2447/2855/2007 2449/2854/2009 2451/2853/2011 2453/2852/2013 2455/2851/2015 2457/2850/2017 2459/2849/2019 2461/2848/2021 2463/2847/2023 2465/2846/2025 2467/2845/2027 2469/2844/2029 2471/2843/2031 2473/2842/2033 2475/2841/2035 2477/2840/2037 2479/2839/2039 2417/2838/1977
f 2810/2836/2070 2821/2870/2071 2479/2869/2039 2477/2835/2037
f 2821/2870/2071 2490/2872/2040 2417/2871/1977 2479/2869/2039
f 2416/2873/1976 2478/2904/2038 2476/2903/2036 2474/2902/2034 2472/2901/2032 2470/2900/2030 2468/2899/2028 2466/2898/2026 2464/2897/2024 2462/2896/2022 2460/2895/2020 2458/2894/2018 2456/2893/2016 2454/2892/2014 2452/2891/2012 2450/2890/2010 2448/2889/2008 2446/2888/2006 2444/2887/2004 2442/2886/2002 2440/2885/2000 2438/2884/1998 2436/2883/1996 2434/2882/1994 2432/2881/1992 2430/2880/1990 2428/2879/1988 2426/2878/1986 2424/2877/1984 2422/2876/1982 2420/2875/1980 2418/2874/1978
f 2478/2905/2038 2416/2908/1976 2480/2907/2040 2831/2906/2071
f 2831/2906/2071 2480/2907/2040 2481/2910/2040 2830/2909/2071
f 2830/2909/2071 2481/2910/2040 2482/2912/2040 2829/2911/2071
f 2829/2911/2071 2482/2912/2040 2483/2914/2040 2828/2913/2071
f 2828/2913/2071 2483/2914/2040 2484/2916/2040 2827/2915/2071
f 2827/2915/2071 2484/2916/2040 2485/2918/2040 2826/2917/2071
f 2826/2917/2071 2485/2918/2040 2486/2920/2040 2825/2919/2071
f 2825/2919/2071 2486/2920/2040 2487/2922/2040 2824/2921/2071
f 2824/2921/2071 2487/2922/2040 2488/2924/2040 2823/2923/2071
f 2823/2923/2071 2488/2924/2040 2489/2926/2040 2822/2925/2071
f 2822/2925/2071 2489/2926/2040 2490/2872/2040 2821/2870/2071
f 2476/2927/2036 2478/2905/2038 2831/2906/2071 2820/2928/2070
f 2820/2928/2070 2831/2906/2071 2830/2909/2071 2819/2929/2070
f 2819/2929/2070 2830/2909/2071 2829/2911/2071 2818/2930/2070
f 2818/2930/2070 2829/2911/2071 2828/2913/2071 2817/2931/2070
f 2817/2931/2070 2828/2913/2071 2827/2915/2071 2816/2932/2070
f 2816/2932/2070 2827/2915/2071 2826/2917/2071 2815/2933/2070
f 2815/2933/2070 2826/2917/2071 2825/2919/2071 2814/2934/2070
f 2814/2934/2070 2825/2919/2071 2824/2921/2071 2813/2935/2070
f 2813/2935/2070 2824/2921/2071 2823/2923/2071 2812/2936/2070
f 2812/2936/2070 2823/2923/2071 2822/2925/2071 2811/2937/2070
f 2811/2937/2070 2822/2925/2071 2821/2870/2071 2810/2836/2070
f 2474/2938/2034 2476/2927/2036 2820/2928/2070 2809/2939/2069
f 2809/2939/2069 2820/2928/2070 2819/2929/2070 2808/2940/2069
f 2808/2940/2069 2819/2929/2070 2818/2930/2070 2807/2941/2069
f 2807/2941/2069 2818/2930/2070 2817/2931/2070 2806/2942/2069
f 2806/2942/2069 2817/2931/2070 2816/2932/2070 2805/2943/2069
f 2805/2943/2069 2816/2932/2070 2815/2933/2070 2804/2944/2069
f 2804/2944/2069 2815/2933/2070 2814/2934/2070 2803/2945/2069
f 2803/2945/2069 2814/2934/2070 2813/2935/2070 2802/2946/2069
f 2802/2946/2069 2813/2935/2070 2812/2936/2070 2801/2947/2069
f 2801/2947/2069 2812/2936/2070 2811/2937/2070 2800/2948/2069
f 2800/2948/2069 2811/2937/2070 2810/2836/2070 2799/2834/2069
f 2472/2949/2032 2474/2938/2034 2809/2939/2069 2798/2950/2068
f 2798/2950/2068 2809/2939/2069 2808/2940/2069 2797/2951/2068
f 2797/2951/2068 2808/2940/2069 2807/2941/2069 2796/2952/2068
f 2796/2952/2068 2807/2941/2069 2806/2942/2069 2795/2953/2068
f 2795/2953/2068 2806/2942/2069 2805/2943/2069 2794/2954/2068
f 2794/2954/2068 2805/2943/2069 2804/2944/2069 2793/2955/2068
f 2793/2955/2068 2804/2944/2069 2803/2945/2069 2792/2956/2068
f 2792/2956/2068 2803/2945/2069 2802/2946/2069 2791/2957/2068
f 2791/2957/2068 2802/2946/2069 2801/2947/2069 2790/2958/2068
f 2790/2958/2068 2801/2947/2069 2800/2948/2069 2789/2959/2068
f 2789/2959/2068 2800/2948/2069 2799/2834/2069 2788/2832/2068
f 2470/2960/2030 2472/2949/2032 2798/2950/2068 2787/2961/2067
f 2787/2961/2067 2798/2950/2068 2797/2951/2068 2786/2962/2067
f 2786/2962/2067 2797/2951/2068 2796/2952/2068 2785/2963/2067
f 2785/2963/2067 2796/2952/2068 2795/2953/2068 2784/2964/2067
f 2784/2964/2067 2795/2953/2068 2794/2954/2068 2783/2965/2067
f 2783/2965/2067 2794/2954/2068 2793/2955/2068 2782/2966/2067
f 2782/2966/2067 2793/2955/2068 2792/2956/2068 2781/2967/2067
f 2781/2967/2067 2792/2956/2068 2791/2957/2068 2780/2968/2067
f 2780/2968/2067 2791/2957/2068 2790/2958/2068 2779/2969/2067
f 2779/2969/2067 2790/2958/2068 2789/2959/2068 2778/2970/2067
f 2778/2970/2067 2789/2959/2068 2788/2832/2068 2777/2830/2067
f 2468/2971/2028 2470/2960/2030 2787/2961/2067 2776/2972/2066
f 2776/2972/2066 2787/2961/2067 2786/2962/2067 2775/2973/2066
f 2775/2973/2066 2786/2962/2067 2785/2963/2067 2774/2974/2066
f 2774/2974/2066 2785/2963/2067 2784/2964/2067 2773/2975/2066
f 2773/2975/2066 2784/2964/2067 2783/2965/2067 2772/2976/2066
f 2772/2976/2066 2783/2965/2067 2782/2966/2067 2771/2977/2066
f 2771/2977/2066 2782/2966/2067 2781/2967/2067 2770/2978/2066
f 2770/2978/2066 2781/2967/2067 2780/2968/2067 2769/2979/2066
f 2769/2979/2066 2780/2968/2067 2779/2969/2067 2768/2980/2066
f 2768/2980/2066 2779/2969/2067 2778/2970/2067 2767/2981/2066
f 2767/2981/2066 2778/2970/2067 2777/2830/2067 2766/2828/2066
f 2466/2982/2026 2468/2971/2028 2776/2972/2066 2765/2983/2065
f 2765/2983/2065 2776/2972/2066 2775/2973/2066 2764/2984/2065
f 2764/2984/2065 2775/2973/2066 2774/2974/2066 2763/2985/2065
f 2763/2985/2065 2774/2974/2066 2773/2975/2066 2762/2986/2065
f 2762/2986/2065 2773/2975/2066 2772/2976/2066 2761/2987/2065
f 2761/2987/2065 2772/2976/2066 2771/2977/2066 2760/2988/2065
f 2760/2988/2065 2771/2977/2066 2770/2978/2066 2759/2989/2065
f 2759/2989/2065 2770/2978/2066 2769/2979/2066 2758/2990/2065
f 2758/2990/2065 2769/2979/2066 2768/2980/2066 2757/2991/2065
f 2757/2991/2065 2768/2980/2066 2767/2981/2066 2756/2992/2065
f 2756/2992/2065 2767/2981/2066 2766/2828/2066 2755/2826/2065
f 2464/2993/2024 2466/2982/2026 2765/2983/2065 2754/2994/2064
f 2754/2994/2064 2765/2983/2065 2764/2984/2065 2753/2995/2064
f 2753/2995/2064 2764/2984/2065 2763/2985/2065 2752/2996/2064
f 2752/2996/2064 2763/2985/2065 2762/2986/2065 2751/2997/2064
f 2751/2997/2064 2762/2986/2065 2761/2987/2065 2750/2998/2064
f 2750/2998/2064 2761/2987/2065 2760/2988/2065 2749/2999/2064
f 2749/2999/2064 2760/2988/2065 2759/2989/2065 2748/3000/2064
f 2748/3000/2064 2759/2989/2065 2758/2990/2065 2747/3001/2064
f 2747/3001/2064 2758/2990/2065 2757/2991/2065 2746/3002/2064
f 2746/3002/2064 2757/2991/2065 2756/2992/2065 2745/3003/2064
f 2745/3003/2064 2756/2992/2065 2755/2826/2065 2744/2824/2064
f 2462/3004/2022 2464/2993/2024 2754/2994/2064 2743/3005/2063
f 2743/3005/2063 2754/2994/2064 2753/2995/2064 2742/3006/2063
f 2742/3006/2063 2753/2995/2064 2752/2996/2064 2741/3007/2063
f 2741/3007/2063 2752/2996/2064 2751/2997/2064 2740/3008/2063
f 2740/3008/2063 2751/2997/2064 2750/2998/2064 2739/3009/2063
f 2739/3009/2063 2750/2998/2064 2749/2999/2064 2738/3010/2063
f 2738/3010/2063 2749/2999/2064 2748/3000/2064 2737/3011/2063
f 2737/3011/2063 2748/3000/2064 2747/3001/2064 2736/3012/2063
f 2736/3012/2063 2747/3001/2064 2746/3002/2064 2735/3013/2063
f 2735/3013/2063 2746/3002/2064 2745/3003/2064 2734/3014/2063
f 2734/3014/2063 2745/3003/2064 2744/2824/2064 2733/2822/2063
f 2460/3015/2020 2462/3004/2022 2743/3005/2063 2732/3016/2062
f 2732/3016/2062 2743/3005/2063 2742/3006/2063 2731/3017/2062
f 2731/3017/2062 2742/3006/2063 2741/3007/2063 2730/3018/2062
f 2730/3018/2062 2741/3007/2063 2740/3008/2063 2729/3019/2062
f 2729/3019/2062 2740/3008/2063 2739/3009/2063 2728/3020/2062
f 2728/3020/2062 2739/3009/2063 2738/3010/2063 2727/3021/2062
f 2727/3021/2062 2738/3010/2063 2737/3011/2063 2726/3022/2062
f 2726/3022/2062 2737/3011/2063 2736/3012/2063 2725/3023/2062
f 2725/3023/2062 2736/3012/2063 2735/3013/2063 2724/3024/2062
f 2724/3024/2062 2735/3013/2063 2734/3014/2063 2723/3025/2062
f 2723/3025/2062 2734/3014/2063 2733/2822/2063 2722/2820/2062
f 2458/3026/2018 2460/3015/2020 2732/3016/2062 2721/3027/2061
f 2721/3027/2061 2732/3016/2062 2731/3017/2062 2720/3028/2061
f 2720/3028/2061 2731/3017/2062 2730/3018/2062 2719/3029/2061
f 2719/3029/2061 2730/3018/2062 2729/3019/2062 2718/3030/2061
f 2718/3030/2061 2729/3019/2062 2728/3020/2062 2717/3031/2061
f 2717/3031/2061 2728/3020/2062 2727/3021/2062 2716/3032/2061
f 2716/3032/2061 2727/3021/2062 2726/3022/2062 2715/3033/2061
f 2715/3033/2061 2726/3022/2062 2725/3023/2062 2714/3034/2061
f 2714/3034/2061 2725/3023/2062 2724/3024/2062 2713/3035/2061
f 2713/3035/2061 2724/3024/2062 2723/3025/2062 2712/3036/2061
f 2712/3036/2061 2723/3025/2062 2722/2820/2062 2711/2818/2061
f 2456/3037/2016 2458/3026/2018 2721/3027/2061 2710/3038/2060
f 2710/3038/2060 2721/3027/2061 2720/3028/2061 2709/3039/2060
f 2709/3039/2060 2720/3028/2061 2719/3029/2061 2708/3040/2060
f 2708/3040/2060 2719/3029/2061 2718/3030/2061 2707/3041/2060
f 2707/3041/2060 2718/3030/2061 2717/3031/2061 2706/3042/2060
f 2706/3042/2060 2717/3031/2061 2716/3032/2061 2705/3043/2060
f 2705/3043/2060 2716/3032/2061 2715/3033/2061 2704/3044/2060
f 2704/3044/2060 2715/3033/2061 2714/3034/2061 2703/3045/2060
f 2703/3045/2060 2714/3034/2061 2713/3035/2061 2702/3046/2060
f 2702/3046/2060 2713/3035/2061 2712/3036/2061 2701/3047/2060
f 2701/3047/2060 2712/3036/2061 2711/2818/2061 2700/2816/2060
f 2454/3048/2014 2456/3037/2016 2710/3038/2060 2699/3049/2059
f 2699/3049/2059 2710/3038/2060 2709/3039/2060 2698/3050/2059
f 2698/3050/2059 2709/3039/2060 2708/3040/2060 2697/3051/2059
f 2697/3051/2059 2708/3040/2060 2707/3041/2060 2696/3052/2059
f 2696/3052/2059 2707/3041/2060 2706/3042/2060 2695/3053/2059
f 2695/3053/2059 2706/3042/2060 2705/3043/2060 2694/3054/2059
f 2694/3054/2059 2705/3043/2060 2704/3044/2060 2693/3055/2059
f 2693/3055/2059 2704/3044/2060 2703/3045/2060 2692/3056/2059
f 2692/3056/2059 2703/3045/2060 2702/3046/2060 2691/3057/2059
f 2691/3057/2059 2702/3046/2060 2701/3047/2060 2690/3058/2059
f 2690/3058/2059 2701/3047/2060 2700/2816/2060 2689/2814/2059
f 2452/3059/2012 2454/3048/2014 2699/3049/2059 2688/3060/2058
f 2688/3060/2058 2699/3049/2059 2698/3050/2059 2687/3061/2058
f 2687/3061/2058 2698/3050/2059 2697/3051/2059 2686/3062/2058
f 2686/3062/2058 2697/3051/2059 2696/3052/2059 2685/3063/2058
f 2685/3063/2058 2696/3052/2059 2695/3053/2059 2684/3064/2058
f 2684/3064/2058 2695/3053/2059 2694/3054/2059 2683/3065/2058
f 2683/3065/2058 2694/3054/2059 2693/3055/2059 2682/3066/2058
f 2682/3066/2058 2693/3055/2059 2692/3056/2059 2681/3067/2058
f 2681/3067/2058 2692/3056/2059 2691/3057/2059 2680/3068/2058
f 2680/3068/2058 2691/3057/2059 2690/3058/2059 2679/3069/2058
f 2679/3069/2058 2690/3058/2059 2689/2814/2059 2678/2812/2058
f 2450/3070/2010 2452/3059/2012 2688/3060/2058 2677/3071/2057
f 2677/3071/2057 2688/3060/2058 2687/3061/2058 2676/3072/2057
f 2676/3072/2057 2687/3061/2058 2686/3062/2058 2675/3073/2057
f 2675/3073/2057 2686/3062/2058 2685/3063/2058 2674/3074/2057
f 2674/3074/2057 2685/3063/2058 2684/3064/2058 2673/3075/2057
f 2673/3075/2057 2684/3064/2058 2683/3065/2058 2672/3076/2057
f 2672/3076/2057 2683/3065/2058 2682/3066/2058 2671/3077/2057
f 2671/3077/2057 2682/3066/2058 2681/3067/2058 2670/3078/2057
f 2670/3078/2057 2681/3067/2058 2680/3068/2058 2669/3079/2057
f 2669/3079/2057 2680/3068/2058 2679/3069/2058 2668/3080/2057
f 2668/3080/2057 2679/3069/2058 2678/2812/2058 2667/2810/2057
f 2448/3081/2008 2450/3070/2010 2677/3071/2057 2666/3082/2056
f 2666/3082/2056 2677/3071/2057 2676/3072/2057 2665/3083/2056
f 2665/3083/2056 2676/3072/2057 2675/3073/2057 2664/3084/2056
f 2664/3084/2056 2675/3073/2057 2674/3074/2057 2663/3085/2056
f 2663/3085/2056 2674/3074/2057 2673/3075/2057 2662/3086/2056
f 2662/3086/2056 2673/3075/2057 2672/3076/2057 2661/3087/2056
f 2661/3087/2056 2672/3076/2057 2671/3077/2057 2660/3088/2056
f 2660/3088/2056 2671/3077/2057 2670/3078/2057 2659/3089/2056
f 2659/3089/2056 2670/3078/2057 2669/3079/2057 2658/3090/2056
f 2658/3090/2056 2669/3079/2057 2668/3080/2057 2657/3091/2056
f 2657/3091/2056 2668/3080/2057 2667/2810/2057 2656/2808/2056
f 2446/3092/2006 2448/3081/2008 2666/3082/2056 2655/3093/2055
f 2655/3093/2055 2666/3082/2056 2665/3083/2056 2654/3094/2055
f 2654/3094/2055 2665/3083/2056 2664/3084/2056 2653/3095/2055
f 2653/3095/2055 2664/3084/2056 2663/3085/2056 2652/3096/2055
f 2652/3096/2055 2663/3085/2056 2662/3086/2056 2651/3097/2055
f 2651/3097/2055 2662/3086/2056 2661/3087/2056 2650/3098/2055
f 2650/3098/2055 2661/3087/2056 2660/3088/2056 2649/3099/2055
f 2649/3099/2055 2660/3088/2056 2659/3089/2056 2648/3100/2055
f 2648/3100/2055 2659/3089/2056 2658/3090/2056 2647/3101/2055
f 2647/3101/2055 2658/3090/2056 2657/3091/2056 2646/3102/2055
f 2646/3102/2055 2657/3091/2056 2656/2808/2056 2645/2806/2055
f 2444/3103/2004 2446/3092/2006 2655/3093/2055 2644/3104/2054
f 2644/3104/2054 2655/3093/2055 2654/3094/2055 2643/3105/2054
f 2643/3105/2054 2654/3094/2055 2653/3095/2055 2642/3106/2054
f 2642/3106/2054 2653/3095/2055 2652/3096/2055 2641/3107/2054
f 2641/3107/2054 2652/3096/2055 2651/3097/2055 2640/3108/2054
f 2640/3108/2054 2651/3097/2055 2650/3098/2055 2639/3109/2054
f 2639/3109/2054 2650/3098/2055 2649/3099/2055 2638/3110/2054
f 2638/3110/2054 2649/3099/2055 2648/3100/2055 2637/3111/2054
f 2637/3111/2054 2648/3100/2055 2647/3101/2055 2636/3112/2054
f 2636/3112/2054 2647/3101/2055 2646/3102/2055 2635/3113/2054
f 2635/3113/2054 2646/3102/2055 2645/2806/2055 2634/2804/2054
f 2442/3114/2002 2444/3103/2004 2644/3104/2054 2633/3115/2053
f 2633/3115/2053 2644/3104/2054 2643/3105/2054 2632/3116/2053
f 2632/3116/2053 2643/3105/2054 2642/3106/2054 2631/3117/2053
f 2631/3117/2053 2642/3106/2054 2641/3107/2054 2630/3118/2053
f 2630/3118/2053 2641/3107/2054 2640/3108/2054 2629/3119/2053
f 2629/3119/2053 2640/3108/2054 2639/3109/2054 2628/3120/2053
f 2628/3120/2053 2639/3109/2054 2638/3110/2054 2627/3121/2053
f 2627/3121/2053 2638/3110/2054 2637/3111/2054 2626/3122/2053
f 2626/3122/2053 2637/3111/2054 2636/3112/2054 2625/3123/2053
f 2625/3123/2053 2636/3112/2054 2635/3113/2054 2624/3124/2053
f 2624/3124/2053 2635/3113/2054 2634/2804/2054 2623/2802/2053
f 2440/3125/2000 2442/3114/2002 2633/3115/2053 2622/3126/2052
f 2622/3126/2052 2633/3115/2053 2632/3116/2053 2621/3127/2052
f 2621/3127/2052 2632/3116/2053 2631/3117/2053 2620/3128/2052
f 2620/3128/2052 2631/3117/2053 2630/3118/2053 2619/3129/2052
f 2619/3129/2052 2630/3118/2053 2629/3119/2053 2618/3130/2052
f 2618/3130/2052 2629/3119/2053 2628/3120/2053 2617/3131/2052
f 2617/3131/2052 2628/3120/2053 2627/3121/2053 2616/3132/2052
f 2616/3132/2052 2627/3121/2053 2626/3122/2053 2615/3133/2052
f 2615/3133/2052 2626/3122/2053 2625/3123/2053 2614/3134/2052
f 2614/3134/2052 2625/3123/2053 2624/3124/2053 2613/3135/2052
f 2613/3135/2052 2624/3124/2053 2623/2802/2053 2612/2800/2052
f 2438/3136/1998 2440/3125/2000 2622/3126/2052 2611/3137/2051
f 2611/3137/2051 2622/3126/2052 2621/3127/2052 2610/3138/2051
f 2610/3138/2051 2621/3127/2052 2620/3128/2052 2609/3139/2051
f 2609/3139/2051 2620/3128/2052 2619/3129/2052 2608/3140/2051
f 2608/3140/2051 2619/3129/2052 2618/3130/2052 2607/3141/2051
f 2607/3141/2051 2618/3130/2052 2617/3131/2052 2606/3142/2051
f 2606/3142/2051 2617/3131/2052 2616/3132/2052 2605/3143/2051
f 2605/3143/2051 2616/3132/2052 2615/3133/2052 2604/3144/2051
f 2604/3144/2051 2615/3133/2052 2614/3134/2052 2603/3145/2051
f 2603/3145/2051 2614/3134/2052 2613/3135/2052 2602/3146/2051
f 2602/3146/2051 2613/3135/2052 2612/2800/2052 2601/2798/2051
f 2436/3147/1996 2438/3136/1998 2611/3137/2051 2600/3148/2050
f 2600/3148/2050 2611/3137/2051 2610/3138/2051 2599/3149/2050
f 2599/3149/2050 2610/3138/2051 2609/3139/2051 2598/3150/2050
f 2598/3150/2050 2609/3139/2051 2608/3140/2051 2597/3151/2050
f 2597/3151/2050 2608/3140/2051 2607/3141/2051 2596/3152/2050
f 2596/3152/2050 2607/3141/2051 2606/3142/2051 2595/3153/2050
f 2595/3153/2050 2606/3142/2051 2605/3143/2051 2594/3154/2050
f 2594/3154/2050 2605/3143/2051 2604/3144/2051 2593/3155/2050
f 2593/3155/2050 2604/3144/2051 2603/3145/2051 2592/3156/2050
f 2592/3156/2050 2603/3145/2051 2602/3146/2051 2591/3157/2050
f 2591/3157/2050 2602/3146/2051 2601/2798/2051 2590/2796/2050
f 2434/3158/1994 2436/3147/1996 2600/3148/2050 2589/3159/2049
f 2589/3159/2049 2600/3148/2050 2599/3149/2050 2588/3160/2049
f 2588/3160/2049 2599/3149/2050 2598/3150/2050 2587/3161/2049
f 2587/3161/2049 2598/3150/2050 2597/3151/2050 2586/3162/2049
f 2586/3162/2049 2597/3151/2050 2596/3152/2050 2585/3163/2049
f 2585/3163/2049 2596/3152/2050 2595/3153/2050 2584/3164/2049
f 2584/3164/2049 2595/3153/2050 2594/3154/2050 2583/3165/2049
f 2583/3165/2049 2594/3154/2050 2593/3155/2050 2582/3166/2049
f 2582/3166/2049 2593/3155/2050 2592/3156/2050 2581/3167/2049
f 2581/3167/2049 2592/3156/2050 2591/3157/2050 2580/3168/2049
f 2580/3168/2049 2591/3157/2050 2590/2796/2050 2579/2794/2049
f 2432/3169/1992 2434/3158/1994 2589/3159/2049 2578/3170/2048
f 2578/3170/2048 2589/3159/2049 2588/3160/2049 2577/3171/2048
f 2577/3171/2048 2588/3160/2049 2587/3161/2049 2576/3172/2048
f 2576/3172/2048 2587/3161/2049 2586/3162/2049 2575/3173/2048
f 2575/3173/2048 2586/3162/2049 2585/3163/2049 2574/3174/2048
f 2574/3174/2048 2585/3163/2049 2584/3164/2049 2573/3175/2048
f 2573/3175/2048 2584/3164/2049 2583/3165/2049 2572/3176/2048
f 2572/3176/2048 2583/3165/2049 2582/3166/2049 2571/3177/2048
f 2571/3177/2048 2582/3166/2049 2581/3167/2049 2570/3178/2048
f 2570/3178/2048 2581/3167/2049 2580/3168/2049 2569/3179/2048
f 2569/3179/2048 2580/3168/2049 2579/2794/2049 2568/2792/2048
f 2430/3180/1990 2432/3169/1992 2578/3170/2048 2567/3181/2047
f 2567/3181/2047 2578/3170/2048 2577/3171/2048 2566/3182/2047
f 2566/3182/2047 2577/3171/2048 2576/3172/2048 2565/3183/2047
f 2565/3183/2047 2576/3172/2048 2575/3173/2048 2564/3184/2047
f 2564/3184/2047 2575/3173/2048 2574/3174/2048 2563/3185/2047
f 2563/3185/2047 2574/3174/2048 2573/3175/2048 2562/3186/2047
f 2562/3186/2047 2573/3175/2048 2572/3176/2048 2561/3187/2047
f 2561/3187/2047 2572/3176/2048 2571/3177/2048 2560/3188/2047
f 2560/3188/2047 2571/3177/2048 2570/3178/2048 2559/3189/2047
f 2559/3189/2047 2570/3178/2048 2569/3179/2048 2558/3190/2047
f 2558/3190/2047 2569/3179/2048 2568/2792/2048 2557/2790/2047
f 2428/3191/1988 2430/3180/1990 2567/3181/2047 2556/3192/2046
f 2556/3192/2046 2567/3181/2047 2566/3182/2047 2555/3193/2046
f 2555/3193/2046 2566/3182/2047 2565/3183/2047 2554/3194/2046
f 2554/3194/2046 2565/3183/2047 2564/3184/2047 2553/3195/2046
f 2553/3195/2046 2564/3184/2047 2563/3185/2047 2552/3196/2046
f 2552/3196/2046 2563/3185/2047 2562/3186/2047 2551/3197/2046
f 2551/3197/2046 2562/3186/2047 2561/3187/2047 2550/3198/2046
f 2550/3198/2046 2561/3187/2047 2560/3188/2047 2549/3199/2046
f 2549/3199/2046 2560/3188/2047 2559/3189/2047 2548/3200/2046
f 2548/3200/2046 2559/3189/2047 2558/3190/2047 2547/3201/2046
f 2547/3201/2046 2558/3190/2047 2557/2790/2047 2546/2788/2046
f 2426/3202/1986 2428/3191/1988 2556/3192/2046 2545/3203/2045
f 2545/3203/2045 2556/3192/2046 2555/3193/2046 2544/3204/2045
f 2544/3204/2045 2555/3193/2046 2554/3194/2046 2543/3205/2045
f 2543/3205/2045 2554/3194/2046 2553/3195/2046 2542/3206/2045
f 2542/3206/2045 2553/3195/2046 2552/3196/2046 2541/3207/2045
f 2541/3207/2045 2552/3196/2046 2551/3197/2046 2540/3208/2045
f 2540/3208/2045 2551/3197/2046 2550/3198/2046 2539/3209/2045
f 2539/3209/2045 2550/3198/2046 2549/3199/2046 2538/3210/2045
f 2538/3210/2045 2549/3199/2046 2548/3200/2046 2537/3211/2045
f 2537/3211/2045 2548/3200/2046 2547/3201/2046 2536/3212/2045
f 2536/3212/2045 2547/3201/2046 2546/2788/2046 2535/2786/2045
f 2424/3213/1984 2426/3202/1986 2545/3203/2045 2534/3214/2044
f 2534/3214/2044 2545/3203/2045 2544/3204/2045 2533/3215/2044
f 2533/3215/2044 2544/3204/2045 2543/3205/2045 2532/3216/2044
f 2532/3216/2044 2543/3205/2045 2542/3206/2045 2531/3217/2044
f 2531/3217/2044 2542/3206/2045 2541/3207/2045 2530/3218/2044
f 2530/3218/2044 2541/3207/2045 2540/3208/2045 2529/3219/2044
f 2529/3219/2044 2540/3208/2045 2539/3209/2045 2528/3220/2044
f 2528/3220/2044 2539/3209/2045 2538/3210/2045 2527/3221/2044
f 2527/3221/2044 2538/3210/2045 2537/3211/2045 2526/3222/2044
f 2526/3222/2044 2537/3211/2045 2536/3212/2045 2525/3223/2044
f 2525/3223/2044 2536/3212/2045 2535/2786/2045 2524/2784/2044
f 2422/3224/1982 2424/3213/1984 2534/3214/2044 2523/3225/2043
f 2523/3225/2043 2534/3214/2044 2533/3215/2044 2522/3226/2043
f 2522/3226/2043 2533/3215/2044 2532/3216/2044 2521/3227/2043
f 2521/3227/2043 2532/3216/2044 2531/3217/2044 2520/3228/2043
f 2520/3228/2043 2531/3217/2044 2530/3218/2044 2519/3229/2043
f 2519/3229/2043 2530/3218/2044 2529/3219/2044 2518/3230/2043
f 2518/3230/2043 2529/3219/2044 2528/3220/2044 2517/3231/2043
f 2517/3231/2043 2528/3220/2044 2527/3221/2044 2516/3232/2043
f 2516/3232/2043 2527/3221/2044 2526/3222/2044 2515/3233/2043
f 2515/3233/2043 2526/3222/2044 2525/3223/2044 2514/3234/2043
f 2514/3234/2043 2525/3223/2044 2524/2784/2044 2513/2782/2043
f 2420/3235/1980 2422/3224/1982 2523/3225/2043 2512/3236/2042
f 2512/3236/2042 2523/3225/2043 2522/3226/2043 2511/3237/2042
f 2511/3237/2042 2522/3226/2043 2521/3227/2043 2510/3238/2042
f 2510/3238/2042 2521/3227/2043 2520/3228/2043 2509/3239/2042
f 2509/3239/2042 2520/3228/2043 2519/3229/2043 2508/3240/2042
f 2508/3240/2042 2519/3229/2043 2518/3230/2043 2507/3241/2042
f 2507/3241/2042 2518/3230/2043 2517/3231/2043 2506/3242/2042
f 2506/3242/2042 2517/3231/2043 2516/3232/2043 2505/3243/2042
f 2505/3243/2042 2516/3232/2043 2515/3233/2043 2504/3244/2042
f 2504/3244/2042 2515/3233/2043 2514/3234/2043 2503/3245/2042
f 2503/3245/2042 2514/3234/2043 2513/2782/2043 2502/2780/2042
f 2418/3246/1978 2420/3235/1980 2512/3236/2042 2501/3247/2041
f 2501/3247/2041 2512/3236/2042 2511/3237/2042 2500/3248/2041
f 2500/3248/2041 2511/3237/2042 2510/3238/2042 2499/3249/2041
f 2499/3249/2041 2510/3238/2042 2509/3239/2042 2498/3250/2041
f 2498/3250/2041 2509/3239/2042 2508/3240/2042 2497/3251/2041
f 2497/3251/2041 2508/3240/2042 2507/3241/2042 2496/3252/2041
f 2496/3252/2041 2507/3241/2042 2506/3242/2042 2495/3253/2041
f 2495/3253/2041 2506/3242/2042 2505/3243/2042 2494/3254/2041
f 2494/3254/2041 2505/3243/2042 2504/3244/2042 2493/3255/2041
f 2493/3255/2041 2504/3244/2042 2503/3245/2042 2492/3256/2041
f 2492/3256/2041 2503/3245/2042 2502/2780/2042 2491/2778/2041
f 2416/3257/1976 2418/3246/1978 2501/3247/2041 2480/3258/2040
f 2480/3258/2040 2501/3247/2041 2500/3248/2041 2481/3259/2040
f 2481/3259/2040 2500/3248/2041 2499/3249/2041 2482/3260/2040
f 2482/3260/2040 2499/3249/2041 2498/3250/2041 2483/3261/2040
f 2483/3261/2040 2498/3250/2041 2497/3251/2041 2484/3262/2040
f 2484/3262/2040 2497/3251/2041 2496/3252/2041 2485/3263/2040
f 2485/3263/2040 2496/3252/2041 2495/3253/2041 2486/3264/2040
f 2486/3264/2040 2495/3253/2041 2494/3254/2041 2487/3265/2040
f 2487/3265/2040 2494/3254/2041 2493/3255/2041 2488/3266/2040
f 2488/3266/2040 2493/3255/2041 2492/3256/2041 2489/3267/2040
f 2489/3267/2040 2492/3256/2041 2491/2778/2041 2490/2775/2040
o Sphere.003
v 0.131612 -1.804647 1.883268
v 0.131612 -1.851296 1.836619
v 0.131612 -1.912245 1.811373
v 0.131612 -1.945230 1.808124
v 0.131612 -1.978215 1.811373
v 0.131612 -2.039165 1.836619
v 0.138048 -1.779401 1.944850
v 0.144235 -1.789023 1.913742
v 0.149938 -1.804647 1.885072
v 0.154937 -1.825674 1.859943
v 0.159039 -1.851296 1.839320
v 0.162087 -1.880527 1.823996
v 0.163964 -1.912245 1.814560
v 0.164598 -1.945230 1.811373
v 0.163964 -1.978215 1.814560
v 0.162087 -2.009933 1.823996
v 0.159039 -2.039165 1.839320
v 0.154937 -2.064786 1.859943
v 0.149938 -2.085813 1.885072
v 0.144235 -2.101437 1.913742
v 0.138048 -2.111059 1.944850
v 0.144235 -1.779401 1.946727
v 0.156373 -1.789023 1.917424
v 0.167560 -1.804647 1.890418
v 0.177365 -1.825674 1.866747
v 0.185411 -1.851296 1.847320
v 0.191390 -1.880527 1.832885
v 0.195072 -1.912245 1.823996
v 0.196316 -1.945230 1.820995
v 0.195072 -1.978215 1.823996
v 0.191390 -2.009933 1.832885
v 0.185411 -2.039165 1.847320
v 0.177365 -2.064786 1.866747
v 0.167560 -2.085813 1.890418
v 0.156373 -2.101437 1.917424
v 0.144235 -2.111059 1.946727
v 0.149938 -1.779401 1.949776
v 0.167560 -1.789023 1.923403
v 0.183800 -1.804647 1.899098
v 0.198034 -1.825674 1.877795
v 0.209716 -1.851296 1.860312
v 0.218397 -1.880527 1.847320
v 0.223742 -1.912245 1.839320
v 0.225547 -1.945230 1.836619
v 0.223742 -1.978215 1.839320
v 0.218397 -2.009933 1.847320
v 0.209716 -2.039165 1.860312
v 0.198034 -2.064786 1.877795
v 0.183800 -2.085813 1.899098
v 0.167560 -2.101437 1.923403
v 0.149938 -2.111059 1.949776
v 0.154937 -1.779401 1.953878
v 0.177365 -1.789023 1.931450
v 0.198034 -1.804647 1.910780
v 0.216151 -1.825674 1.892663
v 0.231020 -1.851296 1.877795
v 0.242068 -1.880527 1.866747
v 0.248871 -1.912245 1.859943
v 0.251168 -1.945230 1.857646
v 0.248871 -1.978215 1.859943
v 0.242068 -2.009933 1.866747
v 0.231020 -2.039165 1.877795
v 0.216151 -2.064786 1.892663
v 0.198034 -2.085813 1.910780
v 0.177365 -2.101437 1.931450
v 0.154937 -2.111059 1.953878
v 0.159039 -1.779401 1.958876
v 0.185411 -1.789023 1.941255
v 0.209716 -1.804647 1.925015
v 0.231020 -1.825674 1.910780
v 0.248503 -1.851296 1.899098
v 0.261494 -1.880527 1.890418
v 0.269494 -1.912245 1.885072
v 0.272195 -1.945230 1.883268
v 0.269494 -1.978215 1.885072
v 0.261494 -2.009933 1.890418
v 0.248503 -2.039165 1.899098
v 0.231020 -2.064786 1.910780
v 0.209716 -2.085813 1.925015
v 0.185411 -2.101437 1.941255
v 0.159039 -2.111059 1.958876
v 0.131612 -1.776153 1.977202
v 0.162087 -1.779401 1.964579
v 0.191390 -1.789023 1.952441
v 0.218397 -1.804647 1.941255
v 0.242068 -1.825674 1.931450
v 0.261494 -1.851296 1.923403
v 0.275929 -1.880527 1.917424
v 0.284818 -1.912245 1.913742
v 0.287820 -1.945230 1.912499
v 0.284818 -1.978215 1.913742
v 0.275929 -2.009933 1.917424
v 0.261494 -2.039165 1.923403
v 0.242068 -2.064786 1.931450
v 0.218397 -2.085813 1.941255
v 0.191390 -2.101437 1.952441
v 0.162087 -2.111059 1.964579
v 0.163964 -1.779401 1.970767
v 0.195072 -1.789023 1.964579
v 0.223742 -1.804647 1.958876
v 0.248871 -1.825674 1.953878
v 0.269494 -1.851296 1.949776
v 0.284818 -1.880527 1.946727
v 0.294255 -1.912245 1.944850
v 0.297441 -1.945230 1.944217
v 0.294255 -1.978215 1.944850
v 0.284818 -2.009933 1.946727
v 0.269494 -2.039165 1.949776
v 0.248871 -2.064786 1.953878
v 0.223742 -2.085813 1.958876
v 0.195072 -2.101437 1.964579
v 0.163964 -2.111059 1.970767
v 0.164598 -1.779401 1.977202
v 0.196316 -1.789023 1.977202
v 0.225547 -1.804647 1.977202
v 0.251168 -1.825674 1.977202
v 0.272195 -1.851296 1.977202
v 0.287820 -1.880527 1.977202
v 0.297441 -1.912245 1.977202
v 0.300690 -1.945230 1.977202
v 0.297441 -1.978215 1.977202
v 0.287820 -2.009933 1.977202
v 0.272195 -2.039165 1.977202
v 0.251168 -2.064786 1.977202
v 0.225547 -2.085813 1.977202
v 0.196316 -2.101437 1.977202
v 0.164598 -2.111059 1.977202
v 0.163964 -1.779401 1.983637
v 0.195072 -1.789023 1.989825
v 0.223742 -1.804647 1.995528
v 0.248871 -1.825674 2.000526
v 0.269494 -1.851296 2.004628
v 0.284818 -1.880527 2.007676
v 0.294255 -1.912245 2.009553
v 0.297441 -1.945230 2.010187
v 0.294255 -1.978215 2.009553
v 0.284818 -2.009933 2.007676
v 0.269494 -2.039165 2.004628
v 0.248871 -2.064786 2.000526
v 0.223742 -2.085813 1.995528
v 0.195072 -2.101437 1.989825
v 0.163964 -2.111059 1.983637
v 0.162087 -1.779401 1.989825
v 0.191390 -1.789023 2.001963
v 0.218397 -1.804647 2.013149
v 0.242068 -1.825674 2.022954
v 0.261494 -1.851296 2.031001
v 0.275929 -1.880527 2.036980
v 0.284818 -1.912245 2.040662
v 0.287820 -1.945230 2.041905
v 0.284818 -1.978215 2.040662
v 0.275929 -2.009933 2.036980
v 0.261494 -2.039165 2.031001
v 0.242068 -2.064786 2.022954
v 0.218397 -2.085813 2.013149
v 0.191390 -2.101437 2.001963
v 0.162087 -2.111059 1.989825
v 0.159039 -1.779401 1.995528
v 0.185411 -1.789023 2.013149
v 0.209716 -1.804647 2.029389
v 0.231020 -1.825674 2.043624
v 0.248503 -1.851296 2.055305
v 0.261494 -1.880527 2.063986
v 0.269494 -1.912245 2.069331
v 0.272195 -1.945230 2.071136
v 0.269494 -1.978215 2.069331
v 0.261494 -2.009933 2.063986
v 0.248503 -2.039165 2.055305
v 0.231020 -2.064786 2.043624
v 0.209716 -2.085813 2.029389
v 0.185411 -2.101437 2.013149
v 0.159039 -2.111059 1.995528
v 0.154937 -1.779401 2.000526
v 0.177365 -1.789023 2.022954
v 0.198034 -1.804647 2.043624
v 0.216151 -1.825674 2.061741
v 0.231019 -1.851296 2.076609
v 0.242068 -1.880527 2.087657
v 0.248871 -1.912245 2.094460
v 0.251168 -1.945230 2.096758
v 0.248871 -1.978215 2.094460
v 0.242068 -2.009933 2.087657
v 0.231019 -2.039165 2.076609
v 0.216151 -2.064786 2.061741
v 0.198034 -2.085813 2.043624
v 0.177365 -2.101437 2.022954
v 0.154937 -2.111059 2.000526
v 0.149938 -1.779401 2.004628
v 0.167560 -1.789023 2.031001
v 0.183800 -1.804647 2.055305
v 0.198034 -1.825674 2.076609
v 0.209716 -1.851296 2.094092
v 0.218397 -1.880527 2.107084
v 0.223742 -1.912245 2.115083
v 0.225547 -1.945230 2.117785
v 0.223742 -1.978215 2.115083
v 0.218397 -2.009933 2.107084
v 0.209716 -2.039165 2.094092
v 0.198034 -2.064786 2.076609
v 0.183800 -2.085813 2.055305
v 0.167560 -2.101437 2.031001
v 0.149938 -2.111059 2.004628
v 0.144235 -1.779401 2.007676
v 0.156373 -1.789023 2.036980
v 0.167560 -1.804647 2.063986
v 0.177365 -1.825674 2.087657
v 0.185411 -1.851296 2.107084
v 0.191390 -1.880527 2.121519
v 0.195072 -1.912245 2.130408
v 0.196316 -1.945230 2.133409
v 0.195072 -1.978215 2.130408
v 0.191390 -2.009933 2.121519
v 0.185411 -2.039165 2.107084
v 0.177365 -2.064786 2.087657
v 0.167560 -2.085813 2.063986
v 0.156373 -2.101437 2.036980
v 0.144235 -2.111059 2.007676
v 0.138048 -1.779401 2.009553
v 0.144235 -1.789023 2.040662
v 0.149938 -1.804647 2.069331
v 0.154937 -1.825674 2.094460
v 0.159039 -1.851296 2.115083
v 0.162087 -1.880527 2.130408
v 0.163964 -1.912245 2.139844
v 0.164598 -1.945230 2.143031
v 0.163964 -1.978215 2.139844
v 0.162087 -2.009933 2.130408
v 0.159039 -2.039165 2.115083
v 0.154937 -2.064786 2.094460
v 0.149938 -2.085813 2.069331
v 0.144235 -2.101437 2.040662
v 0.138048 -2.111059 2.009553
v 0.131612 -1.779401 2.010187
v 0.131612 -1.789023 2.041905
v 0.131612 -1.804647 2.071136
v 0.131612 -1.825674 2.096758
v 0.131612 -1.851296 2.117785
v 0.131612 -1.880527 2.133409
v 0.131612 -1.912245 2.143031
v 0.131612 -1.945230 2.146279
v 0.131612 -1.978215 2.143031
v 0.131612 -2.009933 2.133409
v 0.131612 -2.039165 2.117785
v 0.131612 -2.064786 2.096758
v 0.131612 -2.085813 2.071136
v 0.131612 -2.101437 2.041905
v 0.131612 -2.111059 2.010187
v 0.125177 -1.779401 2.009553
v 0.118990 -1.789023 2.040662
v 0.113287 -1.804647 2.069331
v 0.108288 -1.825674 2.094460
v 0.104186 -1.851296 2.115083
v 0.101138 -1.880527 2.130408
v 0.099261 -1.912245 2.139844
v 0.098627 -1.945230 2.143031
v 0.099261 -1.978215 2.139844
v 0.101138 -2.009933 2.130408
v 0.104186 -2.039165 2.115083
v 0.108288 -2.064786 2.094460
v 0.113287 -2.085813 2.069331
v 0.118990 -2.101437 2.040662
v 0.125177 -2.111059 2.009553
v 0.118990 -1.779401 2.007676
v 0.106852 -1.789023 2.036980
v 0.095665 -1.804647 2.063986
v 0.085860 -1.825674 2.087657
v 0.077814 -1.851296 2.107084
v 0.071835 -1.880527 2.121519
v 0.068153 -1.912245 2.130408
v 0.066909 -1.945230 2.133409
v 0.068153 -1.978215 2.130408
v 0.071835 -2.009933 2.121519
v 0.077814 -2.039165 2.107084
v 0.085860 -2.064786 2.087657
v 0.095665 -2.085813 2.063986
v 0.106852 -2.101437 2.036980
v 0.118990 -2.111059 2.007676
v 0.113287 -1.779401 2.004628
v 0.095665 -1.789023 2.031001
v 0.079425 -1.804647 2.055305
v 0.065191 -1.825674 2.076609
v 0.053509 -1.851296 2.094092
v 0.044828 -1.880527 2.107084
v 0.039483 -1.912245 2.115083
v 0.037678 -1.945230 2.117785
v 0.039483 -1.978215 2.115083
v 0.044828 -2.009933 2.107084
v 0.053509 -2.039165 2.094092
v 0.065191 -2.064786 2.076609
v 0.079425 -2.085813 2.055305
v 0.095665 -2.101437 2.031001
v 0.113287 -2.111059 2.004628
v 0.108288 -1.779401 2.000526
v 0.085860 -1.789023 2.022954
v 0.065191 -1.804647 2.043623
v 0.047074 -1.825674 2.061741
v 0.032205 -1.851296 2.076609
v 0.021157 -1.880527 2.087657
v 0.014354 -1.912245 2.094460
v 0.012057 -1.945230 2.096758
v 0.014354 -1.978215 2.094460
v 0.021157 -2.009933 2.087657
v 0.032205 -2.039165 2.076609
v 0.047074 -2.064786 2.061741
v 0.065191 -2.085813 2.043623
v 0.085860 -2.101437 2.022954
v 0.108288 -2.111059 2.000526
v 0.131612 -2.114308 1.977202
v 0.104186 -1.779401 1.995528
v 0.077814 -1.789023 2.013149
v 0.053509 -1.804647 2.029389
v 0.032205 -1.825674 2.043624
v 0.014722 -1.851296 2.055305
v 0.001731 -1.880527 2.063986
v -0.006269 -1.912245 2.069331
v -0.008970 -1.945230 2.071136
v -0.006269 -1.978215 2.069331
v 0.001731 -2.009933 2.063986
v 0.014722 -2.039165 2.055305
v 0.032205 -2.064786 2.043624
v 0.053509 -2.085813 2.029389
v 0.077814 -2.101437 2.013149
v 0.104186 -2.111059 1.995528
v 0.101138 -1.779401 1.989825
v 0.071835 -1.789023 2.001963
v 0.044828 -1.804647 2.013149
v 0.021157 -1.825674 2.022954
v 0.001731 -1.851296 2.031001
v -0.012704 -1.880527 2.036980
v -0.021593 -1.912245 2.040662
v -0.024595 -1.945230 2.041905
v -0.021593 -1.978215 2.040662
v -0.012704 -2.009933 2.036980
v 0.001731 -2.039165 2.031001
v 0.021157 -2.064786 2.022954
v 0.044828 -2.085813 2.013149
v 0.071835 -2.101437 2.001963
v 0.101138 -2.111059 1.989825
v 0.099261 -1.779401 1.983637
v 0.068153 -1.789023 1.989825
v 0.039483 -1.804647 1.995528
v 0.014354 -1.825674 2.000526
v -0.006269 -1.851296 2.004628
v -0.021593 -1.880527 2.007676
v -0.031030 -1.912245 2.009553
v -0.034216 -1.945230 2.010187
v -0.031030 -1.978215 2.009553
v -0.021593 -2.009933 2.007676
v -0.006269 -2.039165 2.004628
v 0.014354 -2.064786 2.000526
v 0.039483 -2.085813 1.995528
v 0.068153 -2.101437 1.989825
v 0.099261 -2.111059 1.983637
v 0.098627 -1.779401 1.977202
v 0.066909 -1.789023 1.977202
v 0.037678 -1.804647 1.977202
v 0.012057 -1.825674 1.977202
v -0.008970 -1.851296 1.977202
v -0.024595 -1.880527 1.977202
v -0.034216 -1.912245 1.977202
v -0.037465 -1.945230 1.977202
v -0.034216 -1.978215 1.977202
v -0.024595 -2.009933 1.977202
v -0.008970 -2.039165 1.977202
v 0.012057 -2.064786 1.977202
v 0.037678 -2.085813 1.977202
v 0.066909 -2.101437 1.977202
v 0.098627 -2.111059 1.977202
v 0.099261 -1.779401 1.970767
v 0.068153 -1.789023 1.964579
v 0.039483 -1.804647 1.958876
v 0.014354 -1.825674 1.953878
v -0.006269 -1.851296 1.949776
v -0.021593 -1.880527 1.946727
v -0.031030 -1.912245 1.944850
v -0.034216 -1.945230 1.944216
v -0.031030 -1.978215 1.944850
v -0.021593 -2.009933 1.946727
v -0.006269 -2.039165 1.949776
v 0.014354 -2.064786 1.953878
v 0.039483 -2.085813 1.958876
v 0.068153 -2.101437 1.964579
v 0.099261 -2.111059 1.970767
v 0.101138 -1.779401 1.964579
v 0.071835 -1.789023 1.952441
v 0.044828 -1.804647 1.941255
v 0.021157 -1.825674 1.931450
v 0.001731 -1.851296 1.923403
v -0.012704 -1.880527 1.917424
v -0.021593 -1.912245 1.913742
v -0.024595 -1.945230 1.912499
v -0.021593 -1.978215 1.913742
v -0.012704 -2.009933 1.917424
v 0.001731 -2.039165 1.923403
v 0.021157 -2.064786 1.931450
v 0.044828 -2.085813 1.941255
v 0.071835 -2.101437 1.952441
v 0.101138 -2.111059 1.964579
v 0.104186 -1.779401 1.958876
v 0.077814 -1.789023 1.941255
v 0.053509 -1.804647 1.925015
v 0.032205 -1.825674 1.910780
v 0.014722 -1.851296 1.899098
v 0.001731 -1.880527 1.890418
v -0.006269 -1.912245 1.885072
v -0.008970 -1.945230 1.883268
v -0.006269 -1.978215 1.885072
v 0.001731 -2.009933 1.890418
v 0.014722 -2.039165 1.899098
v 0.032205 -2.064786 1.910780
v 0.053509 -2.085813 1.925015
v 0.077814 -2.101437 1.941255
v 0.104186 -2.111059 1.958876
v 0.108288 -1.779401 1.953878
v 0.085860 -1.789023 1.931450
v 0.065191 -1.804647 1.910780
v 0.047074 -1.825674 1.892663
v 0.032206 -1.851296 1.877795
v 0.021157 -1.880527 1.866747
v 0.014354 -1.912245 1.859943
v 0.012057 -1.945230 1.857646
v 0.014354 -1.978215 1.859943
v 0.021157 -2.009933 1.866747
v 0.032206 -2.039165 1.877795
v 0.047074 -2.064786 1.892663
v 0.065191 -2.085813 1.910780
v 0.085860 -2.101437 1.931450
v 0.108288 -2.111059 1.953878
v 0.113287 -1.779401 1.949776
v 0.095665 -1.789023 1.923403
v 0.079425 -1.804647 1.899098
v 0.065191 -1.825674 1.877795
v 0.053509 -1.851296 1.860312
v 0.044828 -1.880527 1.847320
v 0.039483 -1.912245 1.839320
v 0.037678 -1.945230 1.836619
v 0.039483 -1.978215 1.839320
v 0.044828 -2.009933 1.847320
v 0.053509 -2.039165 1.860312
v 0.065191 -2.064786 1.877795
v 0.079425 -2.085813 1.899098
v 0.095665 -2.101437 1.923403
v 0.113287 -2.111059 1.949776
v 0.118990 -1.779401 1.946727
v 0.106852 -1.789023 1.917424
v 0.095665 -1.804647 1.890418
v 0.085860 -1.825674 1.866747
v 0.077814 -1.851296 1.847320
v 0.071835 -1.880527 1.832885
v 0.068153 -1.912245 1.823996
v 0.066909 -1.945230 1.820995
v 0.068153 -1.978215 1.823996
v 0.071835 -2.009933 1.832885
v 0.077814 -2.039165 1.847320
v 0.085860 -2.064786 1.866747
v 0.095665 -2.085813 1.890418
v 0.106852 -2.101437 1.917424
v 0.118990 -2.111059 1.946727
v 0.125177 -1.779401 1.944850
v 0.118990 -1.789023 1.913742
v 0.113287 -1.804647 1.885072
v 0.108288 -1.825674 1.859943
v 0.104186 -1.851296 1.839320
v 0.101138 -1.880527 1.823996
v 0.099261 -1.912245 1.814560
v 0.098627 -1.945230 1.811373
v 0.099261 -1.978215 1.814560
v 0.101138 -2.009933 1.823996
v 0.104186 -2.039165 1.839320
v 0.108288 -2.064786 1.859943
v 0.113287 -2.085813 1.885072
v 0.118990 -2.101437 1.913742
v 0.125177 -2.111059 1.944850
v 0.131612 -1.779401 1.944217
v 0.131612 -1.789023 1.912499
v 0.131612 -1.825674 1.857646
v 0.131612 -1.880527 1.820995
v 0.131612 -2.009933 1.820995
v 0.131612 -2.064786 1.857646
v 0.131613 -2.085813 1.883268
v 0.131612 -2.101437 1.912499
v 0.131612 -2.111059 1.944217
vn -0.0000 0.8286 -0.5598
vn -0.0000 0.5528 -0.8333
vn -0.0000 0.1939 -0.9810
vn -0.0000 -0.0000 -1.0000
vn -0.0000 -0.1939 -0.9810
vn -0.0000 -0.5528 -0.8333
vn 0.0392 0.9796 -0.1971
vn 0.0757 0.9217 -0.3804
vn 0.1092 0.8286 -0.5490
vn 0.1385 0.7041 -0.6965
vn 0.1626 0.5528 -0.8173
vn 0.1804 0.3805 -0.9070
vn 0.1914 0.1939 -0.9622
vn 0.1951 -0.0000 -0.9808
vn 0.1914 -0.1939 -0.9622
vn 0.1804 -0.3805 -0.9070
vn 0.1626 -0.5528 -0.8173
vn 0.1385 -0.7041 -0.6965
vn 0.1092 -0.8286 -0.5490
vn 0.0757 -0.9217 -0.3804
vn 0.0392 -0.9796 -0.1971
vn 0.0769 0.9796 -0.1857
vn 0.1484 0.9217 -0.3584
vn 0.2142 0.8286 -0.5172
vn 0.2718 0.7041 -0.6561
vn 0.3189 0.5528 -0.7699
vn 0.3539 0.3805 -0.8544
vn 0.3754 0.1939 -0.9063
vn 0.3827 -0.0000 -0.9239
vn 0.3754 -0.1939 -0.9063
vn 0.3539 -0.3805 -0.8544
vn 0.3189 -0.5528 -0.7699
vn 0.2718 -0.7041 -0.6561
vn 0.2142 -0.8286 -0.5172
vn 0.1484 -0.9217 -0.3584
vn 0.0769 -0.9796 -0.1857
vn 0.1117 0.9796 -0.1671
vn 0.2155 0.9217 -0.3225
vn 0.3110 0.8286 -0.4654
vn 0.3945 0.7041 -0.5905
vn 0.4630 0.5528 -0.6929
vn 0.5138 0.3805 -0.7689
vn 0.5450 0.1939 -0.8157
vn 0.5556 -0.0000 -0.8315
vn 0.5450 -0.1939 -0.8157
vn 0.5138 -0.3805 -0.7689
vn 0.4630 -0.5528 -0.6929
vn 0.3945 -0.7041 -0.5905
vn 0.3110 -0.8286 -0.4654
vn 0.2155 -0.9217 -0.3225
vn 0.1117 -0.9796 -0.1671
vn 0.1421 0.9796 -0.1421
vn 0.2743 0.9217 -0.2743
vn 0.3958 0.8286 -0.3958
vn 0.5021 0.7041 -0.5021
vn 0.5893 0.5528 -0.5893
vn 0.6539 0.3805 -0.6539
vn 0.6937 0.1939 -0.6937
vn 0.7071 -0.0000 -0.7071
vn 0.6937 -0.1939 -0.6937
vn 0.6539 -0.3805 -0.6539
vn 0.5893 -0.5528 -0.5893
vn 0.5021 -0.7041 -0.5021
vn 0.3958 -0.8286 -0.3958
vn 0.2743 -0.9217 -0.2743
vn 0.1421 -0.9796 -0.1421
vn 0.1671 0.9796 -0.1117
vn 0.3225 0.9217 -0.2155
vn 0.4654 0.8286 -0.3110
vn 0.5905 0.7041 -0.3945
vn 0.6929 0.5528 -0.4630
vn 0.7689 0.3805 -0.5138
vn 0.8157 0.1939 -0.5450
vn 0.8315 -0.0000 -0.5556
vn 0.8157 -0.1939 -0.5450
vn 0.7689 -0.3805 -0.5138
vn 0.6929 -0.5528 -0.4630
vn 0.5905 -0.7041 -0.3945
vn 0.4654 -0.8286 -0.3110
vn 0.3225 -0.9217 -0.2155
vn 0.1671 -0.9796 -0.1117
vn -0.0000 1.0000 -0.0000
vn 0.1857 0.9796 -0.0769
vn 0.3584 0.9217 -0.1484
vn 0.5172 0.8286 -0.2142
vn 0.6561 0.7041 -0.2718
vn 0.7699 0.5528 -0.3189
vn 0.8544 0.3805 -0.3539
vn 0.9063 0.1939 -0.3754
vn 0.9239 -0.0000 -0.3827
vn 0.9063 -0.1939 -0.3754
vn 0.8544 -0.3805 -0.3539
vn 0.7699 -0.5528 -0.3189
vn 0.6561 -0.7041 -0.2718
vn 0.5172 -0.8286 -0.2142
vn 0.3584 -0.9217 -0.1484
vn 0.1857 -0.9796 -0.0769
vn 0.1971 0.9796 -0.0392
vn 0.3804 0.9217 -0.0757
vn 0.5490 0.8286 -0.1092
vn 0.6965 0.7041 -0.1385
vn 0.8173 0.5528 -0.1626
vn 0.9070 0.3805 -0.1804
vn 0.9622 0.1939 -0.1914
vn 0.9808 -0.0000 -0.1951
vn 0.9622 -0.1939 -0.1914
vn 0.9070 -0.3805 -0.1804
vn 0.8173 -0.5528 -0.1626
vn 0.6965 -0.7041 -0.1385
vn 0.5490 -0.8286 -0.1092
vn 0.3804 -0.9217 -0.0757
vn 0.1971 -0.9796 -0.0392
vn 0.2010 0.9796 -0.0000
vn 0.3879 0.9217 -0.0000
vn 0.5598 0.8286 -0.0000
vn 0.7101 0.7041 -0.0000
vn 0.8333 0.5528 -0.0000
vn 0.9248 0.3805 -0.0000
vn 0.9810 0.1939 -0.0000
vn 1.0000 -0.0000 -0.0000
vn 0.9810 -0.1939 -0.0000
vn 0.9248 -0.3805 -0.0000
vn 0.8333 -0.5528 -0.0000
vn 0.7101 -0.7041 -0.0000
vn 0.5598 -0.8286 -0.0000
vn 0.3879 -0.9217 -0.0000
vn 0.2010 -0.9796 -0.0000
vn 0.1971 0.9796 0.0392
vn 0.3804 0.9217 0.0757
vn 0.5490 0.8286 0.1092
vn 0.6965 0.7041 0.1385
vn 0.8173 0.5528 0.1626
vn 0.9070 0.3805 0.1804
vn 0.9622 0.1939 0.1914
vn 0.9808 -0.0000 0.1951
vn 0.9622 -0.1939 0.1914
vn 0.9070 -0.3805 0.1804
vn 0.8173 -0.5528 0.1626
vn 0.6965 -0.7041 0.1385
vn 0.5490 -0.8286 0.1092
vn 0.3804 -0.9217 0.0757
vn 0.1971 -0.9796 0.0392
vn 0.1857 0.9796 0.0769
vn 0.3584 0.9217 0.1484
vn 0.5172 0.8286 0.2142
vn 0.6561 0.7041 0.2718
vn 0.7699 0.5528 0.3189
vn 0.8544 0.3805 0.3539
vn 0.9063 0.1939 0.3754
vn 0.9239 -0.0000 0.3827
vn 0.9063 -0.1939 0.3754
vn 0.8544 -0.3805 0.3539
vn 0.7699 -0.5528 0.3189
vn 0.6561 -0.7041 0.2718
vn 0.5172 -0.8286 0.2142
vn 0.3584 -0.9217 0.1484
vn 0.1857 -0.9796 0.0769
vn 0.1671 0.9796 0.1117
vn 0.3225 0.9217 0.2155
vn 0.4654 0.8286 0.3110
vn 0.5905 0.7041 0.3945
vn 0.6929 0.5528 0.4630
vn 0.7689 0.3805 0.5138
vn 0.8157 0.1939 0.5450
vn 0.8315 -0.0000 0.5556
vn 0.8157 -0.1939 0.5450
vn 0.7689 -0.3805 0.5138
vn 0.6929 -0.5528 0.4630
vn 0.5905 -0.7041 0.3945
vn 0.4654 -0.8286 0.3110
vn 0.3225 -0.9217 0.2155
vn 0.1671 -0.9796 0.1117
vn 0.1421 0.9796 0.1421
vn 0.2743 0.9217 0.2743
vn 0.3958 0.8286 0.3958
vn 0.5021 0.7041 0.5021
vn 0.5893 0.5528 0.5893
vn 0.6539 0.3805 0.6539
vn 0.6937 0.1939 0.6937
vn 0.7071 -0.0000 0.7071
vn 0.6937 -0.1939 0.6937
vn 0.6539 -0.3805 0.6539
vn 0.5893 -0.5528 0.5893
vn 0.5021 -0.7041 0.5021
vn 0.3958 -0.8286 0.3958
vn 0.2743 -0.9217 0.2743
vn 0.1421 -0.9796 0.1421
vn 0.1117 0.9796 0.1671
vn 0.2155 0.9217 0.3225
vn 0.3110 0.8286 0.4654
vn 0.3945 0.7041 0.5905
vn 0.4630 0.5528 0.6929
vn 0.5138 0.3805 0.7689
vn 0.5450 0.1939 0.8157
vn 0.5556 -0.0000 0.8315
vn 0.5450 -0.1939 0.8157
vn 0.5138 -0.3805 0.7689
vn 0.4630 -0.5528 0.6929
vn 0.3945 -0.7041 0.5905
vn 0.3110 -0.8286 0.4654
vn 0.2155 -0.9217 0.3225
vn 0.1117 -0.9796 0.1671
vn 0.0769 0.9796 0.1857
vn 0.1484 0.9217 0.3584
vn 0.2142 0.8286 0.5172
vn 0.2718 0.7041 0.6561
vn 0.3189 0.5528 0.7699
vn 0.3539 0.3805 0.8544
vn 0.3754 0.1939 0.9063
vn 0.3827 -0.0000 0.9239
vn 0.3754 -0.1939 0.9063
vn 0.3539 -0.3805 0.8544
vn 0.3189 -0.5528 0.7699
vn 0.2718 -0.7041 0.6561
vn 0.2142 -0.8286 0.5172
vn 0.1484 -0.9217 0.3584
vn 0.0769 -0.9796 0.1857
vn 0.0392 0.9796 0.1971
vn 0.0757 0.9217 0.3804
vn 0.1092 0.8286 0.5490
vn 0.1385 0.7041 0.6965
vn 0.1626 0.5528 0.8173
vn 0.1804 0.3805 0.9070
vn 0.1914 0.1939 0.9622
vn 0.1951 -0.0000 0.9808
vn 0.1914 -0.1939 0.9622
vn 0.1804 -0.3805 0.9070
vn 0.1626 -0.5528 0.8173
vn 0.1385 -0.7041 0.6965
vn 0.1092 -0.8286 0.5490
vn 0.0757 -0.9217 0.3804
vn 0.0392 -0.9796 0.1971
vn -0.0000 0.9796 0.2010
vn -0.0000 0.9217 0.3879
vn -0.0000 0.8286 0.5598
vn -0.0000 0.7041 0.7101
vn -0.0000 0.5528 0.8333
vn -0.0000 0.3805 0.9248
vn -0.0000 0.1939 0.9810
vn -0.0000 -0.0000 1.0000
vn -0.0000 -0.1939 0.9810
vn -0.0000 -0.3805 0.9248
vn -0.0000 -0.5528 0.8333
vn -0.0000 -0.7041 0.7101
vn -0.0000 -0.8286 0.5598
vn -0.0000 -0.9217 0.3879
vn -0.0000 -0.9796 0.2010
vn -0.0392 0.9796 0.1971
vn -0.0757 0.9217 0.3804
vn -0.1092 0.8286 0.5490
vn -0.1385 0.7041 0.6965
vn -0.1626 0.5528 0.8173
vn -0.1804 0.3805 0.9070
vn -0.1914 0.1939 0.9622
vn -0.1951 -0.0000 0.9808
vn -0.1914 -0.1939 0.9622
vn -0.1804 -0.3805 0.9070
vn -0.1626 -0.5528 0.8173
vn -0.1385 -0.7041 0.6965
vn -0.1092 -0.8286 0.5490
vn -0.0757 -0.9217 0.3804
vn -0.0392 -0.9796 0.1971
vn -0.0769 0.9796 0.1857
vn -0.1484 0.9217 0.3584
vn -0.2142 0.8286 0.5172
vn -0.2718 0.7041 0.6561
vn -0.3189 0.5528 0.7699
vn -0.3539 0.3805 0.8544
vn -0.3754 0.1939 0.9063
vn -0.3827 -0.0000 0.9239
vn -0.3754 -0.1939 0.9063
vn -0.3539 -0.3805 0.8544
vn -0.3189 -0.5528 0.7699
vn -0.2718 -0.7041 0.6561
vn -0.2142 -0.8286 0.5172
vn -0.1484 -0.9217 0.3584
vn -0.0769 -0.9796 0.1857
vn -0.1117 0.9796 0.1671
vn -0.2155 0.9217 0.3225
vn -0.3110 0.8286 0.4654
vn -0.3945 0.7041 0.5905
vn -0.4630 0.5528 0.6929
vn -0.5138 0.3805 0.7689
vn -0.5450 0.1939 0.8157
vn -0.5556 -0.0000 0.8315
vn -0.5450 -0.1939 0.8157
vn -0.5138 -0.3805 0.7689
vn -0.4630 -0.5528 0.6929
vn -0.3945 -0.7041 0.5905
vn -0.3110 -0.8286 0.4654
vn -0.2155 -0.9217 0.3225
vn -0.1117 -0.9796 0.1671
vn -0.1421 0.9796 0.1421
vn -0.2743 0.9217 0.2743
vn -0.3958 0.8286 0.3958
vn -0.5021 0.7041 0.5021
vn -0.5893 0.5528 0.5893
vn -0.6539 0.3805 0.6539
vn -0.6937 0.1939 0.6937
vn -0.7071 -0.0000 0.7071
vn -0.6937 -0.1939 0.6937
vn -0.6539 -0.3805 0.6539
vn -0.5893 -0.5528 0.5893
vn -0.5021 -0.7041 0.5021
vn -0.3958 -0.8286 0.3958
vn -0.2743 -0.9217 0.2743
vn -0.1421 -0.9796 0.1421
vn -0.0000 -1.0000 -0.0000
vn -0.1671 0.9796 0.1117
vn -0.3225 0.9217 0.2155
vn -0.4654 0.8286 0.3110
vn -0.5905 0.7041 0.3945
vn -0.6929 0.5528 0.4630
vn -0.7689 0.3805 0.5138
vn -0.8157 0.1939 0.5450
vn -0.8315 -0.0000 0.5556
vn -0.8157 -0.1939 0.5450
vn -0.7689 -0.3805 0.5138
vn -0.6929 -0.5528 0.4630
vn -0.5905 -0.7041 0.3945
vn -0.4654 -0.8286 0.3110
vn -0.3225 -0.9217 0.2155
vn -0.1671 -0.9796 0.1117
vn -0.1857 0.9796 0.0769
vn -0.3584 0.9217 0.1484
vn -0.5172 0.8286 0.2142
vn -0.6561 0.7041 0.2718
vn -0.7699 0.5528 0.3189
vn -0.8544 0.3805 0.3539
vn -0.9063 0.1939 0.3754
vn -0.9239 -0.0000 0.3827
vn -0.9063 -0.1939 0.3754
vn -0.8544 -0.3805 0.3539
vn -0.7699 -0.5528 0.3189
vn -0.6561 -0.7041 0.2718
vn -0.5172 -0.8286 0.2142
vn -0.3584 -0.9217 0.1484
vn -0.1857 -0.9796 0.0769
vn -0.1971 0.9796 0.0392
vn -0.3804 0.9217 0.0757
vn -0.5490 0.8286 0.1092
vn -0.6965 0.7041 0.1385
vn -0.8173 0.5528 0.1626
vn -0.9070 0.3805 0.1804
vn -0.9622 0.1939 0.1914
vn -0.9808 -0.0000 0.1951
vn -0.9622 -0.1939 0.1914
vn -0.9070 -0.3805 0.1804
vn -0.8173 -0.5528 0.1626
vn -0.6965 -0.7041 0.1385
vn -0.5490 -0.8286 0.1092
vn -0.3804 -0.9217 0.0757
vn -0.1971 -0.9796 0.0392
vn -0.2010 0.9796 -0.0000
vn -0.3879 0.9217 -0.0000
vn -0.5598 0.8286 -0.0000
vn -0.7101 0.7041 -0.0000
vn -0.8333 0.5528 -0.0000
vn -0.9248 0.3805 -0.0000
vn -0.9810 0.1939 -0.0000
vn -1.0000 -0.0000 -0.0000
vn -0.9810 -0.1939 -0.0000
vn -0.9248 -0.3805 -0.0000
vn -0.8333 -0.5528 -0.0000
vn -0.7101 -0.7041 -0.0000
vn -0.5598 -0.8286 -0.0000
vn -0.3879 -0.9217 -0.0000
vn -0.2010 -0.9796 -0.0000
vn -0.1971 0.9796 -0.0392
vn -0.3804 0.9217 -0.0757
vn -0.5490 0.8286 -0.1092
vn -0.6965 0.7041 -0.1385
vn -0.8173 0.5528 -0.1626
vn -0.9070 0.3805 -0.1804
vn -0.9622 0.1939 -0.1914
vn -0.9808 -0.0000 -0.1951
vn -0.9622 -0.1939 -0.1914
vn -0.9070 -0.3805 -0.1804
vn -0.8173 -0.5528 -0.1626
vn -0.6965 -0.7041 -0.1385
vn -0.5490 -0.8286 -0.1092
vn -0.3804 -0.9217 -0.0757
vn -0.1971 -0.9796 -0.0392
vn -0.1857 0.9796 -0.0769
vn -0.3584 0.9217 -0.1484
vn -0.5172 0.8286 -0.2142
vn -0.6561 0.7041 -0.2718
vn -0.7699 0.5528 -0.3189
vn -0.8544 0.3805 -0.3539
vn -0.9063 0.1939 -0.3754
vn -0.9239 -0.0000 -0.3827
vn -0.9063 -0.1939 -0.3754
vn -0.8544 -0.3805 -0.3539
vn -0.7699 -0.5528 -0.3189
vn -0.6561 -0.7041 -0.2718
vn -0.5172 -0.8286 -0.2142
vn -0.3584 -0.9217 -0.1484
vn -0.1857 -0.9796 -0.0769
vn -0.1671 0.9796 -0.1117
vn -0.3225 0.9217 -0.2155
vn -0.4654 0.8286 -0.3110
vn -0.5905 0.7041 -0.3945
vn -0.6929 0.5528 -0.4630
vn -0.7689 0.3805 -0.5138
vn -0.8157 0.1939 -0.5450
vn -0.8315 -0.0000 -0.5556
vn -0.8157 -0.1939 -0.5450
vn -0.7689 -0.3805 -0.5138
vn -0.6929 -0.5528 -0.4630
vn -0.5905 -0.7041 -0.3945
vn -0.4654 -0.8286 -0.3110
vn -0.3225 -0.9217 -0.2155
vn -0.1671 -0.9796 -0.1117
vn -0.1421 0.9796 -0.1421
vn -0.2743 0.9217 -0.2743
vn -0.3958 0.8286 -0.3958
vn -0.5021 0.7041 -0.5021
vn -0.5893 0.5528 -0.5893
vn -0.6539 0.3805 -0.6539
vn -0.6937 0.1939 -0.6937
vn -0.7071 -0.0000 -0.7071
vn -0.6937 -0.1939 -0.6937
vn -0.6539 -0.3805 -0.6539
vn -0.5893 -0.5528 -0.5893
vn -0.5021 -0.7041 -0.5021
vn -0.3958 -0.8286 -0.3958
vn -0.2743 -0.9217 -0.2743
vn -0.1421 -0.9796 -0.1421
vn -0.1117 0.9796 -0.1671
vn -0.2155 0.9217 -0.3225
vn -0.3110 0.8286 -0.4654
vn -0.3945 0.7041 -0.5905
vn -0.4630 0.5528 -0.6929
vn -0.5138 0.3805 -0.7689
vn -0.5450 0.1939 -0.8157
vn -0.5556 -0.0000 -0.8315
vn -0.5450 -0.1939 -0.8157
vn -0.5138 -0.3805 -0.7689
vn -0.4630 -0.5528 -0.6929
vn -0.3945 -0.7041 -0.5905
vn -0.3110 -0.8286 -0.4654
vn -0.2155 -0.9217 -0.3225
vn -0.1117 -0.9796 -0.1671
vn -0.0769 0.9796 -0.1857
vn -0.1484 0.9217 -0.3584
vn -0.2142 0.8286 -0.5172
vn -0.2718 0.7041 -0.6561
vn -0.3189 0.5528 -0.7699
vn -0.3539 0.3805 -0.8544
vn -0.3754 0.1939 -0.9063
vn -0.3827 -0.0000 -0.9239
vn -0.3754 -0.1939 -0.9063
vn -0.3539 -0.3805 -0.8544
vn -0.3189 -0.5528 -0.7699
vn -0.2718 -0.7041 -0.6561
vn -0.2142 -0.8286 -0.5172
vn -0.1484 -0.9217 -0.3584
vn -0.0769 -0.9796 -0.1857
vn -0.0392 0.9796 -0.1971
vn -0.0757 0.9217 -0.3804
vn -0.1092 0.8286 -0.5490
vn -0.1385 0.7041 -0.6965
vn -0.1626 0.5528 -0.8173
vn -0.1804 0.3805 -0.9070
vn -0.1914 0.1939 -0.9622
vn -0.1951 -0.0000 -0.9808
vn -0.1914 -0.1939 -0.9622
vn -0.1804 -0.3805 -0.9070
vn -0.1626 -0.5528 -0.8173
vn -0.1385 -0.7041 -0.6965
vn -0.1092 -0.8286 -0.5490
vn -0.0757 -0.9217 -0.3804
vn -0.0392 -0.9796 -0.1971
vn -0.0000 0.9796 -0.2010
vn -0.0000 0.9217 -0.3879
vn -0.0000 0.7041 -0.7101
vn -0.0000 0.3805 -0.9248
vn -0.0000 -0.3805 -0.9248
vn -0.0000 -0.7041 -0.7101
vn -0.0000 -0.8286 -0.5598
vn -0.0000 -0.9217 -0.3879
vn -0.0000 -0.9796 -0.2010
vt 0.750000 0.500000
vt 0.750000 0.562500
vt 0.718750 0.562500
vt 0.718750 0.500000
vt 0.750000 0.937500
vt 0.734375 1.000000
vt 0.718750 0.937500
vt 0.734375 0.000000
vt 0.750000 0.062500
vt 0.718750 0.062500
vt 0.750000 0.437500
vt 0.718750 0.437500
vt 0.750000 0.875000
vt 0.718750 0.875000
vt 0.750000 0.375000
vt 0.718750 0.375000
vt 0.750000 0.812500
vt 0.718750 0.812500
vt 0.750000 0.312500
vt 0.718750 0.312500
vt 0.750000 0.750000
vt 0.718750 0.750000
vt 0.750000 0.250000
vt 0.718750 0.250000
vt 0.750000 0.687500
vt 0.718750 0.687500
vt 0.750000 0.187500
vt 0.718750 0.187500
vt 0.750000 0.625000
vt 0.718750 0.625000
vt 0.750000 0.125000
vt 0.718750 0.125000
vt 0.687500 0.187500
vt 0.687500 0.125000
vt 0.687500 0.625000
vt 0.687500 0.562500
vt 0.687500 0.062500
vt 0.687500 0.500000
vt 0.703125 1.000000
vt 0.687500 0.937500
vt 0.703125 0.000000
vt 0.687500 0.437500
vt 0.687500 0.875000
vt 0.687500 0.375000
vt 0.687500 0.812500
vt 0.687500 0.312500
vt 0.687500 0.750000
vt 0.687500 0.250000
vt 0.687500 0.687500
vt 0.656250 0.375000
vt 0.656250 0.312500
vt 0.656250 0.812500
vt 0.656250 0.750000
vt 0.656250 0.250000
vt 0.656250 0.687500
vt 0.656250 0.187500
vt 0.656250 0.625000
vt 0.656250 0.125000
vt 0.656250 0.562500
vt 0.656250 0.062500
vt 0.656250 0.500000
vt 0.671875 1.000000
vt 0.656250 0.937500
vt 0.671875 0.000000
vt 0.656250 0.437500
vt 0.656250 0.875000
vt 0.625000 0.125000
vt 0.625000 0.062500
vt 0.625000 0.562500
vt 0.625000 0.500000
vt 0.640625 1.000000
vt 0.625000 0.937500
vt 0.640625 0.000000
vt 0.625000 0.437500
vt 0.625000 0.875000
vt 0.625000 0.375000
vt 0.625000 0.812500
vt 0.625000 0.312500
vt 0.625000 0.750000
vt 0.625000 0.250000
vt 0.625000 0.687500
vt 0.625000 0.187500
vt 0.625000 0.625000
vt 0.593750 0.812500
vt 0.593750 0.750000
vt 0.593750 0.312500
vt 0.593750 0.250000
vt 0.593750 0.687500
vt 0.593750 0.187500
vt 0.593750 0.625000
vt 0.593750 0.125000
vt 0.593750 0.562500
vt 0.593750 0.062500
vt 0.593750 0.500000
vt 0.609375 1.000000
vt 0.593750 0.937500
vt 0.609375 0.000000
vt 0.593750 0.437500
vt 0.593750 0.875000
vt 0.593750 0.375000
vt 0.562500 0.562500
vt 0.562500 0.500000
vt 0.578125 1.000000
vt 0.562500 0.937500
vt 0.578125 0.000000
vt 0.562500 0.062500
vt 0.562500 0.437500
vt 0.562500 0.875000
vt 0.562500 0.375000
vt 0.562500 0.812500
vt 0.562500 0.312500
vt 0.562500 0.750000
vt 0.562500 0.250000
vt 0.562500 0.687500
vt 0.562500 0.187500
vt 0.562500 0.625000
vt 0.562500 0.125000
vt 0.531250 0.312500
vt 0.531250 0.250000
vt 0.531250 0.750000
vt 0.531250 0.687500
vt 0.531250 0.187500
vt 0.531250 0.625000
vt 0.531250 0.125000
vt 0.531250 0.562500
vt 0.531250 0.062500
vt 0.531250 0.500000
vt 0.546875 1.000000
vt 0.531250 0.937500
vt 0.546875 0.000000
vt 0.531250 0.437500
vt 0.531250 0.875000
vt 0.531250 0.375000
vt 0.531250 0.812500
vt 0.515625 1.000000
vt 0.500000 0.937500
vt 0.515625 0.000000
vt 0.500000 0.062500
vt 0.500000 0.500000
vt 0.500000 0.437500
vt 0.500000 0.875000
vt 0.500000 0.375000
vt 0.500000 0.812500
vt 0.500000 0.312500
vt 0.500000 0.750000
vt 0.500000 0.250000
vt 0.500000 0.687500
vt 0.500000 0.187500
vt 0.500000 0.625000
vt 0.500000 0.125000
vt 0.500000 0.562500
vt 0.468750 0.750000
vt 0.468750 0.687500
vt 0.468750 0.250000
vt 0.468750 0.187500
vt 0.468750 0.625000
vt 0.468750 0.125000
vt 0.468750 0.562500
vt 0.468750 0.062500
vt 0.468750 0.500000
vt 0.484375 1.000000
vt 0.468750 0.937500
vt 0.484375 0.000000
vt 0.468750 0.437500
vt 0.468750 0.875000
vt 0.468750 0.375000
vt 0.468750 0.812500
vt 0.468750 0.312500
vt 0.437500 0.500000
vt 0.437500 0.437500
vt 0.437500 0.937500
vt 0.437500 0.875000
vt 0.437500 0.375000
vt 0.437500 0.812500
vt 0.437500 0.312500
vt 0.437500 0.750000
vt 0.437500 0.250000
vt 0.437500 0.687500
vt 0.437500 0.187500
vt 0.437500 0.625000
vt 0.437500 0.125000
vt 0.437500 0.562500
vt 0.437500 0.062500
vt 0.453125 1.000000
vt 0.453125 0.000000
vt 0.406250 0.250000
vt 0.406250 0.187500
vt 0.406250 0.687500
vt 0.406250 0.625000
vt 0.406250 0.125000
vt 0.406250 0.562500
vt 0.406250 0.062500
vt 0.406250 0.500000
vt 0.421875 1.000000
vt 0.406250 0.937500
vt 0.421875 0.000000
vt 0.406250 0.437500
vt 0.406250 0.875000
vt 0.406250 0.375000
vt 0.406250 0.812500
vt 0.406250 0.312500
vt 0.406250 0.750000
vt 0.375000 0.437500
vt 0.375000 0.375000
vt 0.375000 0.875000
vt 0.375000 0.812500
vt 0.375000 0.312500
vt 0.375000 0.750000
vt 0.375000 0.250000
vt 0.375000 0.687500
vt 0.375000 0.187500
vt 0.375000 0.625000
vt 0.375000 0.125000
vt 0.375000 0.562500
vt 0.375000 0.062500
vt 0.375000 0.500000
vt 0.390625 1.000000
vt 0.375000 0.937500
vt 0.390625 0.000000
vt 0.343750 0.187500
vt 0.343750 0.125000
vt 0.343750 0.625000
vt 0.343750 0.562500
vt 0.343750 0.062500
vt 0.343750 0.500000
vt 0.359375 1.000000
vt 0.343750 0.937500
vt 0.359375 0.000000
vt 0.343750 0.437500
vt 0.343750 0.875000
vt 0.343750 0.375000
vt 0.343750 0.812500
vt 0.343750 0.312500
vt 0.343750 0.750000
vt 0.343750 0.250000
vt 0.343750 0.687500
vt 0.312500 0.875000
vt 0.312500 0.812500
vt 0.312500 0.375000
vt 0.312500 0.312500
vt 0.312500 0.750000
vt 0.312500 0.250000
vt 0.312500 0.687500
vt 0.312500 0.187500
vt 0.312500 0.625000
vt 0.312500 0.125000
vt 0.312500 0.562500
vt 0.312500 0.062500
vt 0.312500 0.500000
vt 0.328125 1.000000
vt 0.312500 0.937500
vt 0.328125 0.000000
vt 0.312500 0.437500
vt 0.281250 0.625000
vt 0.281250 0.562500
vt 0.281250 0.125000
vt 0.281250 0.062500
vt 0.281250 0.500000
vt 0.296875 1.000000
vt 0.281250 0.937500
vt 0.296875 0.000000
vt 0.281250 0.437500
vt 0.281250 0.875000
vt 0.281250 0.375000
vt 0.281250 0.812500
vt 0.281250 0.312500
vt 0.281250 0.750000
vt 0.281250 0.250000
vt 0.281250 0.687500
vt 0.281250 0.187500
vt 0.250000 0.375000
vt 0.250000 0.312500
vt 0.250000 0.812500
vt 0.250000 0.750000
vt 0.250000 0.250000
vt 0.250000 0.687500
vt 0.250000 0.187500
vt 0.250000 0.625000
vt 0.250000 0.125000
vt 0.250000 0.562500
vt 0.250000 0.062500
vt 0.250000 0.500000
vt 0.265625 1.000000
vt 0.250000 0.937500
vt 0.265625 0.000000
vt 0.250000 0.437500
vt 0.250000 0.875000
vt 0.218750 0.125000
vt 0.218750 0.062500
vt 0.218750 0.562500
vt 0.218750 0.500000
vt 0.234375 1.000000
vt 0.218750 0.937500
vt 0.234375 0.000000
vt 0.218750 0.437500
vt 0.218750 0.875000
vt 0.218750 0.375000
vt 0.218750 0.812500
vt 0.218750 0.312500
vt 0.218750 0.750000
vt 0.218750 0.250000
vt 0.218750 0.687500
vt 0.218750 0.187500
vt 0.218750 0.625000
vt 0.187500 0.812500
vt 0.187500 0.750000
vt 0.187500 0.312500
vt 0.187500 0.250000
vt 0.187500 0.687500
vt 0.187500 0.187500
vt 0.187500 0.625000
vt 0.187500 0.125000
vt 0.187500 0.562500
vt 0.187500 0.062500
vt 0.187500 0.500000
vt 0.203125 1.000000
vt 0.187500 0.937500
vt 0.203125 0.000000
vt 0.187500 0.437500
vt 0.187500 0.875000
vt 0.187500 0.375000
vt 0.156250 0.562500
vt 0.156250 0.500000
vt 0.171875 1.000000
vt 0.156250 0.937500
vt 0.171875 0.000000
vt 0.156250 0.062500
vt 0.156250 0.437500
vt 0.156250 0.875000
vt 0.156250 0.375000
vt 0.156250 0.812500
vt 0.156250 0.312500
vt 0.156250 0.750000
vt 0.156250 0.250000
vt 0.156250 0.687500
vt 0.156250 0.187500
vt 0.156250 0.625000
vt 0.156250 0.125000
vt 0.125000 0.312500
vt 0.125000 0.250000
vt 0.125000 0.750000
vt 0.125000 0.687500
vt 0.125000 0.187500
vt 0.125000 0.625000
vt 0.125000 0.125000
vt 0.125000 0.562500
vt 0.125000 0.062500
vt 0.125000 0.500000
vt 0.140625 1.000000
vt 0.125000 0.937500
vt 0.140625 0.000000
vt 0.125000 0.437500
vt 0.125000 0.875000
vt 0.125000 0.375000
vt 0.125000 0.812500
vt 0.109375 0.000000
vt 0.093750 0.062500
vt 0.093750 0.500000
vt 0.093750 0.437500
vt 0.093750 0.937500
vt 0.093750 0.875000
vt 0.093750 0.375000
vt 0.093750 0.812500
vt 0.093750 0.312500
vt 0.093750 0.750000
vt 0.093750 0.250000
vt 0.093750 0.687500
vt 0.093750 0.187500
vt 0.093750 0.625000
vt 0.093750 0.125000
vt 0.093750 0.562500
vt 0.109375 1.000000
vt 0.062500 0.250000
vt 0.062500 0.187500
vt 0.062500 0.687500
vt 0.062500 0.625000
vt 0.062500 0.125000
vt 0.062500 0.562500
vt 0.062500 0.062500
vt 0.062500 0.500000
vt 0.078125 1.000000
vt 0.062500 0.937500
vt 0.078125 0.000000
vt 0.062500 0.437500
vt 0.062500 0.875000
vt 0.062500 0.375000
vt 0.062500 0.812500
vt 0.062500 0.312500
vt 0.062500 0.750000
vt 0.031250 0.937500
vt 0.031250 0.875000
vt 0.031250 0.437500
vt 0.031250 0.375000
vt 0.031250 0.812500
vt 0.031250 0.312500
vt 0.031250 0.750000
vt 0.031250 0.250000
vt 0.031250 0.687500
vt 0.031250 0.187500
vt 0.031250 0.625000
vt 0.031250 0.125000
vt 0.031250 0.562500
vt 0.031250 0.062500
vt 0.031250 0.500000
vt 0.046875 1.000000
vt 0.046875 0.000000
vt 0.000000 0.687500
vt 0.000000 0.625000
vt 0.000000 0.187500
vt 0.000000 0.125000
vt 0.000000 0.562500
vt 0.000000 0.062500
vt 0.000000 0.500000
vt 0.015625 1.000000
vt 0.000000 0.937500
vt 0.015625 0.000000
vt 0.000000 0.437500
vt 0.000000 0.875000
vt 0.000000 0.375000
vt 0.000000 0.812500
vt 0.000000 0.312500
vt 0.000000 0.750000
vt 0.000000 0.250000
vt 1.000000 0.375000
vt 1.000000 0.437500
vt 0.968750 0.437500
vt 0.968750 0.375000
vt 1.000000 0.812500
vt 1.000000 0.875000
vt 0.968750 0.875000
vt 0.968750 0.812500
vt 1.000000 0.312500
vt 0.968750 0.312500
vt 1.000000 0.750000
vt 0.968750 0.750000
vt 1.000000 0.250000
vt 0.968750 0.250000
vt 1.000000 0.687500
vt 0.968750 0.687500
vt 1.000000 0.187500
vt 0.968750 0.187500
vt 1.000000 0.625000
vt 0.968750 0.625000
vt 1.000000 0.125000
vt 0.968750 0.125000
vt 1.000000 0.562500
vt 0.968750 0.562500
vt 1.000000 0.062500
vt 0.968750 0.062500
vt 1.000000 0.500000
vt 0.968750 0.500000
vt 1.000000 0.937500
vt 0.984375 1.000000
vt 0.968750 0.937500
vt 0.984375 0.000000
vt 0.937500 0.187500
vt 0.937500 0.125000
vt 0.937500 0.625000
vt 0.937500 0.562500
vt 0.937500 0.062500
vt 0.937500 0.500000
vt 0.953125 1.000000
vt 0.937500 0.937500
vt 0.953125 0.000000
vt 0.937500 0.437500
vt 0.937500 0.875000
vt 0.937500 0.375000
vt 0.937500 0.812500
vt 0.937500 0.312500
vt 0.937500 0.750000
vt 0.937500 0.250000
vt 0.937500 0.687500
vt 0.906250 0.875000
vt 0.906250 0.812500
vt 0.906250 0.375000
vt 0.906250 0.312500
vt 0.906250 0.750000
vt 0.906250 0.250000
vt 0.906250 0.687500
vt 0.906250 0.187500
vt 0.906250 0.625000
vt 0.906250 0.125000
vt 0.906250 0.562500
vt 0.906250 0.062500
vt 0.906250 0.500000
vt 0.921875 1.000000
vt 0.906250 0.937500
vt 0.921875 0.000000
vt 0.906250 0.437500
vt 0.875000 0.625000
vt 0.875000 0.562500
vt 0.875000 0.125000
vt 0.875000 0.062500
vt 0.875000 0.500000
vt 0.890625 1.000000
vt 0.875000 0.937500
vt 0.890625 0.000000
vt 0.875000 0.437500
vt 0.875000 0.875000
vt 0.875000 0.375000
vt 0.875000 0.812500
vt 0.875000 0.312500
vt 0.875000 0.750000
vt 0.875000 0.250000
vt 0.875000 0.687500
vt 0.875000 0.187500
vt 0.843750 0.375000
vt 0.843750 0.312500
vt 0.843750 0.812500
vt 0.843750 0.750000
vt 0.843750 0.250000
vt 0.843750 0.687500
vt 0.843750 0.187500
vt 0.843750 0.625000
vt 0.843750 0.125000
vt 0.843750 0.562500
vt 0.843750 0.062500
vt 0.843750 0.500000
vt 0.859375 1.000000
vt 0.843750 0.937500
vt 0.859375 0.000000
vt 0.843750 0.437500
vt 0.843750 0.875000
vt 0.812500 0.125000
vt 0.812500 0.062500
vt 0.812500 0.562500
vt 0.812500 0.500000
vt 0.828125 1.000000
vt 0.812500 0.937500
vt 0.828125 0.000000
vt 0.812500 0.437500
vt 0.812500 0.875000
vt 0.812500 0.375000
vt 0.812500 0.812500
vt 0.812500 0.312500
vt 0.812500 0.750000
vt 0.812500 0.250000
vt 0.812500 0.687500
vt 0.812500 0.187500
vt 0.812500 0.625000
vt 0.781250 0.312500
vt 0.781250 0.250000
vt 0.781250 0.750000
vt 0.781250 0.687500
vt 0.781250 0.187500
vt 0.781250 0.625000
vt 0.781250 0.125000
vt 0.781250 0.562500
vt 0.781250 0.062500
vt 0.781250 0.500000
vt 0.796875 1.000000
vt 0.781250 0.937500
vt 0.796875 0.000000
vt 0.781250 0.437500
vt 0.781250 0.875000
vt 0.781250 0.375000
vt 0.781250 0.812500
vt 0.765625 1.000000
vt 0.765625 0.000000
s 1
f 2835/3268/2075 2834/3269/2074 2844/3270/2084 2845/3271/2085
f 3305/3272/2545 2913/3273/2153 2838/3274/2078
f 3139/3275/2379 3313/3276/2553 2852/3277/2092
f 2836/3278/2076 2835/3268/2075 2845/3271/2085 2846/3279/2086
f 3306/3280/2546 3305/3272/2545 2838/3274/2078 2839/3281/2079
f 3309/3282/2549 2836/3278/2076 2846/3279/2086 2847/3283/2087
f 2832/3284/2072 3306/3280/2546 2839/3281/2079 2840/3285/2080
f 2837/3286/2077 3309/3282/2549 2847/3283/2087 2848/3287/2088
f 3307/3288/2547 2832/3284/2072 2840/3285/2080 2841/3289/2081
f 3310/3290/2550 2837/3286/2077 2848/3287/2088 2849/3291/2089
f 2833/3292/2073 3307/3288/2547 2841/3289/2081 2842/3293/2082
f 3311/3294/2551 3310/3290/2550 2849/3291/2089 2850/3295/2090
f 3308/3296/2548 2833/3292/2073 2842/3293/2082 2843/3297/2083
f 3312/3298/2552 3311/3294/2551 2850/3295/2090 2851/3299/2091
f 2834/3269/2074 3308/3296/2548 2843/3297/2083 2844/3270/2084
f 3313/3276/2553 3312/3298/2552 2851/3299/2091 2852/3277/2092
f 2851/3299/2091 2850/3295/2090 2865/3300/2105 2866/3301/2106
f 2844/3270/2084 2843/3297/2083 2858/3302/2098 2859/3303/2099
f 2852/3277/2092 2851/3299/2091 2866/3301/2106 2867/3304/2107
f 2845/3271/2085 2844/3270/2084 2859/3303/2099 2860/3305/2100
f 2838/3274/2078 2913/3306/2153 2853/3307/2093
f 3139/3308/2379 2852/3277/2092 2867/3304/2107
f 2846/3279/2086 2845/3271/2085 2860/3305/2100 2861/3309/2101
f 2839/3281/2079 2838/3274/2078 2853/3307/2093 2854/3310/2094
f 2847/3283/2087 2846/3279/2086 2861/3309/2101 2862/3311/2102
f 2840/3285/2080 2839/3281/2079 2854/3310/2094 2855/3312/2095
f 2848/3287/2088 2847/3283/2087 2862/3311/2102 2863/3313/2103
f 2841/3289/2081 2840/3285/2080 2855/3312/2095 2856/3314/2096
f 2849/3291/2089 2848/3287/2088 2863/3313/2103 2864/3315/2104
f 2842/3293/2082 2841/3289/2081 2856/3314/2096 2857/3316/2097
f 2850/3295/2090 2849/3291/2089 2864/3315/2104 2865/3300/2105
f 2843/3297/2083 2842/3293/2082 2857/3316/2097 2858/3302/2098
f 2863/3313/2103 2862/3311/2102 2877/3317/2117 2878/3318/2118
f 2856/3314/2096 2855/3312/2095 2870/3319/2110 2871/3320/2111
f 2864/3315/2104 2863/3313/2103 2878/3318/2118 2879/3321/2119
f 2857/3316/2097 2856/3314/2096 2871/3320/2111 2872/3322/2112
f 2865/3300/2105 2864/3315/2104 2879/3321/2119 2880/3323/2120
f 2858/3302/2098 2857/3316/2097 2872/3322/2112 2873/3324/2113
f 2866/3301/2106 2865/3300/2105 2880/3323/2120 2881/3325/2121
f 2859/3303/2099 2858/3302/2098 2873/3324/2113 2874/3326/2114
f 2867/3304/2107 2866/3301/2106 2881/3325/2121 2882/3327/2122
f 2860/3305/2100 2859/3303/2099 2874/3326/2114 2875/3328/2115
f 2853/3307/2093 2913/3329/2153 2868/3330/2108
f 3139/3331/2379 2867/3304/2107 2882/3327/2122
f 2861/3309/2101 2860/3305/2100 2875/3328/2115 2876/3332/2116
f 2854/3310/2094 2853/3307/2093 2868/3330/2108 2869/3333/2109
f 2862/3311/2102 2861/3309/2101 2876/3332/2116 2877/3317/2117
f 2855/3312/2095 2854/3310/2094 2869/3333/2109 2870/3319/2110
f 2882/3327/2122 2881/3325/2121 2896/3334/2136 2897/3335/2137
f 2875/3328/2115 2874/3326/2114 2889/3336/2129 2890/3337/2130
f 2868/3330/2108 2913/3338/2153 2883/3339/2123
f 3139/3340/2379 2882/3327/2122 2897/3335/2137
f 2876/3332/2116 2875/3328/2115 2890/3337/2130 2891/3341/2131
f 2869/3333/2109 2868/3330/2108 2883/3339/2123 2884/3342/2124
f 2877/3317/2117 2876/3332/2116 2891/3341/2131 2892/3343/2132
f 2870/3319/2110 2869/3333/2109 2884/3342/2124 2885/3344/2125
f 2878/3318/2118 2877/3317/2117 2892/3343/2132 2893/3345/2133
f 2871/3320/2111 2870/3319/2110 2885/3344/2125 2886/3346/2126
f 2879/3321/2119 2878/3318/2118 2893/3345/2133 2894/3347/2134
f 2872/3322/2112 2871/3320/2111 2886/3346/2126 2887/3348/2127
f 2880/3323/2120 2879/3321/2119 2894/3347/2134 2895/3349/2135
f 2873/3324/2113 2872/3322/2112 2887/3348/2127 2888/3350/2128
f 2881/3325/2121 2880/3323/2120 2895/3349/2135 2896/3334/2136
f 2874/3326/2114 2873/3324/2113 2888/3350/2128 2889/3336/2129
f 2886/3346/2126 2885/3344/2125 2900/3351/2140 2901/3352/2141
f 2894/3347/2134 2893/3345/2133 2908/3353/2148 2909/3354/2149
f 2887/3348/2127 2886/3346/2126 2901/3352/2141 2902/3355/2142
f 2895/3349/2135 2894/3347/2134 2909/3354/2149 2910/3356/2150
f 2888/3350/2128 2887/3348/2127 2902/3355/2142 2903/3357/2143
f 2896/3334/2136 2895/3349/2135 2910/3356/2150 2911/3358/2151
f 2889/3336/2129 2888/3350/2128 2903/3357/2143 2904/3359/2144
f 2897/3335/2137 2896/3334/2136 2911/3358/2151 2912/3360/2152
f 2890/3337/2130 2889/3336/2129 2904/3359/2144 2905/3361/2145
f 2883/3339/2123 2913/3362/2153 2898/3363/2138
f 3139/3364/2379 2897/3335/2137 2912/3360/2152
f 2891/3341/2131 2890/3337/2130 2905/3361/2145 2906/3365/2146
f 2884/3342/2124 2883/3339/2123 2898/3363/2138 2899/3366/2139
f 2892/3343/2132 2891/3341/2131 2906/3365/2146 2907/3367/2147
f 2885/3344/2125 2884/3342/2124 2899/3366/2139 2900/3351/2140
f 2893/3345/2133 2892/3343/2132 2907/3367/2147 2908/3353/2148
f 2905/3361/2145 2904/3359/2144 2920/3368/2160 2921/3369/2161
f 2898/3363/2138 2913/3370/2153 2914/3371/2154
f 3139/3372/2379 2912/3360/2152 2928/3373/2168
f 2906/3365/2146 2905/3361/2145 2921/3369/2161 2922/3374/2162
f 2899/3366/2139 2898/3363/2138 2914/3371/2154 2915/3375/2155
f 2907/3367/2147 2906/3365/2146 2922/3374/2162 2923/3376/2163
f 2900/3351/2140 2899/3366/2139 2915/3375/2155 2916/3377/2156
f 2908/3353/2148 2907/3367/2147 2923/3376/2163 2924/3378/2164
f 2901/3352/2141 2900/3351/2140 2916/3377/2156 2917/3379/2157
f 2909/3354/2149 2908/3353/2148 2924/3378/2164 2925/3380/2165
f 2902/3355/2142 2901/3352/2141 2917/3379/2157 2918/3381/2158
f 2910/3356/2150 2909/3354/2149 2925/3380/2165 2926/3382/2166
f 2903/3357/2143 2902/3355/2142 2918/3381/2158 2919/3383/2159
f 2911/3358/2151 2910/3356/2150 2926/3382/2166 2927/3384/2167
f 2904/3359/2144 2903/3357/2143 2919/3383/2159 2920/3368/2160
f 2912/3360/2152 2911/3358/2151 2927/3384/2167 2928/3373/2168
f 2925/3380/2165 2924/3378/2164 2939/3385/2179 2940/3386/2180
f 2918/3381/2158 2917/3379/2157 2932/3387/2172 2933/3388/2173
f 2926/3382/2166 2925/3380/2165 2940/3386/2180 2941/3389/2181
f 2919/3383/2159 2918/3381/2158 2933/3388/2173 2934/3390/2174
f 2927/3384/2167 2926/3382/2166 2941/3389/2181 2942/3391/2182
f 2920/3368/2160 2919/3383/2159 2934/3390/2174 2935/3392/2175
f 2928/3373/2168 2927/3384/2167 2942/3391/2182 2943/3393/2183
f 2921/3369/2161 2920/3368/2160 2935/3392/2175 2936/3394/2176
f 2914/3371/2154 2913/3395/2153 2929/3396/2169
f 3139/3397/2379 2928/3373/2168 2943/3393/2183
f 2922/3374/2162 2921/3369/2161 2936/3394/2176 2937/3398/2177
f 2915/3375/2155 2914/3371/2154 2929/3396/2169 2930/3399/2170
f 2923/3376/2163 2922/3374/2162 2937/3398/2177 2938/3400/2178
f 2916/3377/2156 2915/3375/2155 2930/3399/2170 2931/3401/2171
f 2924/3378/2164 2923/3376/2163 2938/3400/2178 2939/3385/2179
f 2917/3379/2157 2916/3377/2156 2931/3401/2171 2932/3387/2172
f 2929/3396/2169 2913/3402/2153 2944/3403/2184
f 3139/3404/2379 2943/3393/2183 2958/3405/2198
f 2937/3398/2177 2936/3394/2176 2951/3406/2191 2952/3407/2192
f 2930/3399/2170 2929/3396/2169 2944/3403/2184 2945/3408/2185
f 2938/3400/2178 2937/3398/2177 2952/3407/2192 2953/3409/2193
f 2931/3401/2171 2930/3399/2170 2945/3408/2185 2946/3410/2186
f 2939/3385/2179 2938/3400/2178 2953/3409/2193 2954/3411/2194
f 2932/3387/2172 2931/3401/2171 2946/3410/2186 2947/3412/2187
f 2940/3386/2180 2939/3385/2179 2954/3411/2194 2955/3413/2195
f 2933/3388/2173 2932/3387/2172 2947/3412/2187 2948/3414/2188
f 2941/3389/2181 2940/3386/2180 2955/3413/2195 2956/3415/2196
f 2934/3390/2174 2933/3388/2173 2948/3414/2188 2949/3416/2189
f 2942/3391/2182 2941/3389/2181 2956/3415/2196 2957/3417/2197
f 2935/3392/2175 2934/3390/2174 2949/3416/2189 2950/3418/2190
f 2943/3393/2183 2942/3391/2182 2957/3417/2197 2958/3405/2198
f 2936/3394/2176 2935/3392/2175 2950/3418/2190 2951/3406/2191
f 2948/3414/2188 2947/3412/2187 2962/3419/2202 2963/3420/2203
f 2956/3415/2196 2955/3413/2195 2970/3421/2210 2971/3422/2211
f 2949/3416/2189 2948/3414/2188 2963/3420/2203 2964/3423/2204
f 2957/3417/2197 2956/3415/2196 2971/3422/2211 2972/3424/2212
f 2950/3418/2190 2949/3416/2189 2964/3423/2204 2965/3425/2205
f 2958/3405/2198 2957/3417/2197 2972/3424/2212 2973/3426/2213
f 2951/3406/2191 2950/3418/2190 2965/3425/2205 2966/3427/2206
f 2944/3403/2184 2913/3428/2153 2959/3429/2199
f 3139/3430/2379 2958/3405/2198 2973/3426/2213
f 2952/3407/2192 2951/3406/2191 2966/3427/2206 2967/3431/2207
f 2945/3408/2185 2944/3403/2184 2959/3429/2199 2960/3432/2200
f 2953/3409/2193 2952/3407/2192 2967/3431/2207 2968/3433/2208
f 2946/3410/2186 2945/3408/2185 2960/3432/2200 2961/3434/2201
f 2954/3411/2194 2953/3409/2193 2968/3433/2208 2969/3435/2209
f 2947/3412/2187 2946/3410/2186 2961/3434/2201 2962/3419/2202
f 2955/3413/2195 2954/3411/2194 2969/3435/2209 2970/3421/2210
f 2967/3431/2207 2966/3427/2206 2981/3436/2221 2982/3437/2222
f 2960/3432/2200 2959/3429/2199 2974/3438/2214 2975/3439/2215
f 2968/3433/2208 2967/3431/2207 2982/3437/2222 2983/3440/2223
f 2961/3434/2201 2960/3432/2200 2975/3439/2215 2976/3441/2216
f 2969/3435/2209 2968/3433/2208 2983/3440/2223 2984/3442/2224
f 2962/3419/2202 2961/3434/2201 2976/3441/2216 2977/3443/2217
f 2970/3421/2210 2969/3435/2209 2984/3442/2224 2985/3444/2225
f 2963/3420/2203 2962/3419/2202 2977/3443/2217 2978/3445/2218
f 2971/3422/2211 2970/3421/2210 2985/3444/2225 2986/3446/2226
f 2964/3423/2204 2963/3420/2203 2978/3445/2218 2979/3447/2219
f 2972/3424/2212 2971/3422/2211 2986/3446/2226 2987/3448/2227
f 2965/3425/2205 2964/3423/2204 2979/3447/2219 2980/3449/2220
f 2973/3426/2213 2972/3424/2212 2987/3448/2227 2988/3450/2228
f 2966/3427/2206 2965/3425/2205 2980/3449/2220 2981/3436/2221
f 2959/3429/2199 2913/3451/2153 2974/3438/2214
f 3139/3452/2379 2973/3426/2213 2988/3450/2228
f 2986/3446/2226 2985/3444/2225 3000/3453/2240 3001/3454/2241
f 2979/3447/2219 2978/3445/2218 2993/3455/2233 2994/3456/2234
f 2987/3448/2227 2986/3446/2226 3001/3454/2241 3002/3457/2242
f 2980/3449/2220 2979/3447/2219 2994/3456/2234 2995/3458/2235
f 2988/3450/2228 2987/3448/2227 3002/3457/2242 3003/3459/2243
f 2981/3436/2221 2980/3449/2220 2995/3458/2235 2996/3460/2236
f 2974/3438/2214 2913/3461/2153 2989/3462/2229
f 3139/3463/2379 2988/3450/2228 3003/3459/2243
f 2982/3437/2222 2981/3436/2221 2996/3460/2236 2997/3464/2237
f 2975/3439/2215 2974/3438/2214 2989/3462/2229 2990/3465/2230
f 2983/3440/2223 2982/3437/2222 2997/3464/2237 2998/3466/2238
f 2976/3441/2216 2975/3439/2215 2990/3465/2230 2991/3467/2231
f 2984/3442/2224 2983/3440/2223 2998/3466/2238 2999/3468/2239
f 2977/3443/2217 2976/3441/2216 2991/3467/2231 2992/3469/2232
f 2985/3444/2225 2984/3442/2224 2999/3468/2239 3000/3453/2240
f 2978/3445/2218 2977/3443/2217 2992/3469/2232 2993/3455/2233
f 2998/3466/2238 2997/3464/2237 3012/3470/2252 3013/3471/2253
f 2991/3467/2231 2990/3465/2230 3005/3472/2245 3006/3473/2246
f 2999/3468/2239 2998/3466/2238 3013/3471/2253 3014/3474/2254
f 2992/3469/2232 2991/3467/2231 3006/3473/2246 3007/3475/2247
f 3000/3453/2240 2999/3468/2239 3014/3474/2254 3015/3476/2255
f 2993/3455/2233 2992/3469/2232 3007/3475/2247 3008/3477/2248
f 3001/3454/2241 3000/3453/2240 3015/3476/2255 3016/3478/2256
f 2994/3456/2234 2993/3455/2233 3008/3477/2248 3009/3479/2249
f 3002/3457/2242 3001/3454/2241 3016/3478/2256 3017/3480/2257
f 2995/3458/2235 2994/3456/2234 3009/3479/2249 3010/3481/2250
f 3003/3459/2243 3002/3457/2242 3017/3480/2257 3018/3482/2258
f 2996/3460/2236 2995/3458/2235 3010/3481/2250 3011/3483/2251
f 2989/3462/2229 2913/3484/2153 3004/3485/2244
f 3139/3486/2379 3003/3459/2243 3018/3482/2258
f 2997/3464/2237 2996/3460/2236 3011/3483/2251 3012/3470/2252
f 2990/3465/2230 2989/3462/2229 3004/3485/2244 3005/3472/2245
f 3017/3480/2257 3016/3478/2256 3031/3487/2271 3032/3488/2272
f 3010/3481/2250 3009/3479/2249 3024/3489/2264 3025/3490/2265
f 3018/3482/2258 3017/3480/2257 3032/3488/2272 3033/3491/2273
f 3011/3483/2251 3010/3481/2250 3025/3490/2265 3026/3492/2266
f 3004/3485/2244 2913/3493/2153 3019/3494/2259
f 3139/3495/2379 3018/3482/2258 3033/3491/2273
f 3012/3470/2252 3011/3483/2251 3026/3492/2266 3027/3496/2267
f 3005/3472/2245 3004/3485/2244 3019/3494/2259 3020/3497/2260
f 3013/3471/2253 3012/3470/2252 3027/3496/2267 3028/3498/2268
f 3006/3473/2246 3005/3472/2245 3020/3497/2260 3021/3499/2261
f 3014/3474/2254 3013/3471/2253 3028/3498/2268 3029/3500/2269
f 3007/3475/2247 3006/3473/2246 3021/3499/2261 3022/3501/2262
f 3015/3476/2255 3014/3474/2254 3029/3500/2269 3030/3502/2270
f 3008/3477/2248 3007/3475/2247 3022/3501/2262 3023/3503/2263
f 3016/3478/2256 3015/3476/2255 3030/3502/2270 3031/3487/2271
f 3009/3479/2249 3008/3477/2248 3023/3503/2263 3024/3489/2264
f 3021/3499/2261 3020/3497/2260 3035/3504/2275 3036/3505/2276
f 3029/3500/2269 3028/3498/2268 3043/3506/2283 3044/3507/2284
f 3022/3501/2262 3021/3499/2261 3036/3505/2276 3037/3508/2277
f 3030/3502/2270 3029/3500/2269 3044/3507/2284 3045/3509/2285
f 3023/3503/2263 3022/3501/2262 3037/3508/2277 3038/3510/2278
f 3031/3487/2271 3030/3502/2270 3045/3509/2285 3046/3511/2286
f 3024/3489/2264 3023/3503/2263 3038/3510/2278 3039/3512/2279
f 3032/3488/2272 3031/3487/2271 3046/3511/2286 3047/3513/2287
f 3025/3490/2265 3024/3489/2264 3039/3512/2279 3040/3514/2280
f 3033/3491/2273 3032/3488/2272 3047/3513/2287 3048/3515/2288
f 3026/3492/2266 3025/3490/2265 3040/3514/2280 3041/3516/2281
f 3019/3494/2259 2913/3517/2153 3034/3518/2274
f 3139/3519/2379 3033/3491/2273 3048/3515/2288
f 3027/3496/2267 3026/3492/2266 3041/3516/2281 3042/3520/2282
f 3020/3497/2260 3019/3494/2259 3034/3518/2274 3035/3504/2275
f 3028/3498/2268 3027/3496/2267 3042/3520/2282 3043/3506/2283
f 3040/3514/2280 3039/3512/2279 3054/3521/2294 3055/3522/2295
f 3048/3515/2288 3047/3513/2287 3062/3523/2302 3063/3524/2303
f 3041/3516/2281 3040/3514/2280 3055/3522/2295 3056/3525/2296
f 3034/3518/2274 2913/3526/2153 3049/3527/2289
f 3139/3528/2379 3048/3515/2288 3063/3524/2303
f 3042/3520/2282 3041/3516/2281 3056/3525/2296 3057/3529/2297
f 3035/3504/2275 3034/3518/2274 3049/3527/2289 3050/3530/2290
f 3043/3506/2283 3042/3520/2282 3057/3529/2297 3058/3531/2298
f 3036/3505/2276 3035/3504/2275 3050/3530/2290 3051/3532/2291
f 3044/3507/2284 3043/3506/2283 3058/3531/2298 3059/3533/2299
f 3037/3508/2277 3036/3505/2276 3051/3532/2291 3052/3534/2292
f 3045/3509/2285 3044/3507/2284 3059/3533/2299 3060/3535/2300
f 3038/3510/2278 3037/3508/2277 3052/3534/2292 3053/3536/2293
f 3046/3511/2286 3045/3509/2285 3060/3535/2300 3061/3537/2301
f 3039/3512/2279 3038/3510/2278 3053/3536/2293 3054/3521/2294
f 3047/3513/2287 3046/3511/2286 3061/3537/2301 3062/3523/2302
f 3059/3533/2299 3058/3531/2298 3073/3538/2313 3074/3539/2314
f 3052/3534/2292 3051/3532/2291 3066/3540/2306 3067/3541/2307
f 3060/3535/2300 3059/3533/2299 3074/3539/2314 3075/3542/2315
f 3053/3536/2293 3052/3534/2292 3067/3541/2307 3068/3543/2308
f 3061/3537/2301 3060/3535/2300 3075/3542/2315 3076/3544/2316
f 3054/3521/2294 3053/3536/2293 3068/3543/2308 3069/3545/2309
f 3062/3523/2302 3061/3537/2301 3076/3544/2316 3077/3546/2317
f 3055/3522/2295 3054/3521/2294 3069/3545/2309 3070/3547/2310
f 3063/3524/2303 3062/3523/2302 3077/3546/2317 3078/3548/2318
f 3056/3525/2296 3055/3522/2295 3070/3547/2310 3071/3549/2311
f 3049/3527/2289 2913/3550/2153 3064/3551/2304
f 3139/3552/2379 3063/3524/2303 3078/3548/2318
f 3057/3529/2297 3056/3525/2296 3071/3549/2311 3072/3553/2312
f 3050/3530/2290 3049/3527/2289 3064/3551/2304 3065/3554/2305
f 3058/3531/2298 3057/3529/2297 3072/3553/2312 3073/3538/2313
f 3051/3532/2291 3050/3530/2290 3065/3554/2305 3066/3540/2306
f 3078/3548/2318 3077/3546/2317 3092/3555/2332 3093/3556/2333
f 3071/3549/2311 3070/3547/2310 3085/3557/2325 3086/3558/2326
f 3064/3551/2304 2913/3559/2153 3079/3560/2319
f 3139/3561/2379 3078/3548/2318 3093/3556/2333
f 3072/3553/2312 3071/3549/2311 3086/3558/2326 3087/3562/2327
f 3065/3554/2305 3064/3551/2304 3079/3560/2319 3080/3563/2320
f 3073/3538/2313 3072/3553/2312 3087/3562/2327 3088/3564/2328
f 3066/3540/2306 3065/3554/2305 3080/3563/2320 3081/3565/2321
f 3074/3539/2314 3073/3538/2313 3088/3564/2328 3089/3566/2329
f 3067/3541/2307 3066/3540/2306 3081/3565/2321 3082/3567/2322
f 3075/3542/2315 3074/3539/2314 3089/3566/2329 3090/3568/2330
f 3068/3543/2308 3067/3541/2307 3082/3567/2322 3083/3569/2323
f 3076/3544/2316 3075/3542/2315 3090/3568/2330 3091/3570/2331
f 3069/3545/2309 3068/3543/2308 3083/3569/2323 3084/3571/2324
f 3077/3546/2317 3076/3544/2316 3091/3570/2331 3092/3555/2332
f 3070/3547/2310 3069/3545/2309 3084/3571/2324 3085/3557/2325
f 3082/3567/2322 3081/3565/2321 3096/3572/2336 3097/3573/2337
f 3090/3568/2330 3089/3566/2329 3104/3574/2344 3105/3575/2345
f 3083/3569/2323 3082/3567/2322 3097/3573/2337 3098/3576/2338
f 3091/3570/2331 3090/3568/2330 3105/3575/2345 3106/3577/2346
f 3084/3571/2324 3083/3569/2323 3098/3576/2338 3099/3578/2339
f 3092/3555/2332 3091/3570/2331 3106/3577/2346 3107/3579/2347
f 3085/3557/2325 3084/3571/2324 3099/3578/2339 3100/3580/2340
f 3093/3556/2333 3092/3555/2332 3107/3579/2347 3108/3581/2348
f 3086/3558/2326 3085/3557/2325 3100/3580/2340 3101/3582/2341
f 3079/3560/2319 2913/3583/2153 3094/3584/2334
f 3139/3585/2379 3093/3556/2333 3108/3581/2348
f 3087/3562/2327 3086/3558/2326 3101/3582/2341 3102/3586/2342
f 3080/3563/2320 3079/3560/2319 3094/3584/2334 3095/3587/2335
f 3088/3564/2328 3087/3562/2327 3102/3586/2342 3103/3588/2343
f 3081/3565/2321 3080/3563/2320 3095/3587/2335 3096/3572/2336
f 3089/3566/2329 3088/3564/2328 3103/3588/2343 3104/3574/2344
f 3101/3582/2341 3100/3580/2340 3115/3589/2355 3116/3590/2356
f 3094/3584/2334 2913/3591/2153 3109/3592/2349
f 3139/3593/2379 3108/3581/2348 3123/3594/2363
f 3102/3586/2342 3101/3582/2341 3116/3590/2356 3117/3595/2357
f 3095/3587/2335 3094/3584/2334 3109/3592/2349 3110/3596/2350
f 3103/3588/2343 3102/3586/2342 3117/3595/2357 3118/3597/2358
f 3096/3572/2336 3095/3587/2335 3110/3596/2350 3111/3598/2351
f 3104/3574/2344 3103/3588/2343 3118/3597/2358 3119/3599/2359
f 3097/3573/2337 3096/3572/2336 3111/3598/2351 3112/3600/2352
f 3105/3575/2345 3104/3574/2344 3119/3599/2359 3120/3601/2360
f 3098/3576/2338 3097/3573/2337 3112/3600/2352 3113/3602/2353
f 3106/3577/2346 3105/3575/2345 3120/3601/2360 3121/3603/2361
f 3099/3578/2339 3098/3576/2338 3113/3602/2353 3114/3604/2354
f 3107/3579/2347 3106/3577/2346 3121/3603/2361 3122/3605/2362
f 3100/3580/2340 3099/3578/2339 3114/3604/2354 3115/3589/2355
f 3108/3581/2348 3107/3579/2347 3122/3605/2362 3123/3594/2363
f 3120/3601/2360 3119/3599/2359 3134/3606/2374 3135/3607/2375
f 3113/3602/2353 3112/3600/2352 3127/3608/2367 3128/3609/2368
f 3121/3603/2361 3120/3601/2360 3135/3607/2375 3136/3610/2376
f 3114/3604/2354 3113/3602/2353 3128/3609/2368 3129/3611/2369
f 3122/3605/2362 3121/3603/2361 3136/3610/2376 3137/3612/2377
f 3115/3589/2355 3114/3604/2354 3129/3611/2369 3130/3613/2370
f 3123/3594/2363 3122/3605/2362 3137/3612/2377 3138/3614/2378
f 3116/3590/2356 3115/3589/2355 3130/3613/2370 3131/3615/2371
f 3109/3592/2349 2913/3616/2153 3124/3617/2364
f 3139/3618/2379 3123/3594/2363 3138/3614/2378
f 3117/3595/2357 3116/3590/2356 3131/3615/2371 3132/3619/2372
f 3110/3596/2350 3109/3592/2349 3124/3617/2364 3125/3620/2365
f 3118/3597/2358 3117/3595/2357 3132/3619/2372 3133/3621/2373
f 3111/3598/2351 3110/3596/2350 3125/3620/2365 3126/3622/2366
f 3119/3599/2359 3118/3597/2358 3133/3621/2373 3134/3606/2374
f 3112/3600/2352 3111/3598/2351 3126/3622/2366 3127/3608/2367
f 3139/3623/2379 3138/3614/2378 3154/3624/2394
f 3132/3619/2372 3131/3615/2371 3147/3625/2387 3148/3626/2388
f 3125/3620/2365 3124/3617/2364 3140/3627/2380 3141/3628/2381
f 3133/3621/2373 3132/3619/2372 3148/3626/2388 3149/3629/2389
f 3126/3622/2366 3125/3620/2365 3141/3628/2381 3142/3630/2382
f 3134/3606/2374 3133/3621/2373 3149/3629/2389 3150/3631/2390
f 3127/3608/2367 3126/3622/2366 3142/3630/2382 3143/3632/2383
f 3135/3607/2375 3134/3606/2374 3150/3631/2390 3151/3633/2391
f 3128/3609/2368 3127/3608/2367 3143/3632/2383 3144/3634/2384
f 3136/3610/2376 3135/3607/2375 3151/3633/2391 3152/3635/2392
f 3129/3611/2369 3128/3609/2368 3144/3634/2384 3145/3636/2385
f 3137/3612/2377 3136/3610/2376 3152/3635/2392 3153/3637/2393
f 3130/3613/2370 3129/3611/2369 3145/3636/2385 3146/3638/2386
f 3138/3614/2378 3137/3612/2377 3153/3637/2393 3154/3624/2394
f 3131/3615/2371 3130/3613/2370 3146/3638/2386 3147/3625/2387
f 3124/3617/2364 2913/3639/2153 3140/3627/2380
f 3152/3635/2392 3151/3633/2391 3166/3640/2406 3167/3641/2407
f 3145/3636/2385 3144/3634/2384 3159/3642/2399 3160/3643/2400
f 3153/3637/2393 3152/3635/2392 3167/3641/2407 3168/3644/2408
f 3146/3638/2386 3145/3636/2385 3160/3643/2400 3161/3645/2401
f 3154/3624/2394 3153/3637/2393 3168/3644/2408 3169/3646/2409
f 3147/3625/2387 3146/3638/2386 3161/3645/2401 3162/3647/2402
f 3140/3627/2380 2913/3648/2153 3155/3649/2395
f 3139/3650/2379 3154/3624/2394 3169/3646/2409
f 3148/3626/2388 3147/3625/2387 3162/3647/2402 3163/3651/2403
f 3141/3628/2381 3140/3627/2380 3155/3649/2395 3156/3652/2396
f 3149/3629/2389 3148/3626/2388 3163/3651/2403 3164/3653/2404
f 3142/3630/2382 3141/3628/2381 3156/3652/2396 3157/3654/2397
f 3150/3631/2390 3149/3629/2389 3164/3653/2404 3165/3655/2405
f 3143/3632/2383 3142/3630/2382 3157/3654/2397 3158/3656/2398
f 3151/3633/2391 3150/3631/2390 3165/3655/2405 3166/3640/2406
f 3144/3634/2384 3143/3632/2383 3158/3656/2398 3159/3642/2399
f 3156/3652/2396 3155/3649/2395 3170/3657/2410 3171/3658/2411
f 3164/3653/2404 3163/3651/2403 3178/3659/2418 3179/3660/2419
f 3157/3654/2397 3156/3652/2396 3171/3658/2411 3172/3661/2412
f 3165/3655/2405 3164/3653/2404 3179/3660/2419 3180/3662/2420
f 3158/3656/2398 3157/3654/2397 3172/3661/2412 3173/3663/2413
f 3166/3640/2406 3165/3655/2405 3180/3662/2420 3181/3664/2421
f 3159/3642/2399 3158/3656/2398 3173/3663/2413 3174/3665/2414
f 3167/3641/2407 3166/3640/2406 3181/3664/2421 3182/3666/2422
f 3160/3643/2400 3159/3642/2399 3174/3665/2414 3175/3667/2415
f 3168/3644/2408 3167/3641/2407 3182/3666/2422 3183/3668/2423
f 3161/3645/2401 3160/3643/2400 3175/3667/2415 3176/3669/2416
f 3169/3646/2409 3168/3644/2408 3183/3668/2423 3184/3670/2424
f 3162/3647/2402 3161/3645/2401 3176/3669/2416 3177/3671/2417
f 3155/3649/2395 2913/3672/2153 3170/3657/2410
f 3139/3673/2379 3169/3646/2409 3184/3670/2424
f 3163/3651/2403 3162/3647/2402 3177/3671/2417 3178/3659/2418
f 3175/3667/2415 3174/3665/2414 3189/3674/2429 3190/3675/2430
f 3183/3668/2423 3182/3666/2422 3197/3676/2437 3198/3677/2438
f 3176/3669/2416 3175/3667/2415 3190/3675/2430 3191/3678/2431
f 3184/3670/2424 3183/3668/2423 3198/3677/2438 3199/3679/2439
f 3177/3671/2417 3176/3669/2416 3191/3678/2431 3192/3680/2432
f 3170/3657/2410 2913/3681/2153 3185/3682/2425
f 3139/3683/2379 3184/3670/2424 3199/3679/2439
f 3178/3659/2418 3177/3671/2417 3192/3680/2432 3193/3684/2433
f 3171/3658/2411 3170/3657/2410 3185/3682/2425 3186/3685/2426
f 3179/3660/2419 3178/3659/2418 3193/3684/2433 3194/3686/2434
f 3172/3661/2412 3171/3658/2411 3186/3685/2426 3187/3687/2427
f 3180/3662/2420 3179/3660/2419 3194/3686/2434 3195/3688/2435
f 3173/3663/2413 3172/3661/2412 3187/3687/2427 3188/3689/2428
f 3181/3664/2421 3180/3662/2420 3195/3688/2435 3196/3690/2436
f 3174/3665/2414 3173/3663/2413 3188/3689/2428 3189/3674/2429
f 3182/3666/2422 3181/3664/2421 3196/3690/2436 3197/3676/2437
f 3194/3691/2434 3193/3692/2433 3208/3693/2448 3209/3694/2449
f 3187/3695/2427 3186/3696/2426 3201/3697/2441 3202/3698/2442
f 3195/3699/2435 3194/3691/2434 3209/3694/2449 3210/3700/2450
f 3188/3701/2428 3187/3695/2427 3202/3698/2442 3203/3702/2443
f 3196/3703/2436 3195/3699/2435 3210/3700/2450 3211/3704/2451
f 3189/3705/2429 3188/3701/2428 3203/3702/2443 3204/3706/2444
f 3197/3707/2437 3196/3703/2436 3211/3704/2451 3212/3708/2452
f 3190/3709/2430 3189/3705/2429 3204/3706/2444 3205/3710/2445
f 3198/3711/2438 3197/3707/2437 3212/3708/2452 3213/3712/2453
f 3191/3713/2431 3190/3709/2430 3205/3710/2445 3206/3714/2446
f 3199/3715/2439 3198/3711/2438 3213/3712/2453 3214/3716/2454
f 3192/3717/2432 3191/3713/2431 3206/3714/2446 3207/3718/2447
f 3185/3719/2425 2913/3720/2153 3200/3721/2440
f 3139/3722/2379 3199/3715/2439 3214/3716/2454
f 3193/3692/2433 3192/3717/2432 3207/3718/2447 3208/3693/2448
f 3186/3696/2426 3185/3719/2425 3200/3721/2440 3201/3697/2441
f 3213/3712/2453 3212/3708/2452 3227/3723/2467 3228/3724/2468
f 3206/3714/2446 3205/3710/2445 3220/3725/2460 3221/3726/2461
f 3214/3716/2454 3213/3712/2453 3228/3724/2468 3229/3727/2469
f 3207/3718/2447 3206/3714/2446 3221/3726/2461 3222/3728/2462
f 3200/3721/2440 2913/3729/2153 3215/3730/2455
f 3139/3731/2379 3214/3716/2454 3229/3727/2469
f 3208/3693/2448 3207/3718/2447 3222/3728/2462 3223/3732/2463
f 3201/3697/2441 3200/3721/2440 3215/3730/2455 3216/3733/2456
f 3209/3694/2449 3208/3693/2448 3223/3732/2463 3224/3734/2464
f 3202/3698/2442 3201/3697/2441 3216/3733/2456 3217/3735/2457
f 3210/3700/2450 3209/3694/2449 3224/3734/2464 3225/3736/2465
f 3203/3702/2443 3202/3698/2442 3217/3735/2457 3218/3737/2458
f 3211/3704/2451 3210/3700/2450 3225/3736/2465 3226/3738/2466
f 3204/3706/2444 3203/3702/2443 3218/3737/2458 3219/3739/2459
f 3212/3708/2452 3211/3704/2451 3226/3738/2466 3227/3723/2467
f 3205/3710/2445 3204/3706/2444 3219/3739/2459 3220/3725/2460
f 3217/3735/2457 3216/3733/2456 3231/3740/2471 3232/3741/2472
f 3225/3736/2465 3224/3734/2464 3239/3742/2479 3240/3743/2480
f 3218/3737/2458 3217/3735/2457 3232/3741/2472 3233/3744/2473
f 3226/3738/2466 3225/3736/2465 3240/3743/2480 3241/3745/2481
f 3219/3739/2459 3218/3737/2458 3233/3744/2473 3234/3746/2474
f 3227/3723/2467 3226/3738/2466 3241/3745/2481 3242/3747/2482
f 3220/3725/2460 3219/3739/2459 3234/3746/2474 3235/3748/2475
f 3228/3724/2468 3227/3723/2467 3242/3747/2482 3243/3749/2483
f 3221/3726/2461 3220/3725/2460 3235/3748/2475 3236/3750/2476
f 3229/3727/2469 3228/3724/2468 3243/3749/2483 3244/3751/2484
f 3222/3728/2462 3221/3726/2461 3236/3750/2476 3237/3752/2477
f 3215/3730/2455 2913/3753/2153 3230/3754/2470
f 3139/3755/2379 3229/3727/2469 3244/3751/2484
f 3223/3732/2463 3222/3728/2462 3237/3752/2477 3238/3756/2478
f 3216/3733/2456 3215/3730/2455 3230/3754/2470 3231/3740/2471
f 3224/3734/2464 3223/3732/2463 3238/3756/2478 3239/3742/2479
f 3236/3750/2476 3235/3748/2475 3250/3757/2490 3251/3758/2491
f 3244/3751/2484 3243/3749/2483 3258/3759/2498 3259/3760/2499
f 3237/3752/2477 3236/3750/2476 3251/3758/2491 3252/3761/2492
f 3230/3754/2470 2913/3762/2153 3245/3763/2485
f 3139/3764/2379 3244/3751/2484 3259/3760/2499
f 3238/3756/2478 3237/3752/2477 3252/3761/2492 3253/3765/2493
f 3231/3740/2471 3230/3754/2470 3245/3763/2485 3246/3766/2486
f 3239/3742/2479 3238/3756/2478 3253/3765/2493 3254/3767/2494
f 3232/3741/2472 3231/3740/2471 3246/3766/2486 3247/3768/2487
f 3240/3743/2480 3239/3742/2479 3254/3767/2494 3255/3769/2495
f 3233/3744/2473 3232/3741/2472 3247/3768/2487 3248/3770/2488
f 3241/3745/2481 3240/3743/2480 3255/3769/2495 3256/3771/2496
f 3234/3746/2474 3233/3744/2473 3248/3770/2488 3249/3772/2489
f 3242/3747/2482 3241/3745/2481 3256/3771/2496 3257/3773/2497
f 3235/3748/2475 3234/3746/2474 3249/3772/2489 3250/3757/2490
f 3243/3749/2483 3242/3747/2482 3257/3773/2497 3258/3759/2498
f 3255/3769/2495 3254/3767/2494 3269/3774/2509 3270/3775/2510
f 3248/3770/2488 3247/3768/2487 3262/3776/2502 3263/3777/2503
f 3256/3771/2496 3255/3769/2495 3270/3775/2510 3271/3778/2511
f 3249/3772/2489 3248/3770/2488 3263/3777/2503 3264/3779/2504
f 3257/3773/2497 3256/3771/2496 3271/3778/2511 3272/3780/2512
f 3250/3757/2490 3249/3772/2489 3264/3779/2504 3265/3781/2505
f 3258/3759/2498 3257/3773/2497 3272/3780/2512 3273/3782/2513
f 3251/3758/2491 3250/3757/2490 3265/3781/2505 3266/3783/2506
f 3259/3760/2499 3258/3759/2498 3273/3782/2513 3274/3784/2514
f 3252/3761/2492 3251/3758/2491 3266/3783/2506 3267/3785/2507
f 3245/3763/2485 2913/3786/2153 3260/3787/2500
f 3139/3788/2379 3259/3760/2499 3274/3784/2514
f 3253/3765/2493 3252/3761/2492 3267/3785/2507 3268/3789/2508
f 3246/3766/2486 3245/3763/2485 3260/3787/2500 3261/3790/2501
f 3254/3767/2494 3253/3765/2493 3268/3789/2508 3269/3774/2509
f 3247/3768/2487 3246/3766/2486 3261/3790/2501 3262/3776/2502
f 3274/3784/2514 3273/3782/2513 3288/3791/2528 3289/3792/2529
f 3267/3785/2507 3266/3783/2506 3281/3793/2521 3282/3794/2522
f 3260/3787/2500 2913/3795/2153 3275/3796/2515
f 3139/3797/2379 3274/3784/2514 3289/3792/2529
f 3268/3789/2508 3267/3785/2507 3282/3794/2522 3283/3798/2523
f 3261/3790/2501 3260/3787/2500 3275/3796/2515 3276/3799/2516
f 3269/3774/2509 3268/3789/2508 3283/3798/2523 3284/3800/2524
f 3262/3776/2502 3261/3790/2501 3276/3799/2516 3277/3801/2517
f 3270/3775/2510 3269/3774/2509 3284/3800/2524 3285/3802/2525
f 3263/3777/2503 3262/3776/2502 3277/3801/2517 3278/3803/2518
f 3271/3778/2511 3270/3775/2510 3285/3802/2525 3286/3804/2526
f 3264/3779/2504 3263/3777/2503 3278/3803/2518 3279/3805/2519
f 3272/3780/2512 3271/3778/2511 3286/3804/2526 3287/3806/2527
f 3265/3781/2505 3264/3779/2504 3279/3805/2519 3280/3807/2520
f 3273/3782/2513 3272/3780/2512 3287/3806/2527 3288/3791/2528
f 3266/3783/2506 3265/3781/2505 3280/3807/2520 3281/3793/2521
f 3286/3804/2526 3285/3802/2525 3300/3808/2540 3301/3809/2541
f 3279/3805/2519 3278/3803/2518 3293/3810/2533 3294/3811/2534
f 3287/3806/2527 3286/3804/2526 3301/3809/2541 3302/3812/2542
f 3280/3807/2520 3279/3805/2519 3294/3811/2534 3295/3813/2535
f 3288/3791/2528 3287/3806/2527 3302/3812/2542 3303/3814/2543
f 3281/3793/2521 3280/3807/2520 3295/3813/2535 3296/3815/2536
f 3289/3792/2529 3288/3791/2528 3303/3814/2543 3304/3816/2544
f 3282/3794/2522 3281/3793/2521 3296/3815/2536 3297/3817/2537
f 3275/3796/2515 2913/3818/2153 3290/3819/2530
f 3139/3820/2379 3289/3792/2529 3304/3816/2544
f 3283/3798/2523 3282/3794/2522 3297/3817/2537 3298/3821/2538
f 3276/3799/2516 3275/3796/2515 3290/3819/2530 3291/3822/2531
f 3284/3800/2524 3283/3798/2523 3298/3821/2538 3299/3823/2539
f 3277/3801/2517 3276/3799/2516 3291/3822/2531 3292/3824/2532
f 3285/3802/2525 3284/3800/2524 3299/3823/2539 3300/3808/2540
f 3278/3803/2518 3277/3801/2517 3292/3824/2532 3293/3810/2533
f 3290/3819/2530 2913/3825/2153 3305/3272/2545
f 3139/3826/2379 3304/3816/2544 3313/3276/2553
f 3298/3821/2538 3297/3817/2537 2835/3268/2075 2836/3278/2076
f 3291/3822/2531 3290/3819/2530 3305/3272/2545 3306/3280/2546
f 3299/3823/2539 3298/3821/2538 2836/3278/2076 3309/3282/2549
f 3292/3824/2532 3291/3822/2531 3306/3280/2546 2832/3284/2072
f 3300/3808/2540 3299/3823/2539 3309/3282/2549 2837/3286/2077
f 3293/3810/2533 3292/3824/2532 2832/3284/2072 3307/3288/2547
f 3301/3809/2541 3300/3808/2540 2837/3286/2077 3310/3290/2550
f 3294/3811/2534 3293/3810/2533 3307/3288/2547 2833/3292/2073
f 3302/3812/2542 3301/3809/2541 3310/3290/2550 3311/3294/2551
f 3295/3813/2535 3294/3811/2534 2833/3292/2073 3308/3296/2548
f 3303/3814/2543 3302/3812/2542 3311/3294/2551 3312/3298/2552
f 3296/3815/2536 3295/3813/2535 3308/3296/2548 2834/3269/2074
f 3304/3816/2544 3303/3814/2543 3312/3298/2552 3313/3276/2553
f 3297/3817/2537 3296/3815/2536 2834/3269/2074 2835/3268/2075
o Sphere.004
v 0.759571 -1.241818 -0.128461
v 0.759571 -1.319520 -0.206164
v 0.759571 -1.421044 -0.248216
v 0.759571 -1.475988 -0.253628
v 0.759571 -1.530932 -0.248216
v 0.759571 -1.632455 -0.206164
v 0.770291 -1.199765 -0.025882
v 0.780598 -1.215792 -0.077700
v 0.790097 -1.241818 -0.125455
v 0.798423 -1.276843 -0.167313
v 0.805256 -1.319520 -0.201664
v 0.810333 -1.368211 -0.227190
v 0.813460 -1.421044 -0.242909
v 0.814516 -1.475988 -0.248216
v 0.813460 -1.530932 -0.242909
v 0.810333 -1.583764 -0.227190
v 0.805256 -1.632455 -0.201664
v 0.798423 -1.675133 -0.167313
v 0.790097 -1.710158 -0.125455
v 0.780598 -1.736183 -0.077700
v 0.770291 -1.752210 -0.025882
v 0.780598 -1.199765 -0.022756
v 0.800816 -1.215792 -0.071567
v 0.819449 -1.241818 -0.116551
v 0.835781 -1.276843 -0.155980
v 0.849184 -1.319520 -0.188339
v 0.859144 -1.368211 -0.212383
v 0.865277 -1.421044 -0.227190
v 0.867348 -1.475988 -0.232190
v 0.865277 -1.530932 -0.227190
v 0.859144 -1.583764 -0.212383
v 0.849184 -1.632455 -0.188339
v 0.835781 -1.675133 -0.155980
v 0.819449 -1.710158 -0.116551
v 0.800816 -1.736183 -0.071567
v 0.780598 -1.752210 -0.022756
v 0.790097 -1.199765 -0.017678
v 0.819449 -1.215792 -0.061607
v 0.846500 -1.241818 -0.102092
v 0.870211 -1.276843 -0.137577
v 0.889669 -1.319520 -0.166699
v 0.904128 -1.368211 -0.188339
v 0.913032 -1.421044 -0.201664
v 0.916039 -1.475988 -0.206164
v 0.913032 -1.530932 -0.201664
v 0.904128 -1.583764 -0.188339
v 0.889669 -1.632455 -0.166699
v 0.870211 -1.675133 -0.137577
v 0.846500 -1.710158 -0.102092
v 0.819449 -1.736183 -0.061607
v 0.790097 -1.752210 -0.017678
v 0.798423 -1.199765 -0.010845
v 0.835781 -1.215792 -0.048204
v 0.870211 -1.241818 -0.082633
v 0.900388 -1.276843 -0.112811
v 0.925155 -1.319520 -0.137577
v 0.943558 -1.368211 -0.155980
v 0.954890 -1.421044 -0.167313
v 0.958717 -1.475988 -0.171139
v 0.954890 -1.530932 -0.167313
v 0.943558 -1.583764 -0.155980
v 0.925155 -1.632455 -0.137577
v 0.900388 -1.675133 -0.112811
v 0.870211 -1.710158 -0.082633
v 0.835781 -1.736183 -0.048204
v 0.798423 -1.752210 -0.010845
v 0.805256 -1.199765 -0.002519
v 0.849184 -1.215792 -0.031871
v 0.889669 -1.241818 -0.058923
v 0.925155 -1.276843 -0.082633
v 0.954277 -1.319520 -0.102092
v 0.975916 -1.368211 -0.116551
v 0.989242 -1.421044 -0.125455
v 0.993741 -1.475988 -0.128461
v 0.989242 -1.530932 -0.125455
v 0.975916 -1.583764 -0.116551
v 0.954277 -1.632455 -0.102092
v 0.925155 -1.675133 -0.082633
v 0.889669 -1.710158 -0.058923
v 0.849184 -1.736183 -0.031871
v 0.805256 -1.752210 -0.002519
v 0.759571 -1.194354 0.028006
v 0.810333 -1.199765 0.006980
v 0.859144 -1.215792 -0.013238
v 0.904128 -1.241818 -0.031871
v 0.943558 -1.276843 -0.048204
v 0.975916 -1.319520 -0.061607
v 0.999961 -1.368211 -0.071567
v 1.014768 -1.421044 -0.077700
v 1.019767 -1.475988 -0.079770
v 1.014768 -1.530932 -0.077700
v 0.999961 -1.583764 -0.071567
v 0.975916 -1.632455 -0.061607
v 0.943558 -1.675133 -0.048204
v 0.904128 -1.710158 -0.031871
v 0.859144 -1.736183 -0.013238
v 0.810333 -1.752210 0.006980
v 0.813460 -1.199765 0.017287
v 0.865277 -1.215792 0.006980
v 0.913032 -1.241818 -0.002519
v 0.954890 -1.276843 -0.010845
v 0.989242 -1.319520 -0.017678
v 1.014768 -1.368211 -0.022756
v 1.030486 -1.421044 -0.025882
v 1.035794 -1.475988 -0.026938
v 1.030486 -1.530932 -0.025882
v 1.014768 -1.583764 -0.022756
v 0.989242 -1.632455 -0.017678
v 0.954890 -1.675133 -0.010845
v 0.913032 -1.710158 -0.002519
v 0.865277 -1.736183 0.006980
v 0.813460 -1.752210 0.017287
v 0.814515 -1.199765 0.028006
v 0.867348 -1.215792 0.028006
v 0.916039 -1.241818 0.028006
v 0.958717 -1.276843 0.028006
v 0.993741 -1.319520 0.028006
v 1.019767 -1.368211 0.028006
v 1.035794 -1.421044 0.028006
v 1.041205 -1.475988 0.028006
v 1.035794 -1.530932 0.028006
v 1.019767 -1.583764 0.028006
v 0.993741 -1.632455 0.028006
v 0.958717 -1.675133 0.028006
v 0.916039 -1.710158 0.028006
v 0.867348 -1.736183 0.028006
v 0.814515 -1.752210 0.028006
v 0.813460 -1.199765 0.038725
v 0.865277 -1.215792 0.049032
v 0.913032 -1.241818 0.058531
v 0.954890 -1.276843 0.066857
v 0.989242 -1.319520 0.073690
v 1.014768 -1.368211 0.078768
v 1.030486 -1.421044 0.081894
v 1.035794 -1.475988 0.082950
v 1.030486 -1.530932 0.081894
v 1.014768 -1.583764 0.078768
v 0.989242 -1.632455 0.073690
v 0.954890 -1.675133 0.066857
v 0.913032 -1.710158 0.058531
v 0.865277 -1.736183 0.049032
v 0.813460 -1.752210 0.038725
v 0.810333 -1.199765 0.049032
v 0.859144 -1.215792 0.069250
v 0.904128 -1.241818 0.087883
v 0.943558 -1.276843 0.104216
v 0.975916 -1.319520 0.117619
v 0.999961 -1.368211 0.127579
v 1.014768 -1.421044 0.133712
v 1.019767 -1.475988 0.135783
v 1.014768 -1.530932 0.133712
v 0.999961 -1.583764 0.127579
v 0.975916 -1.632455 0.117619
v 0.943558 -1.675133 0.104216
v 0.904128 -1.710158 0.087883
v 0.859144 -1.736183 0.069250
v 0.810333 -1.752210 0.049032
v 0.805256 -1.199765 0.058531
v 0.849184 -1.215792 0.087883
v 0.889669 -1.241818 0.114935
v 0.925155 -1.276843 0.138645
v 0.954277 -1.319520 0.158104
v 0.975916 -1.368211 0.172563
v 0.989242 -1.421044 0.181467
v 0.993741 -1.475988 0.184473
v 0.989242 -1.530932 0.181467
v 0.975916 -1.583764 0.172563
v 0.954277 -1.632455 0.158104
v 0.925155 -1.675133 0.138645
v 0.889669 -1.710158 0.114935
v 0.849184 -1.736183 0.087883
v 0.805256 -1.752210 0.058531
v 0.798423 -1.199765 0.066857
v 0.835781 -1.215792 0.104216
v 0.870211 -1.241818 0.138645
v 0.900388 -1.276843 0.168823
v 0.925155 -1.319520 0.193589
v 0.943558 -1.368211 0.211992
v 0.954890 -1.421044 0.223325
v 0.958716 -1.475988 0.227151
v 0.954890 -1.530932 0.223325
v 0.943558 -1.583764 0.211992
v 0.925155 -1.632455 0.193589
v 0.900388 -1.675133 0.168823
v 0.870211 -1.710158 0.138645
v 0.835781 -1.736183 0.104216
v 0.798423 -1.752210 0.066857
v 0.790097 -1.199765 0.073690
v 0.819449 -1.215792 0.117619
v 0.846500 -1.241818 0.158104
v 0.870211 -1.276843 0.193589
v 0.889669 -1.319520 0.222711
v 0.904128 -1.368211 0.244351
v 0.913032 -1.421044 0.257676
v 0.916039 -1.475988 0.262176
v 0.913032 -1.530932 0.257676
v 0.904128 -1.583764 0.244351
v 0.889669 -1.632455 0.222711
v 0.870211 -1.675133 0.193589
v 0.846500 -1.710158 0.158104
v 0.819449 -1.736183 0.117619
v 0.790097 -1.752210 0.073690
v 0.780598 -1.199765 0.078768
v 0.800816 -1.215792 0.127579
v 0.819449 -1.241818 0.172563
v 0.835781 -1.276843 0.211992
v 0.849184 -1.319520 0.244351
v 0.859144 -1.368211 0.268395
v 0.865277 -1.421044 0.283202
v 0.867348 -1.475988 0.288202
v 0.865277 -1.530932 0.283202
v 0.859144 -1.583764 0.268395
v 0.849184 -1.632455 0.244351
v 0.835781 -1.675133 0.211992
v 0.819449 -1.710158 0.172563
v 0.800816 -1.736183 0.127579
v 0.780598 -1.752210 0.078768
v 0.770291 -1.199765 0.081894
v 0.780598 -1.215792 0.133712
v 0.790097 -1.241818 0.181467
v 0.798423 -1.276843 0.223325
v 0.805256 -1.319520 0.257676
v 0.810333 -1.368211 0.283202
v 0.813460 -1.421044 0.298921
v 0.814515 -1.475988 0.304228
v 0.813460 -1.530932 0.298921
v 0.810333 -1.583764 0.283202
v 0.805256 -1.632455 0.257676
v 0.798423 -1.675133 0.223325
v 0.790097 -1.710158 0.181467
v 0.780598 -1.736183 0.133712
v 0.770291 -1.752210 0.081894
v 0.759571 -1.199765 0.082950
v 0.759571 -1.215792 0.135783
v 0.759571 -1.241818 0.184473
v 0.759571 -1.276843 0.227151
v 0.759571 -1.319520 0.262176
v 0.759571 -1.368211 0.288202
v 0.759571 -1.421044 0.304228
v 0.759571 -1.475988 0.309640
v 0.759571 -1.530932 0.304228
v 0.759571 -1.583764 0.288202
v 0.759571 -1.632455 0.262176
v 0.759571 -1.675133 0.227151
v 0.759571 -1.710158 0.184473
v 0.759571 -1.736183 0.135783
v 0.759571 -1.752210 0.082950
v 0.748852 -1.199765 0.081894
v 0.738545 -1.215792 0.133712
v 0.729046 -1.241818 0.181467
v 0.720720 -1.276843 0.223325
v 0.713887 -1.319520 0.257676
v 0.708810 -1.368211 0.283202
v 0.705683 -1.421044 0.298921
v 0.704627 -1.475988 0.304228
v 0.705683 -1.530932 0.298921
v 0.708810 -1.583764 0.283202
v 0.713887 -1.632455 0.257676
v 0.720720 -1.675133 0.223325
v 0.729046 -1.710158 0.181467
v 0.738545 -1.736183 0.133712
v 0.748852 -1.752210 0.081894
v 0.738545 -1.199765 0.078768
v 0.718327 -1.215792 0.127579
v 0.699694 -1.241818 0.172563
v 0.683362 -1.276843 0.211992
v 0.669959 -1.319520 0.244351
v 0.659999 -1.368211 0.268395
v 0.653866 -1.421044 0.283202
v 0.651795 -1.475988 0.288201
v 0.653866 -1.530932 0.283202
v 0.659999 -1.583764 0.268395
v 0.669959 -1.632455 0.244351
v 0.683362 -1.675133 0.211992
v 0.699694 -1.710158 0.172563
v 0.718327 -1.736183 0.127579
v 0.738545 -1.752210 0.078768
v 0.729046 -1.199765 0.073690
v 0.699694 -1.215792 0.117619
v 0.672643 -1.241818 0.158104
v 0.648932 -1.276843 0.193589
v 0.629474 -1.319520 0.222711
v 0.615015 -1.368211 0.244351
v 0.606111 -1.421044 0.257676
v 0.603104 -1.475988 0.262176
v 0.606111 -1.530932 0.257676
v 0.615015 -1.583764 0.244351
v 0.629474 -1.632455 0.222711
v 0.648932 -1.675133 0.193589
v 0.672643 -1.710158 0.158104
v 0.699694 -1.736183 0.117619
v 0.729046 -1.752210 0.073690
v 0.720720 -1.199765 0.066857
v 0.683362 -1.215792 0.104216
v 0.648932 -1.241818 0.138645
v 0.618755 -1.276843 0.168823
v 0.593988 -1.319520 0.193589
v 0.575585 -1.368211 0.211992
v 0.564253 -1.421044 0.223325
v 0.560426 -1.475988 0.227151
v 0.564253 -1.530932 0.223325
v 0.575585 -1.583764 0.211992
v 0.593988 -1.632455 0.193589
v 0.618755 -1.675133 0.168823
v 0.648932 -1.710158 0.138645
v 0.683362 -1.736183 0.104216
v 0.720720 -1.752210 0.066857
v 0.759571 -1.757621 0.028006
v 0.713887 -1.199765 0.058531
v 0.669959 -1.215792 0.087883
v 0.629474 -1.241818 0.114935
v 0.593988 -1.276843 0.138645
v 0.564866 -1.319520 0.158104
v 0.543227 -1.368211 0.172563
v 0.529901 -1.421044 0.181467
v 0.525402 -1.475988 0.184473
v 0.529901 -1.530932 0.181467
v 0.543227 -1.583764 0.172563
v 0.564866 -1.632455 0.158104
v 0.593988 -1.675133 0.138645
v 0.629474 -1.710158 0.114935
v 0.669959 -1.736183 0.087883
v 0.713887 -1.752210 0.058531
v 0.708810 -1.199765 0.049032
v 0.659999 -1.215792 0.069250
v 0.615015 -1.241818 0.087883
v 0.575585 -1.276843 0.104216
v 0.543227 -1.319520 0.117619
v 0.519182 -1.368211 0.127579
v 0.504376 -1.421044 0.133712
v 0.499376 -1.475988 0.135782
v 0.504376 -1.530932 0.133712
v 0.519182 -1.583764 0.127579
v 0.543227 -1.632455 0.117619
v 0.575585 -1.675133 0.104216
v 0.615015 -1.710158 0.087883
v 0.659999 -1.736183 0.069250
v 0.708810 -1.752210 0.049032
v 0.705683 -1.199765 0.038725
v 0.653866 -1.215792 0.049032
v 0.606111 -1.241818 0.058531
v 0.564253 -1.276843 0.066857
v 0.529901 -1.319520 0.073690
v 0.504376 -1.368211 0.078768
v 0.488657 -1.421044 0.081894
v 0.483350 -1.475988 0.082950
v 0.488657 -1.530932 0.081894
v 0.504376 -1.583764 0.078768
v 0.529901 -1.632455 0.073690
v 0.564253 -1.675133 0.066857
v 0.606111 -1.710158 0.058531
v 0.653866 -1.736183 0.049032
v 0.705683 -1.752210 0.038725
v 0.704628 -1.199765 0.028006
v 0.651795 -1.215792 0.028006
v 0.603104 -1.241818 0.028006
v 0.560426 -1.276843 0.028006
v 0.525402 -1.319520 0.028006
v 0.499376 -1.368211 0.028006
v 0.483349 -1.421044 0.028006
v 0.477938 -1.475988 0.028006
v 0.483349 -1.530932 0.028006
v 0.499376 -1.583764 0.028006
v 0.525402 -1.632455 0.028006
v 0.560426 -1.675133 0.028006
v 0.603104 -1.710158 0.028006
v 0.651795 -1.736183 0.028006
v 0.704628 -1.752210 0.028006
v 0.705683 -1.199765 0.017287
v 0.653866 -1.215792 0.006980
v 0.606111 -1.241818 -0.002519
v 0.564253 -1.276843 -0.010845
v 0.529901 -1.319520 -0.017678
v 0.504376 -1.368211 -0.022756
v 0.488657 -1.421044 -0.025882
v 0.483350 -1.475988 -0.026938
v 0.488657 -1.530932 -0.025882
v 0.504376 -1.583764 -0.022756
v 0.529901 -1.632455 -0.017678
v 0.564253 -1.675133 -0.010845
v 0.606111 -1.710158 -0.002519
v 0.653866 -1.736183 0.006980
v 0.705683 -1.752210 0.017287
v 0.708810 -1.199765 0.006980
v 0.659999 -1.215792 -0.013238
v 0.615015 -1.241818 -0.031871
v 0.575585 -1.276843 -0.048203
v 0.543227 -1.319520 -0.061607
v 0.519182 -1.368211 -0.071566
v 0.504376 -1.421044 -0.077700
v 0.499376 -1.475988 -0.079771
v 0.504376 -1.530932 -0.077700
v 0.519182 -1.583764 -0.071566
v 0.543227 -1.632455 -0.061607
v 0.575585 -1.675133 -0.048203
v 0.615015 -1.710158 -0.031871
v 0.659999 -1.736183 -0.013238
v 0.708810 -1.752210 0.006980
v 0.713887 -1.199765 -0.002519
v 0.669959 -1.215792 -0.031871
v 0.629474 -1.241818 -0.058923
v 0.593988 -1.276843 -0.082633
v 0.564866 -1.319520 -0.102092
v 0.543227 -1.368211 -0.116551
v 0.529901 -1.421044 -0.125455
v 0.525402 -1.475988 -0.128461
v 0.529901 -1.530932 -0.125455
v 0.543227 -1.583764 -0.116551
v 0.564866 -1.632455 -0.102092
v 0.593988 -1.675133 -0.082633
v 0.629474 -1.710158 -0.058923
v 0.669959 -1.736183 -0.031871
v 0.713887 -1.752210 -0.002519
v 0.720720 -1.199765 -0.010845
v 0.683362 -1.215792 -0.048203
v 0.648933 -1.241818 -0.082633
v 0.618755 -1.276843 -0.112811
v 0.593989 -1.319520 -0.137577
v 0.575585 -1.368211 -0.155980
v 0.564253 -1.421044 -0.167313
v 0.560427 -1.475988 -0.171139
v 0.564253 -1.530932 -0.167313
v 0.575585 -1.583764 -0.155980
v 0.593989 -1.632455 -0.137577
v 0.618755 -1.675133 -0.112811
v 0.648933 -1.710158 -0.082633
v 0.683362 -1.736183 -0.048203
v 0.720720 -1.752210 -0.010845
v 0.729046 -1.199765 -0.017678
v 0.699694 -1.215792 -0.061607
v 0.672643 -1.241818 -0.102092
v 0.648932 -1.276843 -0.137577
v 0.629474 -1.319520 -0.166699
v 0.615015 -1.368211 -0.188339
v 0.606111 -1.421044 -0.201664
v 0.603104 -1.475988 -0.206164
v 0.606111 -1.530932 -0.201664
v 0.615015 -1.583764 -0.188339
v 0.629474 -1.632455 -0.166699
v 0.648932 -1.675133 -0.137577
v 0.672643 -1.710158 -0.102092
v 0.699694 -1.736183 -0.061607
v 0.729046 -1.752210 -0.017678
v 0.738545 -1.199765 -0.022756
v 0.718327 -1.215792 -0.071566
v 0.699694 -1.241818 -0.116551
v 0.683362 -1.276843 -0.155980
v 0.669959 -1.319520 -0.188339
v 0.659999 -1.368211 -0.212383
v 0.653866 -1.421044 -0.227190
v 0.651795 -1.475988 -0.232189
v 0.653866 -1.530932 -0.227190
v 0.659999 -1.583764 -0.212383
v 0.669959 -1.632455 -0.188339
v 0.683362 -1.675133 -0.155980
v 0.699694 -1.710158 -0.116551
v 0.718327 -1.736183 -0.071566
v 0.738545 -1.752210 -0.022756
v 0.748852 -1.199765 -0.025882
v 0.738545 -1.215792 -0.077700
v 0.729046 -1.241818 -0.125455
v 0.720720 -1.276843 -0.167313
v 0.713887 -1.319520 -0.201664
v 0.708810 -1.368211 -0.227190
v 0.705683 -1.421044 -0.242909
v 0.704628 -1.475988 -0.248216
v 0.705683 -1.530932 -0.242909
v 0.708810 -1.583764 -0.227190
v 0.713887 -1.632455 -0.201664
v 0.720720 -1.675133 -0.167313
v 0.729046 -1.710158 -0.125455
v 0.738545 -1.736183 -0.077700
v 0.748852 -1.752210 -0.025882
v 0.759571 -1.199765 -0.026938
v 0.759571 -1.215792 -0.079770
v 0.759571 -1.276843 -0.171139
v 0.759571 -1.368211 -0.232189
v 0.759571 -1.583764 -0.232189
v 0.759571 -1.675133 -0.171139
v 0.759572 -1.710158 -0.128461
v 0.759571 -1.736183 -0.079770
v 0.759571 -1.752210 -0.026938
vn -0.0000 0.8286 -0.5598
vn -0.0000 0.5528 -0.8333
vn -0.0000 0.1939 -0.9810
vn -0.0000 -0.0000 -1.0000
vn -0.0000 -0.1939 -0.9810
vn -0.0000 -0.5528 -0.8333
vn 0.0392 0.9796 -0.1971
vn 0.0757 0.9217 -0.3804
vn 0.1092 0.8286 -0.5490
vn 0.1385 0.7041 -0.6965
vn 0.1626 0.5528 -0.8173
vn 0.1804 0.3805 -0.9070
vn 0.1914 0.1939 -0.9622
vn 0.1951 -0.0000 -0.9808
vn 0.1914 -0.1939 -0.9622
vn 0.1804 -0.3805 -0.9070
vn 0.1626 -0.5528 -0.8173
vn 0.1385 -0.7041 -0.6965
vn 0.1092 -0.8286 -0.5490
vn 0.0757 -0.9217 -0.3804
vn 0.0392 -0.9796 -0.1971
vn 0.0769 0.9796 -0.1857
vn 0.1484 0.9217 -0.3584
vn 0.2142 0.8286 -0.5172
vn 0.2718 0.7041 -0.6561
vn 0.3189 0.5528 -0.7699
vn 0.3539 0.3805 -0.8544
vn 0.3754 0.1939 -0.9063
vn 0.3827 -0.0000 -0.9239
vn 0.3754 -0.1939 -0.9063
vn 0.3539 -0.3805 -0.8544
vn 0.3189 -0.5528 -0.7699
vn 0.2718 -0.7041 -0.6561
vn 0.2142 -0.8286 -0.5172
vn 0.1484 -0.9217 -0.3584
vn 0.0769 -0.9796 -0.1857
vn 0.1117 0.9796 -0.1671
vn 0.2155 0.9217 -0.3225
vn 0.3110 0.8286 -0.4654
vn 0.3945 0.7041 -0.5905
vn 0.4630 0.5528 -0.6929
vn 0.5138 0.3805 -0.7689
vn 0.5450 0.1939 -0.8157
vn 0.5556 -0.0000 -0.8315
vn 0.5450 -0.1939 -0.8157
vn 0.5138 -0.3805 -0.7689
vn 0.4630 -0.5528 -0.6929
vn 0.3945 -0.7041 -0.5905
vn 0.3110 -0.8286 -0.4654
vn 0.2155 -0.9217 -0.3225
vn 0.1117 -0.9796 -0.1671
vn 0.1421 0.9796 -0.1421
vn 0.2743 0.9217 -0.2743
vn 0.3958 0.8286 -0.3958
vn 0.5021 0.7041 -0.5021
vn 0.5893 0.5528 -0.5893
vn 0.6539 0.3805 -0.6539
vn 0.6937 0.1939 -0.6937
vn 0.7071 -0.0000 -0.7071
vn 0.6937 -0.1939 -0.6937
vn 0.6539 -0.3805 -0.6539
vn 0.5893 -0.5528 -0.5893
vn 0.5021 -0.7041 -0.5021
vn 0.3958 -0.8286 -0.3958
vn 0.2743 -0.9217 -0.2743
vn 0.1421 -0.9796 -0.1421
vn 0.1671 0.9796 -0.1117
vn 0.3225 0.9217 -0.2155
vn 0.4654 0.8286 -0.3110
vn 0.5905 0.7041 -0.3945
vn 0.6929 0.5528 -0.4630
vn 0.7689 0.3805 -0.5138
vn 0.8157 0.1939 -0.5450
vn 0.8315 -0.0000 -0.5556
vn 0.8157 -0.1939 -0.5450
vn 0.7689 -0.3805 -0.5138
vn 0.6929 -0.5528 -0.4630
vn 0.5905 -0.7041 -0.3945
vn 0.4654 -0.8286 -0.3110
vn 0.3225 -0.9217 -0.2155
vn 0.1671 -0.9796 -0.1117
vn -0.0000 1.0000 -0.0000
vn 0.1857 0.9796 -0.0769
vn 0.3584 0.9217 -0.1484
vn 0.5172 0.8286 -0.2142
vn 0.6561 0.7041 -0.2718
vn 0.7699 0.5528 -0.3189
vn 0.8544 0.3805 -0.3539
vn 0.9063 0.1939 -0.3754
vn 0.9239 -0.0000 -0.3827
vn 0.9063 -0.1939 -0.3754
vn 0.8544 -0.3805 -0.3539
vn 0.7699 -0.5528 -0.3189
vn 0.6561 -0.7041 -0.2718
vn 0.5172 -0.8286 -0.2142
vn 0.3584 -0.9217 -0.1484
vn 0.1857 -0.9796 -0.0769
vn 0.1971 0.9796 -0.0392
vn 0.3804 0.9217 -0.0757
vn 0.5490 0.8286 -0.1092
vn 0.6965 0.7041 -0.1385
vn 0.8173 0.5528 -0.1626
vn 0.9070 0.3805 -0.1804
vn 0.9622 0.1939 -0.1914
vn 0.9808 -0.0000 -0.1951
vn 0.9622 -0.1939 -0.1914
vn 0.9070 -0.3805 -0.1804
vn 0.8173 -0.5528 -0.1626
vn 0.6965 -0.7041 -0.1385
vn 0.5490 -0.8286 -0.1092
vn 0.3804 -0.9217 -0.0757
vn 0.1971 -0.9796 -0.0392
vn 0.2010 0.9796 -0.0000
vn 0.3879 0.9217 -0.0000
vn 0.5598 0.8286 -0.0000
vn 0.7101 0.7041 -0.0000
vn 0.8333 0.5528 -0.0000
vn 0.9248 0.3805 -0.0000
vn 0.9810 0.1939 -0.0000
vn 1.0000 -0.0000 -0.0000
vn 0.9810 -0.1939 -0.0000
vn 0.9248 -0.3805 -0.0000
vn 0.8333 -0.5528 -0.0000
vn 0.7101 -0.7041 -0.0000
vn 0.5598 -0.8286 -0.0000
vn 0.3879 -0.9217 -0.0000
vn 0.2010 -0.9796 -0.0000
vn 0.1971 0.9796 0.0392
vn 0.3804 0.9217 0.0757
vn 0.5490 0.8286 0.1092
vn 0.6965 0.7041 0.1385
vn 0.8173 0.5528 0.1626
vn 0.9070 0.3805 0.1804
vn 0.9622 0.1939 0.1914
vn 0.9808 -0.0000 0.1951
vn 0.9622 -0.1939 0.1914
vn 0.9070 -0.3805 0.1804
vn 0.8173 -0.5528 0.1626
vn 0.6965 -0.7041 0.1385
vn 0.5490 -0.8286 0.1092
vn 0.3804 -0.9217 0.0757
vn 0.1971 -0.9796 0.0392
vn 0.1857 0.9796 0.0769
vn 0.3584 0.9217 0.1484
vn 0.5172 0.8286 0.2142
vn 0.6561 0.7041 0.2718
vn 0.7699 0.5528 0.3189
vn 0.8544 0.3805 0.3539
vn 0.9063 0.1939 0.3754
vn 0.9239 -0.0000 0.3827
vn 0.9063 -0.1939 0.3754
vn 0.8544 -0.3805 0.3539
vn 0.7699 -0.5528 0.3189
vn 0.6561 -0.7041 0.2718
vn 0.5172 -0.8286 0.2142
vn 0.3584 -0.9217 0.1484
vn 0.1857 -0.9796 0.0769
vn 0.1671 0.9796 0.1117
vn 0.3225 0.9217 0.2155
vn 0.4654 0.8286 0.3110
vn 0.5905 0.7041 0.3945
vn 0.6929 0.5528 0.4630
vn 0.7689 0.3805 0.5138
vn 0.8157 0.1939 0.5450
vn 0.8315 -0.0000 0.5556
vn 0.8157 -0.1939 0.5450
vn 0.7689 -0.3805 0.5138
vn 0.6929 -0.5528 0.4630
vn 0.5905 -0.7041 0.3945
vn 0.4654 -0.8286 0.3110
vn 0.3225 -0.9217 0.2155
vn 0.1671 -0.9796 0.1117
vn 0.1421 0.9796 0.1421
vn 0.2743 0.9217 0.2743
vn 0.3958 0.8286 0.3958
vn 0.5021 0.7041 0.5021
vn 0.5893 0.5528 0.5893
vn 0.6539 0.3805 0.6539
vn 0.6937 0.1939 0.6937
vn 0.7071 -0.0000 0.7071
vn 0.6937 -0.1939 0.6937
vn 0.6539 -0.3805 0.6539
vn 0.5893 -0.5528 0.5893
vn 0.5021 -0.7041 0.5021
vn 0.3958 -0.8286 0.3958
vn 0.2743 -0.9217 0.2743
vn 0.1421 -0.9796 0.1421
vn 0.1117 0.9796 0.1671
vn 0.2155 0.9217 0.3225
vn 0.3110 0.8286 0.4654
vn 0.3945 0.7041 0.5905
vn 0.4630 0.5528 0.6929
vn 0.5138 0.3805 0.7689
vn 0.5450 0.1939 0.8157
vn 0.5556 -0.0000 0.8315
vn 0.5450 -0.1939 0.8157
vn 0.5138 -0.3805 0.7689
vn 0.4630 -0.5528 0.6929
vn 0.3945 -0.7041 0.5905
vn 0.3110 -0.8286 0.4654
vn 0.2155 -0.9217 0.3225
vn 0.1117 -0.9796 0.1671
vn 0.0769 0.9796 0.1857
vn 0.1484 0.9217 0.3584
vn 0.2142 0.8286 0.5172
vn 0.2718 0.7041 0.6561
vn 0.3189 0.5528 0.7699
vn 0.3539 0.3805 0.8544
vn 0.3754 0.1939 0.9063
vn 0.3827 -0.0000 0.9239
vn 0.3754 -0.1939 0.9063
vn 0.3539 -0.3805 0.8544
vn 0.3189 -0.5528 0.7699
vn 0.2718 -0.7041 0.6561
vn 0.2142 -0.8286 0.5172
vn 0.1484 -0.9217 0.3584
vn 0.0769 -0.9796 0.1857
vn 0.0392 0.9796 0.1971
vn 0.0757 0.9217 0.3804
vn 0.1092 0.8286 0.5490
vn 0.1385 0.7041 0.6965
vn 0.1626 0.5528 0.8173
vn 0.1804 0.3805 0.9070
vn 0.1914 0.1939 0.9622
vn 0.1951 -0.0000 0.9808
vn 0.1914 -0.1939 0.9622
vn 0.1804 -0.3805 0.9070
vn 0.1626 -0.5528 0.8173
vn 0.1385 -0.7041 0.6965
vn 0.1092 -0.8286 0.5490
vn 0.0757 -0.9217 0.3804
vn 0.0392 -0.9796 0.1971
vn -0.0000 0.9796 0.2010
vn -0.0000 0.9217 0.3879
vn -0.0000 0.8286 0.5598
vn -0.0000 0.7041 0.7101
vn -0.0000 0.5528 0.8333
vn -0.0000 0.3805 0.9248
vn -0.0000 0.1939 0.9810
vn -0.0000 -0.0000 1.0000
vn -0.0000 -0.1939 0.9810
vn -0.0000 -0.3805 0.9248
vn -0.0000 -0.5528 0.8333
vn -0.0000 -0.7041 0.7101
vn -0.0000 -0.8286 0.5598
vn -0.0000 -0.9217 0.3879
vn -0.0000 -0.9796 0.2010
vn -0.0392 0.9796 0.1971
vn -0.0757 0.9217 0.3804
vn -0.1092 0.8286 0.5490
vn -0.1385 0.7041 0.6965
vn -0.1626 0.5528 0.8173
vn -0.1804 0.3805 0.9070
vn -0.1914 0.1939 0.9622
vn -0.1951 -0.0000 0.9808
vn -0.1914 -0.1939 0.9622
vn -0.1804 -0.3805 0.9070
vn -0.1626 -0.5528 0.8173
vn -0.1385 -0.7041 0.6965
vn -0.1092 -0.8286 0.5490
vn -0.0757 -0.9217 0.3804
vn -0.0392 -0.9796 0.1971
vn -0.0769 0.9796 0.1857
vn -0.1484 0.9217 0.3584
vn -0.2142 0.8286 0.5172
vn -0.2718 0.7041 0.6561
vn -0.3189 0.5528 0.7699
vn -0.3539 0.3805 0.8544
vn -0.3754 0.1939 0.9063
vn -0.3827 -0.0000 0.9239
vn -0.3754 -0.1939 0.9063
vn -0.3539 -0.3805 0.8544
vn -0.3189 -0.5528 0.7699
vn -0.2718 -0.7041 0.6561
vn -0.2142 -0.8286 0.5172
vn -0.1484 -0.9217 0.3584
vn -0.0769 -0.9796 0.1857
vn -0.1117 0.9796 0.1671
vn -0.2155 0.9217 0.3225
vn -0.3110 0.8286 0.4654
vn -0.3945 0.7041 0.5905
vn -0.4630 0.5528 0.6929
vn -0.5138 0.3805 0.7689
vn -0.5450 0.1939 0.8157
vn -0.5556 -0.0000 0.8315
vn -0.5450 -0.1939 0.8157
vn -0.5138 -0.3805 0.7689
vn -0.4630 -0.5528 0.6929
vn -0.3945 -0.7041 0.5905
vn -0.3110 -0.8286 0.4654
vn -0.2155 -0.9217 0.3225
vn -0.1117 -0.9796 0.1671
vn -0.1421 0.9796 0.1421
vn -0.2743 0.9217 0.2743
vn -0.3958 0.8286 0.3958
vn -0.5021 0.7041 0.5021
vn -0.5893 0.5528 0.5893
vn -0.6539 0.3805 0.6539
vn -0.6937 0.1939 0.6937
vn -0.7071 -0.0000 0.7071
vn -0.6937 -0.1939 0.6937
vn -0.6539 -0.3805 0.6539
vn -0.5893 -0.5528 0.5893
vn -0.5021 -0.7041 0.5021
vn -0.3958 -0.8286 0.3958
vn -0.2743 -0.9217 0.2743
vn -0.1421 -0.9796 0.1421
vn -0.0000 -1.0000 -0.0000
vn -0.1671 0.9796 0.1117
vn -0.3225 0.9217 0.2155
vn -0.4654 0.8286 0.3110
vn -0.5905 0.7041 0.3945
vn -0.6929 0.5528 0.4630
vn -0.7689 0.3805 0.5138
vn -0.8157 0.1939 0.5450
vn -0.8315 -0.0000 0.5556
vn -0.8157 -0.1939 0.5450
vn -0.7689 -0.3805 0.5138
vn -0.6929 -0.5528 0.4630
vn -0.5905 -0.7041 0.3945
vn -0.4654 -0.8286 0.3110
vn -0.3225 -0.9217 0.2155
vn -0.1671 -0.9796 0.1117
vn -0.1857 0.9796 0.0769
vn -0.3584 0.9217 0.1484
vn -0.5172 0.8286 0.2142
vn -0.6561 0.7041 0.2718
vn -0.7699 0.5528 0.3189
vn -0.8544 0.3805 0.3539
vn -0.9063 0.1939 0.3754
vn -0.9239 -0.0000 0.3827
vn -0.9063 -0.1939 0.3754
vn -0.8544 -0.3805 0.3539
vn -0.7699 -0.5528 0.3189
vn -0.6561 -0.7041 0.2718
vn -0.5172 -0.8286 0.2142
vn -0.3584 -0.9217 0.1484
vn -0.1857 -0.9796 0.0769
vn -0.1971 0.9796 0.0392
vn -0.3804 0.9217 0.0757
vn -0.5490 0.8286 0.1092
vn -0.6965 0.7041 0.1385
vn -0.8173 0.5528 0.1626
vn -0.9070 0.3805 0.1804
vn -0.9622 0.1939 0.1914
vn -0.9808 -0.0000 0.1951
vn -0.9622 -0.1939 0.1914
vn -0.9070 -0.3805 0.1804
vn -0.8173 -0.5528 0.1626
vn -0.6965 -0.7041 0.1385
vn -0.5490 -0.8286 0.1092
vn -0.3804 -0.9217 0.0757
vn -0.1971 -0.9796 0.0392
vn -0.2010 0.9796 -0.0000
vn -0.3879 0.9217 -0.0000
vn -0.5598 0.8286 -0.0000
vn -0.7101 0.7041 -0.0000
vn -0.8333 0.5528 -0.0000
vn -0.9248 0.3805 -0.0000
vn -0.9810 0.1939 -0.0000
vn -1.0000 -0.0000 -0.0000
vn -0.9810 -0.1939 -0.0000
vn -0.9248 -0.3805 -0.0000
vn -0.8333 -0.5528 -0.0000
vn -0.7101 -0.7041 -0.0000
vn -0.5598 -0.8286 -0.0000
vn -0.3879 -0.9217 -0.0000
vn -0.2010 -0.9796 -0.0000
vn -0.1971 0.9796 -0.0392
vn -0.3804 0.9217 -0.0757
vn -0.5490 0.8286 -0.1092
vn -0.6965 0.7041 -0.1385
vn -0.8173 0.5528 -0.1626
vn -0.9070 0.3805 -0.1804
vn -0.9622 0.1939 -0.1914
vn -0.9808 -0.0000 -0.1951
vn -0.9622 -0.1939 -0.1914
vn -0.9070 -0.3805 -0.1804
vn -0.8173 -0.5528 -0.1626
vn -0.6965 -0.7041 -0.1385
vn -0.5490 -0.8286 -0.1092
vn -0.3804 -0.9217 -0.0757
vn -0.1971 -0.9796 -0.0392
vn -0.1857 0.9796 -0.0769
vn -0.3584 0.9217 -0.1484
vn -0.5172 0.8286 -0.2142
vn -0.6561 0.7041 -0.2718
vn -0.7699 0.5528 -0.3189
vn -0.8544 0.3805 -0.3539
vn -0.9063 0.1939 -0.3754
vn -0.9239 -0.0000 -0.3827
vn -0.9063 -0.1939 -0.3754
vn -0.8544 -0.3805 -0.3539
vn -0.7699 -0.5528 -0.3189
vn -0.6561 -0.7041 -0.2718
vn -0.5172 -0.8286 -0.2142
vn -0.3584 -0.9217 -0.1484
vn -0.1857 -0.9796 -0.0769
vn -0.1671 0.9796 -0.1117
vn -0.3225 0.9217 -0.2155
vn -0.4654 0.8286 -0.3110
vn -0.5905 0.7041 -0.3945
vn -0.6929 0.5528 -0.4630
vn -0.7689 0.3805 -0.5138
vn -0.8157 0.1939 -0.5450
vn -0.8315 -0.0000 -0.5556
vn -0.8157 -0.1939 -0.5450
vn -0.7689 -0.3805 -0.5138
vn -0.6929 -0.5528 -0.4630
vn -0.5905 -0.7041 -0.3945
vn -0.4654 -0.8286 -0.3110
vn -0.3225 -0.9217 -0.2155
vn -0.1671 -0.9796 -0.1117
vn -0.1421 0.9796 -0.1421
vn -0.2743 0.9217 -0.2743
vn -0.3958 0.8286 -0.3958
vn -0.5021 0.7041 -0.5021
vn -0.5893 0.5528 -0.5893
vn -0.6539 0.3805 -0.6539
vn -0.6937 0.1939 -0.6937
vn -0.7071 -0.0000 -0.7071
vn -0.6937 -0.1939 -0.6937
vn -0.6539 -0.3805 -0.6539
vn -0.5893 -0.5528 -0.5893
vn -0.5021 -0.7041 -0.5021
vn -0.3958 -0.8286 -0.3958
vn -0.2743 -0.9217 -0.2743
vn -0.1421 -0.9796 -0.1421
vn -0.1117 0.9796 -0.1671
vn -0.2155 0.9217 -0.3225
vn -0.3110 0.8286 -0.4654
vn -0.3945 0.7041 -0.5905
vn -0.4630 0.5528 -0.6929
vn -0.5138 0.3805 -0.7689
vn -0.5450 0.1939 -0.8157
vn -0.5556 -0.0000 -0.8315
vn -0.5450 -0.1939 -0.8157
vn -0.5138 -0.3805 -0.7689
vn -0.4630 -0.5528 -0.6929
vn -0.3945 -0.7041 -0.5905
vn -0.3110 -0.8286 -0.4654
vn -0.2155 -0.9217 -0.3225
vn -0.1117 -0.9796 -0.1671
vn -0.0769 0.9796 -0.1857
vn -0.1484 0.9217 -0.3584
vn -0.2142 0.8286 -0.5172
vn -0.2718 0.7041 -0.6561
vn -0.3189 0.5528 -0.7699
vn -0.3539 0.3805 -0.8544
vn -0.3754 0.1939 -0.9063
vn -0.3827 -0.0000 -0.9239
vn -0.3754 -0.1939 -0.9063
vn -0.3539 -0.3805 -0.8544
vn -0.3189 -0.5528 -0.7699
vn -0.2718 -0.7041 -0.6561
vn -0.2142 -0.8286 -0.5172
vn -0.1484 -0.9217 -0.3584
vn -0.0769 -0.9796 -0.1857
vn -0.0392 0.9796 -0.1971
vn -0.0757 0.9217 -0.3804
vn -0.1092 0.8286 -0.5490
vn -0.1385 0.7041 -0.6965
vn -0.1626 0.5528 -0.8173
vn -0.1804 0.3805 -0.9070
vn -0.1914 0.1939 -0.9622
vn -0.1951 -0.0000 -0.9808
vn -0.1914 -0.1939 -0.9622
vn -0.1804 -0.3805 -0.9070
vn -0.1626 -0.5528 -0.8173
vn -0.1385 -0.7041 -0.6965
vn -0.1092 -0.8286 -0.5490
vn -0.0757 -0.9217 -0.3804
vn -0.0392 -0.9796 -0.1971
vn -0.0000 0.9796 -0.2010
vn -0.0000 0.9217 -0.3879
vn -0.0000 0.7041 -0.7101
vn -0.0000 0.3805 -0.9248
vn -0.0000 -0.3805 -0.9248
vn -0.0000 -0.7041 -0.7101
vn -0.0000 -0.8286 -0.5598
vn -0.0000 -0.9217 -0.3879
vn -0.0000 -0.9796 -0.2010
vt 0.750000 0.937500
vt 0.734375 1.000000
vt 0.718750 0.937500
vt 0.734375 0.000000
vt 0.750000 0.062500
vt 0.718750 0.062500
vt 0.750000 0.437500
vt 0.750000 0.500000
vt 0.718750 0.500000
vt 0.718750 0.437500
vt 0.750000 0.875000
vt 0.718750 0.875000
vt 0.750000 0.375000
vt 0.718750 0.375000
vt 0.750000 0.812500
vt 0.718750 0.812500
vt 0.750000 0.312500
vt 0.718750 0.312500
vt 0.750000 0.750000
vt 0.718750 0.750000
vt 0.750000 0.250000
vt 0.718750 0.250000
vt 0.750000 0.687500
vt 0.718750 0.687500
vt 0.750000 0.187500
vt 0.718750 0.187500
vt 0.750000 0.625000
vt 0.718750 0.625000
vt 0.750000 0.125000
vt 0.718750 0.125000
vt 0.750000 0.562500
vt 0.718750 0.562500
vt 0.687500 0.625000
vt 0.687500 0.562500
vt 0.687500 0.125000
vt 0.687500 0.062500
vt 0.687500 0.500000
vt 0.703125 1.000000
vt 0.687500 0.937500
vt 0.703125 0.000000
vt 0.687500 0.437500
vt 0.687500 0.875000
vt 0.687500 0.375000
vt 0.687500 0.812500
vt 0.687500 0.312500
vt 0.687500 0.750000
vt 0.687500 0.250000
vt 0.687500 0.687500
vt 0.687500 0.187500
vt 0.656250 0.375000
vt 0.656250 0.312500
vt 0.656250 0.812500
vt 0.656250 0.750000
vt 0.656250 0.250000
vt 0.656250 0.687500
vt 0.656250 0.187500
vt 0.656250 0.625000
vt 0.656250 0.125000
vt 0.656250 0.562500
vt 0.656250 0.062500
vt 0.656250 0.500000
vt 0.671875 1.000000
vt 0.656250 0.937500
vt 0.671875 0.000000
vt 0.656250 0.437500
vt 0.656250 0.875000
vt 0.625000 0.125000
vt 0.625000 0.062500
vt 0.625000 0.562500
vt 0.625000 0.500000
vt 0.640625 1.000000
vt 0.625000 0.937500
vt 0.640625 0.000000
vt 0.625000 0.437500
vt 0.625000 0.875000
vt 0.625000 0.375000
vt 0.625000 0.812500
vt 0.625000 0.312500
vt 0.625000 0.750000
vt 0.625000 0.250000
vt 0.625000 0.687500
vt 0.625000 0.187500
vt 0.625000 0.625000
vt 0.593750 0.312500
vt 0.593750 0.250000
vt 0.593750 0.750000
vt 0.593750 0.687500
vt 0.593750 0.187500
vt 0.593750 0.625000
vt 0.593750 0.125000
vt 0.593750 0.562500
vt 0.593750 0.062500
vt 0.593750 0.500000
vt 0.609375 1.000000
vt 0.593750 0.937500
vt 0.609375 0.000000
vt 0.593750 0.437500
vt 0.593750 0.875000
vt 0.593750 0.375000
vt 0.593750 0.812500
vt 0.578125 1.000000
vt 0.562500 0.937500
vt 0.578125 0.000000
vt 0.562500 0.062500
vt 0.562500 0.500000
vt 0.562500 0.437500
vt 0.562500 0.875000
vt 0.562500 0.375000
vt 0.562500 0.812500
vt 0.562500 0.312500
vt 0.562500 0.750000
vt 0.562500 0.250000
vt 0.562500 0.687500
vt 0.562500 0.187500
vt 0.562500 0.625000
vt 0.562500 0.125000
vt 0.562500 0.562500
vt 0.531250 0.750000
vt 0.531250 0.687500
vt 0.531250 0.250000
vt 0.531250 0.187500
vt 0.531250 0.625000
vt 0.531250 0.125000
vt 0.531250 0.562500
vt 0.531250 0.062500
vt 0.531250 0.500000
vt 0.546875 1.000000
vt 0.531250 0.937500
vt 0.546875 0.000000
vt 0.531250 0.437500
vt 0.531250 0.875000
vt 0.531250 0.375000
vt 0.531250 0.812500
vt 0.531250 0.312500
vt 0.500000 0.500000
vt 0.500000 0.437500
vt 0.500000 0.937500
vt 0.500000 0.875000
vt 0.500000 0.375000
vt 0.500000 0.812500
vt 0.500000 0.312500
vt 0.500000 0.750000
vt 0.500000 0.250000
vt 0.500000 0.687500
vt 0.500000 0.187500
vt 0.500000 0.625000
vt 0.500000 0.125000
vt 0.500000 0.562500
vt 0.500000 0.062500
vt 0.515625 1.000000
vt 0.515625 0.000000
vt 0.468750 0.250000
vt 0.468750 0.187500
vt 0.468750 0.687500
vt 0.468750 0.625000
vt 0.468750 0.125000
vt 0.468750 0.562500
vt 0.468750 0.062500
vt 0.468750 0.500000
vt 0.484375 1.000000
vt 0.468750 0.937500
vt 0.484375 0.000000
vt 0.468750 0.437500
vt 0.468750 0.875000
vt 0.468750 0.375000
vt 0.468750 0.812500
vt 0.468750 0.312500
vt 0.468750 0.750000
vt 0.437500 0.937500
vt 0.437500 0.875000
vt 0.437500 0.437500
vt 0.437500 0.375000
vt 0.437500 0.812500
vt 0.437500 0.312500
vt 0.437500 0.750000
vt 0.437500 0.250000
vt 0.437500 0.687500
vt 0.437500 0.187500
vt 0.437500 0.625000
vt 0.437500 0.125000
vt 0.437500 0.562500
vt 0.437500 0.062500
vt 0.437500 0.500000
vt 0.453125 1.000000
vt 0.453125 0.000000
vt 0.406250 0.687500
vt 0.406250 0.625000
vt 0.406250 0.187500
vt 0.406250 0.125000
vt 0.406250 0.562500
vt 0.406250 0.062500
vt 0.406250 0.500000
vt 0.421875 1.000000
vt 0.406250 0.937500
vt 0.421875 0.000000
vt 0.406250 0.437500
vt 0.406250 0.875000
vt 0.406250 0.375000
vt 0.406250 0.812500
vt 0.406250 0.312500
vt 0.406250 0.750000
vt 0.406250 0.250000
vt 0.375000 0.437500
vt 0.375000 0.375000
vt 0.375000 0.875000
vt 0.375000 0.812500
vt 0.375000 0.312500
vt 0.375000 0.750000
vt 0.375000 0.250000
vt 0.375000 0.687500
vt 0.375000 0.187500
vt 0.375000 0.625000
vt 0.375000 0.125000
vt 0.375000 0.562500
vt 0.375000 0.062500
vt 0.375000 0.500000
vt 0.390625 1.000000
vt 0.375000 0.937500
vt 0.390625 0.000000
vt 0.343750 0.187500
vt 0.343750 0.125000
vt 0.343750 0.625000
vt 0.343750 0.562500
vt 0.343750 0.062500
vt 0.343750 0.500000
vt 0.359375 1.000000
vt 0.343750 0.937500
vt 0.359375 0.000000
vt 0.343750 0.437500
vt 0.343750 0.875000
vt 0.343750 0.375000
vt 0.343750 0.812500
vt 0.343750 0.312500
vt 0.343750 0.750000
vt 0.343750 0.250000
vt 0.343750 0.687500
vt 0.312500 0.375000
vt 0.312500 0.312500
vt 0.312500 0.812500
vt 0.312500 0.750000
vt 0.312500 0.250000
vt 0.312500 0.687500
vt 0.312500 0.187500
vt 0.312500 0.625000
vt 0.312500 0.125000
vt 0.312500 0.562500
vt 0.312500 0.062500
vt 0.312500 0.500000
vt 0.328125 1.000000
vt 0.312500 0.937500
vt 0.328125 0.000000
vt 0.312500 0.437500
vt 0.312500 0.875000
vt 0.281250 0.125000
vt 0.281250 0.062500
vt 0.281250 0.562500
vt 0.281250 0.500000
vt 0.296875 1.000000
vt 0.281250 0.937500
vt 0.296875 0.000000
vt 0.281250 0.437500
vt 0.281250 0.875000
vt 0.281250 0.375000
vt 0.281250 0.812500
vt 0.281250 0.312500
vt 0.281250 0.750000
vt 0.281250 0.250000
vt 0.281250 0.687500
vt 0.281250 0.187500
vt 0.281250 0.625000
vt 0.250000 0.812500
vt 0.250000 0.750000
vt 0.250000 0.312500
vt 0.250000 0.250000
vt 0.250000 0.687500
vt 0.250000 0.187500
vt 0.250000 0.625000
vt 0.250000 0.125000
vt 0.250000 0.562500
vt 0.250000 0.062500
vt 0.250000 0.500000
vt 0.265625 1.000000
vt 0.250000 0.937500
vt 0.265625 0.000000
vt 0.250000 0.437500
vt 0.250000 0.875000
vt 0.250000 0.375000
vt 0.218750 0.562500
vt 0.218750 0.500000
vt 0.234375 1.000000
vt 0.218750 0.937500
vt 0.234375 0.000000
vt 0.218750 0.062500
vt 0.218750 0.437500
vt 0.218750 0.875000
vt 0.218750 0.375000
vt 0.218750 0.812500
vt 0.218750 0.312500
vt 0.218750 0.750000
vt 0.218750 0.250000
vt 0.218750 0.687500
vt 0.218750 0.187500
vt 0.218750 0.625000
vt 0.218750 0.125000
vt 0.187500 0.312500
vt 0.187500 0.250000
vt 0.187500 0.750000
vt 0.187500 0.687500
vt 0.187500 0.187500
vt 0.187500 0.625000
vt 0.187500 0.125000
vt 0.187500 0.562500
vt 0.187500 0.062500
vt 0.187500 0.500000
vt 0.203125 1.000000
vt 0.187500 0.937500
vt 0.203125 0.000000
vt 0.187500 0.437500
vt 0.187500 0.875000
vt 0.187500 0.375000
vt 0.187500 0.812500
vt 0.171875 1.000000
vt 0.156250 0.937500
vt 0.171875 0.000000
vt 0.156250 0.062500
vt 0.156250 0.500000
vt 0.156250 0.437500
vt 0.156250 0.875000
vt 0.156250 0.375000
vt 0.156250 0.812500
vt 0.156250 0.312500
vt 0.156250 0.750000
vt 0.156250 0.250000
vt 0.156250 0.687500
vt 0.156250 0.187500
vt 0.156250 0.625000
vt 0.156250 0.125000
vt 0.156250 0.562500
vt 0.125000 0.750000
vt 0.125000 0.687500
vt 0.125000 0.250000
vt 0.125000 0.187500
vt 0.125000 0.625000
vt 0.125000 0.125000
vt 0.125000 0.562500
vt 0.125000 0.062500
vt 0.125000 0.500000
vt 0.140625 1.000000
vt 0.125000 0.937500
vt 0.140625 0.000000
vt 0.125000 0.437500
vt 0.125000 0.875000
vt 0.125000 0.375000
vt 0.125000 0.812500
vt 0.125000 0.312500
vt 0.093750 0.500000
vt 0.093750 0.437500
vt 0.093750 0.937500
vt 0.093750 0.875000
vt 0.093750 0.375000
vt 0.093750 0.812500
vt 0.093750 0.312500
vt 0.093750 0.750000
vt 0.093750 0.250000
vt 0.093750 0.687500
vt 0.093750 0.187500
vt 0.093750 0.625000
vt 0.093750 0.125000
vt 0.093750 0.562500
vt 0.093750 0.062500
vt 0.109375 1.000000
vt 0.109375 0.000000
vt 0.062500 0.250000
vt 0.062500 0.187500
vt 0.062500 0.687500
vt 0.062500 0.625000
vt 0.062500 0.125000
vt 0.062500 0.562500
vt 0.062500 0.062500
vt 0.062500 0.500000
vt 0.078125 1.000000
vt 0.062500 0.937500
vt 0.078125 0.000000
vt 0.062500 0.437500
vt 0.062500 0.875000
vt 0.062500 0.375000
vt 0.062500 0.812500
vt 0.062500 0.312500
vt 0.062500 0.750000
vt 0.031250 0.437500
vt 0.031250 0.375000
vt 0.031250 0.875000
vt 0.031250 0.812500
vt 0.031250 0.312500
vt 0.031250 0.750000
vt 0.031250 0.250000
vt 0.031250 0.687500
vt 0.031250 0.187500
vt 0.031250 0.625000
vt 0.031250 0.125000
vt 0.031250 0.562500
vt 0.031250 0.062500
vt 0.031250 0.500000
vt 0.046875 1.000000
vt 0.031250 0.937500
vt 0.046875 0.000000
vt 0.000000 0.187500
vt 0.000000 0.125000
vt 0.000000 0.625000
vt 0.000000 0.562500
vt 0.000000 0.062500
vt 0.000000 0.500000
vt 0.015625 1.000000
vt 0.000000 0.937500
vt 0.015625 0.000000
vt 0.000000 0.437500
vt 0.000000 0.875000
vt 0.000000 0.375000
vt 0.000000 0.812500
vt 0.000000 0.312500
vt 0.000000 0.750000
vt 0.000000 0.250000
vt 0.000000 0.687500
vt 1.000000 0.812500
vt 1.000000 0.875000
vt 0.968750 0.875000
vt 0.968750 0.812500
vt 1.000000 0.312500
vt 1.000000 0.375000
vt 0.968750 0.375000
vt 0.968750 0.312500
vt 1.000000 0.750000
vt 0.968750 0.750000
vt 1.000000 0.250000
vt 0.968750 0.250000
vt 1.000000 0.687500
vt 0.968750 0.687500
vt 1.000000 0.187500
vt 0.968750 0.187500
vt 1.000000 0.625000
vt 0.968750 0.625000
vt 1.000000 0.125000
vt 0.968750 0.125000
vt 1.000000 0.562500
vt 0.968750 0.562500
vt 1.000000 0.062500
vt 0.968750 0.062500
vt 1.000000 0.500000
vt 0.968750 0.500000
vt 1.000000 0.937500
vt 0.984375 1.000000
vt 0.968750 0.937500
vt 0.984375 0.000000
vt 1.000000 0.437500
vt 0.968750 0.437500
vt 0.937500 0.625000
vt 0.937500 0.562500
vt 0.937500 0.125000
vt 0.937500 0.062500
vt 0.937500 0.500000
vt 0.953125 1.000000
vt 0.937500 0.937500
vt 0.953125 0.000000
vt 0.937500 0.437500
vt 0.937500 0.875000
vt 0.937500 0.375000
vt 0.937500 0.812500
vt 0.937500 0.312500
vt 0.937500 0.750000
vt 0.937500 0.250000
vt 0.937500 0.687500
vt 0.937500 0.187500
vt 0.906250 0.375000
vt 0.906250 0.312500
vt 0.906250 0.812500
vt 0.906250 0.750000
vt 0.906250 0.250000
vt 0.906250 0.687500
vt 0.906250 0.187500
vt 0.906250 0.625000
vt 0.906250 0.125000
vt 0.906250 0.562500
vt 0.906250 0.062500
vt 0.906250 0.500000
vt 0.921875 1.000000
vt 0.906250 0.937500
vt 0.921875 0.000000
vt 0.906250 0.437500
vt 0.906250 0.875000
vt 0.875000 0.125000
vt 0.875000 0.062500
vt 0.875000 0.562500
vt 0.875000 0.500000
vt 0.890625 1.000000
vt 0.875000 0.937500
vt 0.890625 0.000000
vt 0.875000 0.437500
vt 0.875000 0.875000
vt 0.875000 0.375000
vt 0.875000 0.812500
vt 0.875000 0.312500
vt 0.875000 0.750000
vt 0.875000 0.250000
vt 0.875000 0.687500
vt 0.875000 0.187500
vt 0.875000 0.625000
vt 0.843750 0.812500
vt 0.843750 0.750000
vt 0.843750 0.312500
vt 0.843750 0.250000
vt 0.843750 0.687500
vt 0.843750 0.187500
vt 0.843750 0.625000
vt 0.843750 0.125000
vt 0.843750 0.562500
vt 0.843750 0.062500
vt 0.843750 0.500000
vt 0.859375 1.000000
vt 0.843750 0.937500
vt 0.859375 0.000000
vt 0.843750 0.437500
vt 0.843750 0.875000
vt 0.843750 0.375000
vt 0.812500 0.562500
vt 0.812500 0.500000
vt 0.828125 1.000000
vt 0.812500 0.937500
vt 0.828125 0.000000
vt 0.812500 0.062500
vt 0.812500 0.437500
vt 0.812500 0.875000
vt 0.812500 0.375000
vt 0.812500 0.812500
vt 0.812500 0.312500
vt 0.812500 0.750000
vt 0.812500 0.250000
vt 0.812500 0.687500
vt 0.812500 0.187500
vt 0.812500 0.625000
vt 0.812500 0.125000
vt 0.781250 0.312500
vt 0.781250 0.250000
vt 0.781250 0.750000
vt 0.781250 0.687500
vt 0.781250 0.187500
vt 0.781250 0.625000
vt 0.781250 0.125000
vt 0.781250 0.562500
vt 0.781250 0.062500
vt 0.781250 0.500000
vt 0.796875 1.000000
vt 0.781250 0.937500
vt 0.796875 0.000000
vt 0.781250 0.437500
vt 0.781250 0.875000
vt 0.781250 0.375000
vt 0.781250 0.812500
vt 0.765625 0.000000
vt 0.765625 1.000000
s 1
f 3787/3827/3027 3395/3828/2635 3320/3829/2560
f 3621/3830/2861 3795/3831/3035 3334/3832/2574
f 3318/3833/2558 3317/3834/2557 3327/3835/2567 3328/3836/2568
f 3788/3837/3028 3787/3827/3027 3320/3829/2560 3321/3838/2561
f 3791/3839/3031 3318/3833/2558 3328/3836/2568 3329/3840/2569
f 3314/3841/2554 3788/3837/3028 3321/3838/2561 3322/3842/2562
f 3319/3843/2559 3791/3839/3031 3329/3840/2569 3330/3844/2570
f 3789/3845/3029 3314/3841/2554 3322/3842/2562 3323/3846/2563
f 3792/3847/3032 3319/3843/2559 3330/3844/2570 3331/3848/2571
f 3315/3849/2555 3789/3845/3029 3323/3846/2563 3324/3850/2564
f 3793/3851/3033 3792/3847/3032 3331/3848/2571 3332/3852/2572
f 3790/3853/3030 3315/3849/2555 3324/3850/2564 3325/3854/2565
f 3794/3855/3034 3793/3851/3033 3332/3852/2572 3333/3856/2573
f 3316/3857/2556 3790/3853/3030 3325/3854/2565 3326/3858/2566
f 3795/3831/3035 3794/3855/3034 3333/3856/2573 3334/3832/2574
f 3317/3834/2557 3316/3857/2556 3326/3858/2566 3327/3835/2567
f 3326/3858/2566 3325/3854/2565 3340/3859/2580 3341/3860/2581
f 3334/3832/2574 3333/3856/2573 3348/3861/2588 3349/3862/2589
f 3327/3835/2567 3326/3858/2566 3341/3860/2581 3342/3863/2582
f 3320/3829/2560 3395/3864/2635 3335/3865/2575
f 3621/3866/2861 3334/3832/2574 3349/3862/2589
f 3328/3836/2568 3327/3835/2567 3342/3863/2582 3343/3867/2583
f 3321/3838/2561 3320/3829/2560 3335/3865/2575 3336/3868/2576
f 3329/3840/2569 3328/3836/2568 3343/3867/2583 3344/3869/2584
f 3322/3842/2562 3321/3838/2561 3336/3868/2576 3337/3870/2577
f 3330/3844/2570 3329/3840/2569 3344/3869/2584 3345/3871/2585
f 3323/3846/2563 3322/3842/2562 3337/3870/2577 3338/3872/2578
f 3331/3848/2571 3330/3844/2570 3345/3871/2585 3346/3873/2586
f 3324/3850/2564 3323/3846/2563 3338/3872/2578 3339/3874/2579
f 3332/3852/2572 3331/3848/2571 3346/3873/2586 3347/3875/2587
f 3325/3854/2565 3324/3850/2564 3339/3874/2579 3340/3859/2580
f 3333/3856/2573 3332/3852/2572 3347/3875/2587 3348/3861/2588
f 3345/3871/2585 3344/3869/2584 3359/3876/2599 3360/3877/2600
f 3338/3872/2578 3337/3870/2577 3352/3878/2592 3353/3879/2593
f 3346/3873/2586 3345/3871/2585 3360/3877/2600 3361/3880/2601
f 3339/3874/2579 3338/3872/2578 3353/3879/2593 3354/3881/2594
f 3347/3875/2587 3346/3873/2586 3361/3880/2601 3362/3882/2602
f 3340/3859/2580 3339/3874/2579 3354/3881/2594 3355/3883/2595
f 3348/3861/2588 3347/3875/2587 3362/3882/2602 3363/3884/2603
f 3341/3860/2581 3340/3859/2580 3355/3883/2595 3356/3885/2596
f 3349/3862/2589 3348/3861/2588 3363/3884/2603 3364/3886/2604
f 3342/3863/2582 3341/3860/2581 3356/3885/2596 3357/3887/2597
f 3335/3865/2575 3395/3888/2635 3350/3889/2590
f 3621/3890/2861 3349/3862/2589 3364/3886/2604
f 3343/3867/2583 3342/3863/2582 3357/3887/2597 3358/3891/2598
f 3336/3868/2576 3335/3865/2575 3350/3889/2590 3351/3892/2591
f 3344/3869/2584 3343/3867/2583 3358/3891/2598 3359/3876/2599
f 3337/3870/2577 3336/3868/2576 3351/3892/2591 3352/3878/2592
f 3364/3886/2604 3363/3884/2603 3378/3893/2618 3379/3894/2619
f 3357/3887/2597 3356/3885/2596 3371/3895/2611 3372/3896/2612
f 3350/3889/2590 3395/3897/2635 3365/3898/2605
f 3621/3899/2861 3364/3886/2604 3379/3894/2619
f 3358/3891/2598 3357/3887/2597 3372/3896/2612 3373/3900/2613
f 3351/3892/2591 3350/3889/2590 3365/3898/2605 3366/3901/2606
f 3359/3876/2599 3358/3891/2598 3373/3900/2613 3374/3902/2614
f 3352/3878/2592 3351/3892/2591 3366/3901/2606 3367/3903/2607
f 3360/3877/2600 3359/3876/2599 3374/3902/2614 3375/3904/2615
f 3353/3879/2593 3352/3878/2592 3367/3903/2607 3368/3905/2608
f 3361/3880/2601 3360/3877/2600 3375/3904/2615 3376/3906/2616
f 3354/3881/2594 3353/3879/2593 3368/3905/2608 3369/3907/2609
f 3362/3882/2602 3361/3880/2601 3376/3906/2616 3377/3908/2617
f 3355/3883/2595 3354/3881/2594 3369/3907/2609 3370/3909/2610
f 3363/3884/2603 3362/3882/2602 3377/3908/2617 3378/3893/2618
f 3356/3885/2596 3355/3883/2595 3370/3909/2610 3371/3895/2611
f 3376/3906/2616 3375/3904/2615 3390/3910/2630 3391/3911/2631
f 3369/3907/2609 3368/3905/2608 3383/3912/2623 3384/3913/2624
f 3377/3908/2617 3376/3906/2616 3391/3911/2631 3392/3914/2632
f 3370/3909/2610 3369/3907/2609 3384/3913/2624 3385/3915/2625
f 3378/3893/2618 3377/3908/2617 3392/3914/2632 3393/3916/2633
f 3371/3895/2611 3370/3909/2610 3385/3915/2625 3386/3917/2626
f 3379/3894/2619 3378/3893/2618 3393/3916/2633 3394/3918/2634
f 3372/3896/2612 3371/3895/2611 3386/3917/2626 3387/3919/2627
f 3365/3898/2605 3395/3920/2635 3380/3921/2620
f 3621/3922/2861 3379/3894/2619 3394/3918/2634
f 3373/3900/2613 3372/3896/2612 3387/3919/2627 3388/3923/2628
f 3366/3901/2606 3365/3898/2605 3380/3921/2620 3381/3924/2621
f 3374/3902/2614 3373/3900/2613 3388/3923/2628 3389/3925/2629
f 3367/3903/2607 3366/3901/2606 3381/3924/2621 3382/3926/2622
f 3375/3904/2615 3374/3902/2614 3389/3925/2629 3390/3910/2630
f 3368/3905/2608 3367/3903/2607 3382/3926/2622 3383/3912/2623
f 3380/3921/2620 3395/3927/2635 3396/3928/2636
f 3621/3929/2861 3394/3918/2634 3410/3930/2650
f 3388/3923/2628 3387/3919/2627 3403/3931/2643 3404/3932/2644
f 3381/3924/2621 3380/3921/2620 3396/3928/2636 3397/3933/2637
f 3389/3925/2629 3388/3923/2628 3404/3932/2644 3405/3934/2645
f 3382/3926/2622 3381/3924/2621 3397/3933/2637 3398/3935/2638
f 3390/3910/2630 3389/3925/2629 3405/3934/2645 3406/3936/2646
f 3383/3912/2623 3382/3926/2622 3398/3935/2638 3399/3937/2639
f 3391/3911/2631 3390/3910/2630 3406/3936/2646 3407/3938/2647
f 3384/3913/2624 3383/3912/2623 3399/3937/2639 3400/3939/2640
f 3392/3914/2632 3391/3911/2631 3407/3938/2647 3408/3940/2648
f 3385/3915/2625 3384/3913/2624 3400/3939/2640 3401/3941/2641
f 3393/3916/2633 3392/3914/2632 3408/3940/2648 3409/3942/2649
f 3386/3917/2626 3385/3915/2625 3401/3941/2641 3402/3943/2642
f 3394/3918/2634 3393/3916/2633 3409/3942/2649 3410/3930/2650
f 3387/3919/2627 3386/3917/2626 3402/3943/2642 3403/3931/2643
f 3400/3939/2640 3399/3937/2639 3414/3944/2654 3415/3945/2655
f 3408/3940/2648 3407/3938/2647 3422/3946/2662 3423/3947/2663
f 3401/3941/2641 3400/3939/2640 3415/3945/2655 3416/3948/2656
f 3409/3942/2649 3408/3940/2648 3423/3947/2663 3424/3949/2664
f 3402/3943/2642 3401/3941/2641 3416/3948/2656 3417/3950/2657
f 3410/3930/2650 3409/3942/2649 3424/3949/2664 3425/3951/2665
f 3403/3931/2643 3402/3943/2642 3417/3950/2657 3418/3952/2658
f 3396/3928/2636 3395/3953/2635 3411/3954/2651
f 3621/3955/2861 3410/3930/2650 3425/3951/2665
f 3404/3932/2644 3403/3931/2643 3418/3952/2658 3419/3956/2659
f 3397/3933/2637 3396/3928/2636 3411/3954/2651 3412/3957/2652
f 3405/3934/2645 3404/3932/2644 3419/3956/2659 3420/3958/2660
f 3398/3935/2638 3397/3933/2637 3412/3957/2652 3413/3959/2653
f 3406/3936/2646 3405/3934/2645 3420/3958/2660 3421/3960/2661
f 3399/3937/2639 3398/3935/2638 3413/3959/2653 3414/3944/2654
f 3407/3938/2647 3406/3936/2646 3421/3960/2661 3422/3946/2662
f 3419/3956/2659 3418/3952/2658 3433/3961/2673 3434/3962/2674
f 3412/3957/2652 3411/3954/2651 3426/3963/2666 3427/3964/2667
f 3420/3958/2660 3419/3956/2659 3434/3962/2674 3435/3965/2675
f 3413/3959/2653 3412/3957/2652 3427/3964/2667 3428/3966/2668
f 3421/3960/2661 3420/3958/2660 3435/3965/2675 3436/3967/2676
f 3414/3944/2654 3413/3959/2653 3428/3966/2668 3429/3968/2669
f 3422/3946/2662 3421/3960/2661 3436/3967/2676 3437/3969/2677
f 3415/3945/2655 3414/3944/2654 3429/3968/2669 3430/3970/2670
f 3423/3947/2663 3422/3946/2662 3437/3969/2677 3438/3971/2678
f 3416/3948/2656 3415/3945/2655 3430/3970/2670 3431/3972/2671
f 3424/3949/2664 3423/3947/2663 3438/3971/2678 3439/3973/2679
f 3417/3950/2657 3416/3948/2656 3431/3972/2671 3432/3974/2672
f 3425/3951/2665 3424/3949/2664 3439/3973/2679 3440/3975/2680
f 3418/3952/2658 3417/3950/2657 3432/3974/2672 3433/3961/2673
f 3411/3954/2651 3395/3976/2635 3426/3963/2666
f 3621/3977/2861 3425/3951/2665 3440/3975/2680
f 3438/3971/2678 3437/3969/2677 3452/3978/2692 3453/3979/2693
f 3431/3972/2671 3430/3970/2670 3445/3980/2685 3446/3981/2686
f 3439/3973/2679 3438/3971/2678 3453/3979/2693 3454/3982/2694
f 3432/3974/2672 3431/3972/2671 3446/3981/2686 3447/3983/2687
f 3440/3975/2680 3439/3973/2679 3454/3982/2694 3455/3984/2695
f 3433/3961/2673 3432/3974/2672 3447/3983/2687 3448/3985/2688
f 3426/3963/2666 3395/3986/2635 3441/3987/2681
f 3621/3988/2861 3440/3975/2680 3455/3984/2695
f 3434/3962/2674 3433/3961/2673 3448/3985/2688 3449/3989/2689
f 3427/3964/2667 3426/3963/2666 3441/3987/2681 3442/3990/2682
f 3435/3965/2675 3434/3962/2674 3449/3989/2689 3450/3991/2690
f 3428/3966/2668 3427/3964/2667 3442/3990/2682 3443/3992/2683
f 3436/3967/2676 3435/3965/2675 3450/3991/2690 3451/3993/2691
f 3429/3968/2669 3428/3966/2668 3443/3992/2683 3444/3994/2684
f 3437/3969/2677 3436/3967/2676 3451/3993/2691 3452/3978/2692
f 3430/3970/2670 3429/3968/2669 3444/3994/2684 3445/3980/2685
f 3442/3990/2682 3441/3987/2681 3456/3995/2696 3457/3996/2697
f 3450/3991/2690 3449/3989/2689 3464/3997/2704 3465/3998/2705
f 3443/3992/2683 3442/3990/2682 3457/3996/2697 3458/3999/2698
f 3451/3993/2691 3450/3991/2690 3465/3998/2705 3466/4000/2706
f 3444/3994/2684 3443/3992/2683 3458/3999/2698 3459/4001/2699
f 3452/3978/2692 3451/3993/2691 3466/4000/2706 3467/4002/2707
f 3445/3980/2685 3444/3994/2684 3459/4001/2699 3460/4003/2700
f 3453/3979/2693 3452/3978/2692 3467/4002/2707 3468/4004/2708
f 3446/3981/2686 3445/3980/2685 3460/4003/2700 3461/4005/2701
f 3454/3982/2694 3453/3979/2693 3468/4004/2708 3469/4006/2709
f 3447/3983/2687 3446/3981/2686 3461/4005/2701 3462/4007/2702
f 3455/3984/2695 3454/3982/2694 3469/4006/2709 3470/4008/2710
f 3448/3985/2688 3447/3983/2687 3462/4007/2702 3463/4009/2703
f 3441/3987/2681 3395/4010/2635 3456/3995/2696
f 3621/4011/2861 3455/3984/2695 3470/4008/2710
f 3449/3989/2689 3448/3985/2688 3463/4009/2703 3464/3997/2704
f 3461/4005/2701 3460/4003/2700 3475/4012/2715 3476/4013/2716
f 3469/4006/2709 3468/4004/2708 3483/4014/2723 3484/4015/2724
f 3462/4007/2702 3461/4005/2701 3476/4013/2716 3477/4016/2717
f 3470/4008/2710 3469/4006/2709 3484/4015/2724 3485/4017/2725
f 3463/4009/2703 3462/4007/2702 3477/4016/2717 3478/4018/2718
f 3456/3995/2696 3395/4019/2635 3471/4020/2711
f 3621/4021/2861 3470/4008/2710 3485/4017/2725
f 3464/3997/2704 3463/4009/2703 3478/4018/2718 3479/4022/2719
f 3457/3996/2697 3456/3995/2696 3471/4020/2711 3472/4023/2712
f 3465/3998/2705 3464/3997/2704 3479/4022/2719 3480/4024/2720
f 3458/3999/2698 3457/3996/2697 3472/4023/2712 3473/4025/2713
f 3466/4000/2706 3465/3998/2705 3480/4024/2720 3481/4026/2721
f 3459/4001/2699 3458/3999/2698 3473/4025/2713 3474/4027/2714
f 3467/4002/2707 3466/4000/2706 3481/4026/2721 3482/4028/2722
f 3460/4003/2700 3459/4001/2699 3474/4027/2714 3475/4012/2715
f 3468/4004/2708 3467/4002/2707 3482/4028/2722 3483/4014/2723
f 3480/4024/2720 3479/4022/2719 3494/4029/2734 3495/4030/2735
f 3473/4025/2713 3472/4023/2712 3487/4031/2727 3488/4032/2728
f 3481/4026/2721 3480/4024/2720 3495/4030/2735 3496/4033/2736
f 3474/4027/2714 3473/4025/2713 3488/4032/2728 3489/4034/2729
f 3482/4028/2722 3481/4026/2721 3496/4033/2736 3497/4035/2737
f 3475/4012/2715 3474/4027/2714 3489/4034/2729 3490/4036/2730
f 3483/4014/2723 3482/4028/2722 3497/4035/2737 3498/4037/2738
f 3476/4013/2716 3475/4012/2715 3490/4036/2730 3491/4038/2731
f 3484/4015/2724 3483/4014/2723 3498/4037/2738 3499/4039/2739
f 3477/4016/2717 3476/4013/2716 3491/4038/2731 3492/4040/2732
f 3485/4017/2725 3484/4015/2724 3499/4039/2739 3500/4041/2740
f 3478/4018/2718 3477/4016/2717 3492/4040/2732 3493/4042/2733
f 3471/4020/2711 3395/4043/2635 3486/4044/2726
f 3621/4045/2861 3485/4017/2725 3500/4041/2740
f 3479/4022/2719 3478/4018/2718 3493/4042/2733 3494/4029/2734
f 3472/4023/2712 3471/4020/2711 3486/4044/2726 3487/4031/2727
f 3499/4039/2739 3498/4037/2738 3513/4046/2753 3514/4047/2754
f 3492/4040/2732 3491/4038/2731 3506/4048/2746 3507/4049/2747
f 3500/4041/2740 3499/4039/2739 3514/4047/2754 3515/4050/2755
f 3493/4042/2733 3492/4040/2732 3507/4049/2747 3508/4051/2748
f 3486/4044/2726 3395/4052/2635 3501/4053/2741
f 3621/4054/2861 3500/4041/2740 3515/4050/2755
f 3494/4029/2734 3493/4042/2733 3508/4051/2748 3509/4055/2749
f 3487/4031/2727 3486/4044/2726 3501/4053/2741 3502/4056/2742
f 3495/4030/2735 3494/4029/2734 3509/4055/2749 3510/4057/2750
f 3488/4032/2728 3487/4031/2727 3502/4056/2742 3503/4058/2743
f 3496/4033/2736 3495/4030/2735 3510/4057/2750 3511/4059/2751
f 3489/4034/2729 3488/4032/2728 3503/4058/2743 3504/4060/2744
f 3497/4035/2737 3496/4033/2736 3511/4059/2751 3512/4061/2752
f 3490/4036/2730 3489/4034/2729 3504/4060/2744 3505/4062/2745
f 3498/4037/2738 3497/4035/2737 3512/4061/2752 3513/4046/2753
f 3491/4038/2731 3490/4036/2730 3505/4062/2745 3506/4048/2746
f 3511/4059/2751 3510/4057/2750 3525/4063/2765 3526/4064/2766
f 3504/4060/2744 3503/4058/2743 3518/4065/2758 3519/4066/2759
f 3512/4061/2752 3511/4059/2751 3526/4064/2766 3527/4067/2767
f 3505/4062/2745 3504/4060/2744 3519/4066/2759 3520/4068/2760
f 3513/4046/2753 3512/4061/2752 3527/4067/2767 3528/4069/2768
f 3506/4048/2746 3505/4062/2745 3520/4068/2760 3521/4070/2761
f 3514/4047/2754 3513/4046/2753 3528/4069/2768 3529/4071/2769
f 3507/4049/2747 3506/4048/2746 3521/4070/2761 3522/4072/2762
f 3515/4050/2755 3514/4047/2754 3529/4071/2769 3530/4073/2770
f 3508/4051/2748 3507/4049/2747 3522/4072/2762 3523/4074/2763
f 3501/4053/2741 3395/4075/2635 3516/4076/2756
f 3621/4077/2861 3515/4050/2755 3530/4073/2770
f 3509/4055/2749 3508/4051/2748 3523/4074/2763 3524/4078/2764
f 3502/4056/2742 3501/4053/2741 3516/4076/2756 3517/4079/2757
f 3510/4057/2750 3509/4055/2749 3524/4078/2764 3525/4063/2765
f 3503/4058/2743 3502/4056/2742 3517/4079/2757 3518/4065/2758
f 3530/4073/2770 3529/4071/2769 3544/4080/2784 3545/4081/2785
f 3523/4074/2763 3522/4072/2762 3537/4082/2777 3538/4083/2778
f 3516/4076/2756 3395/4084/2635 3531/4085/2771
f 3621/4086/2861 3530/4073/2770 3545/4081/2785
f 3524/4078/2764 3523/4074/2763 3538/4083/2778 3539/4087/2779
f 3517/4079/2757 3516/4076/2756 3531/4085/2771 3532/4088/2772
f 3525/4063/2765 3524/4078/2764 3539/4087/2779 3540/4089/2780
f 3518/4065/2758 3517/4079/2757 3532/4088/2772 3533/4090/2773
f 3526/4064/2766 3525/4063/2765 3540/4089/2780 3541/4091/2781
f 3519/4066/2759 3518/4065/2758 3533/4090/2773 3534/4092/2774
f 3527/4067/2767 3526/4064/2766 3541/4091/2781 3542/4093/2782
f 3520/4068/2760 3519/4066/2759 3534/4092/2774 3535/4094/2775
f 3528/4069/2768 3527/4067/2767 3542/4093/2782 3543/4095/2783
f 3521/4070/2761 3520/4068/2760 3535/4094/2775 3536/4096/2776
f 3529/4071/2769 3528/4069/2768 3543/4095/2783 3544/4080/2784
f 3522/4072/2762 3521/4070/2761 3536/4096/2776 3537/4082/2777
f 3534/4092/2774 3533/4090/2773 3548/4097/2788 3549/4098/2789
f 3542/4093/2782 3541/4091/2781 3556/4099/2796 3557/4100/2797
f 3535/4094/2775 3534/4092/2774 3549/4098/2789 3550/4101/2790
f 3543/4095/2783 3542/4093/2782 3557/4100/2797 3558/4102/2798
f 3536/4096/2776 3535/4094/2775 3550/4101/2790 3551/4103/2791
f 3544/4080/2784 3543/4095/2783 3558/4102/2798 3559/4104/2799
f 3537/4082/2777 3536/4096/2776 3551/4103/2791 3552/4105/2792
f 3545/4081/2785 3544/4080/2784 3559/4104/2799 3560/4106/2800
f 3538/4083/2778 3537/4082/2777 3552/4105/2792 3553/4107/2793
f 3531/4085/2771 3395/4108/2635 3546/4109/2786
f 3621/4110/2861 3545/4081/2785 3560/4106/2800
f 3539/4087/2779 3538/4083/2778 3553/4107/2793 3554/4111/2794
f 3532/4088/2772 3531/4085/2771 3546/4109/2786 3547/4112/2787
f 3540/4089/2780 3539/4087/2779 3554/4111/2794 3555/4113/2795
f 3533/4090/2773 3532/4088/2772 3547/4112/2787 3548/4097/2788
f 3541/4091/2781 3540/4089/2780 3555/4113/2795 3556/4099/2796
f 3553/4107/2793 3552/4105/2792 3567/4114/2807 3568/4115/2808
f 3546/4109/2786 3395/4116/2635 3561/4117/2801
f 3621/4118/2861 3560/4106/2800 3575/4119/2815
f 3554/4111/2794 3553/4107/2793 3568/4115/2808 3569/4120/2809
f 3547/4112/2787 3546/4109/2786 3561/4117/2801 3562/4121/2802
f 3555/4113/2795 3554/4111/2794 3569/4120/2809 3570/4122/2810
f 3548/4097/2788 3547/4112/2787 3562/4121/2802 3563/4123/2803
f 3556/4099/2796 3555/4113/2795 3570/4122/2810 3571/4124/2811
f 3549/4098/2789 3548/4097/2788 3563/4123/2803 3564/4125/2804
f 3557/4100/2797 3556/4099/2796 3571/4124/2811 3572/4126/2812
f 3550/4101/2790 3549/4098/2789 3564/4125/2804 3565/4127/2805
f 3558/4102/2798 3557/4100/2797 3572/4126/2812 3573/4128/2813
f 3551/4103/2791 3550/4101/2790 3565/4127/2805 3566/4129/2806
f 3559/4104/2799 3558/4102/2798 3573/4128/2813 3574/4130/2814
f 3552/4105/2792 3551/4103/2791 3566/4129/2806 3567/4114/2807
f 3560/4106/2800 3559/4104/2799 3574/4130/2814 3575/4119/2815
f 3572/4126/2812 3571/4124/2811 3586/4131/2826 3587/4132/2827
f 3565/4127/2805 3564/4125/2804 3579/4133/2819 3580/4134/2820
f 3573/4128/2813 3572/4126/2812 3587/4132/2827 3588/4135/2828
f 3566/4129/2806 3565/4127/2805 3580/4134/2820 3581/4136/2821
f 3574/4130/2814 3573/4128/2813 3588/4135/2828 3589/4137/2829
f 3567/4114/2807 3566/4129/2806 3581/4136/2821 3582/4138/2822
f 3575/4119/2815 3574/4130/2814 3589/4137/2829 3590/4139/2830
f 3568/4115/2808 3567/4114/2807 3582/4138/2822 3583/4140/2823
f 3561/4117/2801 3395/4141/2635 3576/4142/2816
f 3621/4143/2861 3575/4119/2815 3590/4139/2830
f 3569/4120/2809 3568/4115/2808 3583/4140/2823 3584/4144/2824
f 3562/4121/2802 3561/4117/2801 3576/4142/2816 3577/4145/2817
f 3570/4122/2810 3569/4120/2809 3584/4144/2824 3585/4146/2825
f 3563/4123/2803 3562/4121/2802 3577/4145/2817 3578/4147/2818
f 3571/4124/2811 3570/4122/2810 3585/4146/2825 3586/4131/2826
f 3564/4125/2804 3563/4123/2803 3578/4147/2818 3579/4133/2819
f 3576/4142/2816 3395/4148/2635 3591/4149/2831
f 3621/4150/2861 3590/4139/2830 3605/4151/2845
f 3584/4144/2824 3583/4140/2823 3598/4152/2838 3599/4153/2839
f 3577/4145/2817 3576/4142/2816 3591/4149/2831 3592/4154/2832
f 3585/4146/2825 3584/4144/2824 3599/4153/2839 3600/4155/2840
f 3578/4147/2818 3577/4145/2817 3592/4154/2832 3593/4156/2833
f 3586/4131/2826 3585/4146/2825 3600/4155/2840 3601/4157/2841
f 3579/4133/2819 3578/4147/2818 3593/4156/2833 3594/4158/2834
f 3587/4132/2827 3586/4131/2826 3601/4157/2841 3602/4159/2842
f 3580/4134/2820 3579/4133/2819 3594/4158/2834 3595/4160/2835
f 3588/4135/2828 3587/4132/2827 3602/4159/2842 3603/4161/2843
f 3581/4136/2821 3580/4134/2820 3595/4160/2835 3596/4162/2836
f 3589/4137/2829 3588/4135/2828 3603/4161/2843 3604/4163/2844
f 3582/4138/2822 3581/4136/2821 3596/4162/2836 3597/4164/2837
f 3590/4139/2830 3589/4137/2829 3604/4163/2844 3605/4151/2845
f 3583/4140/2823 3582/4138/2822 3597/4164/2837 3598/4152/2838
f 3595/4160/2835 3594/4158/2834 3609/4165/2849 3610/4166/2850
f 3603/4161/2843 3602/4159/2842 3617/4167/2857 3618/4168/2858
f 3596/4162/2836 3595/4160/2835 3610/4166/2850 3611/4169/2851
f 3604/4163/2844 3603/4161/2843 3618/4168/2858 3619/4170/2859
f 3597/4164/2837 3596/4162/2836 3611/4169/2851 3612/4171/2852
f 3605/4151/2845 3604/4163/2844 3619/4170/2859 3620/4172/2860
f 3598/4152/2838 3597/4164/2837 3612/4171/2852 3613/4173/2853
f 3591/4149/2831 3395/4174/2635 3606/4175/2846
f 3621/4176/2861 3605/4151/2845 3620/4172/2860
f 3599/4153/2839 3598/4152/2838 3613/4173/2853 3614/4177/2854
f 3592/4154/2832 3591/4149/2831 3606/4175/2846 3607/4178/2847
f 3600/4155/2840 3599/4153/2839 3614/4177/2854 3615/4179/2855
f 3593/4156/2833 3592/4154/2832 3607/4178/2847 3608/4180/2848
f 3601/4157/2841 3600/4155/2840 3615/4179/2855 3616/4181/2856
f 3594/4158/2834 3593/4156/2833 3608/4180/2848 3609/4165/2849
f 3602/4159/2842 3601/4157/2841 3616/4181/2856 3617/4167/2857
f 3614/4177/2854 3613/4173/2853 3629/4182/2869 3630/4183/2870
f 3607/4178/2847 3606/4175/2846 3622/4184/2862 3623/4185/2863
f 3615/4179/2855 3614/4177/2854 3630/4183/2870 3631/4186/2871
f 3608/4180/2848 3607/4178/2847 3623/4185/2863 3624/4187/2864
f 3616/4181/2856 3615/4179/2855 3631/4186/2871 3632/4188/2872
f 3609/4165/2849 3608/4180/2848 3624/4187/2864 3625/4189/2865
f 3617/4167/2857 3616/4181/2856 3632/4188/2872 3633/4190/2873
f 3610/4166/2850 3609/4165/2849 3625/4189/2865 3626/4191/2866
f 3618/4168/2858 3617/4167/2857 3633/4190/2873 3634/4192/2874
f 3611/4169/2851 3610/4166/2850 3626/4191/2866 3627/4193/2867
f 3619/4170/2859 3618/4168/2858 3634/4192/2874 3635/4194/2875
f 3612/4171/2852 3611/4169/2851 3627/4193/2867 3628/4195/2868
f 3620/4172/2860 3619/4170/2859 3635/4194/2875 3636/4196/2876
f 3613/4173/2853 3612/4171/2852 3628/4195/2868 3629/4182/2869
f 3606/4175/2846 3395/4197/2635 3622/4184/2862
f 3621/4198/2861 3620/4172/2860 3636/4196/2876
f 3634/4192/2874 3633/4190/2873 3648/4199/2888 3649/4200/2889
f 3627/4193/2867 3626/4191/2866 3641/4201/2881 3642/4202/2882
f 3635/4194/2875 3634/4192/2874 3649/4200/2889 3650/4203/2890
f 3628/4195/2868 3627/4193/2867 3642/4202/2882 3643/4204/2883
f 3636/4196/2876 3635/4194/2875 3650/4203/2890 3651/4205/2891
f 3629/4182/2869 3628/4195/2868 3643/4204/2883 3644/4206/2884
f 3622/4184/2862 3395/4207/2635 3637/4208/2877
f 3621/4209/2861 3636/4196/2876 3651/4205/2891
f 3630/4183/2870 3629/4182/2869 3644/4206/2884 3645/4210/2885
f 3623/4185/2863 3622/4184/2862 3637/4208/2877 3638/4211/2878
f 3631/4186/2871 3630/4183/2870 3645/4210/2885 3646/4212/2886
f 3624/4187/2864 3623/4185/2863 3638/4211/2878 3639/4213/2879
f 3632/4188/2872 3631/4186/2871 3646/4212/2886 3647/4214/2887
f 3625/4189/2865 3624/4187/2864 3639/4213/2879 3640/4215/2880
f 3633/4190/2873 3632/4188/2872 3647/4214/2887 3648/4199/2888
f 3626/4191/2866 3625/4189/2865 3640/4215/2880 3641/4201/2881
f 3646/4212/2886 3645/4210/2885 3660/4216/2900 3661/4217/2901
f 3639/4213/2879 3638/4211/2878 3653/4218/2893 3654/4219/2894
f 3647/4214/2887 3646/4212/2886 3661/4217/2901 3662/4220/2902
f 3640/4215/2880 3639/4213/2879 3654/4219/2894 3655/4221/2895
f 3648/4199/2888 3647/4214/2887 3662/4220/2902 3663/4222/2903
f 3641/4201/2881 3640/4215/2880 3655/4221/2895 3656/4223/2896
f 3649/4200/2889 3648/4199/2888 3663/4222/2903 3664/4224/2904
f 3642/4202/2882 3641/4201/2881 3656/4223/2896 3657/4225/2897
f 3650/4203/2890 3649/4200/2889 3664/4224/2904 3665/4226/2905
f 3643/4204/2883 3642/4202/2882 3657/4225/2897 3658/4227/2898
f 3651/4205/2891 3650/4203/2890 3665/4226/2905 3666/4228/2906
f 3644/4206/2884 3643/4204/2883 3658/4227/2898 3659/4229/2899
f 3637/4208/2877 3395/4230/2635 3652/4231/2892
f 3621/4232/2861 3651/4205/2891 3666/4228/2906
f 3645/4210/2885 3644/4206/2884 3659/4229/2899 3660/4216/2900
f 3638/4211/2878 3637/4208/2877 3652/4231/2892 3653/4218/2893
f 3665/4226/2905 3664/4224/2904 3679/4233/2919 3680/4234/2920
f 3658/4227/2898 3657/4225/2897 3672/4235/2912 3673/4236/2913
f 3666/4228/2906 3665/4226/2905 3680/4234/2920 3681/4237/2921
f 3659/4229/2899 3658/4227/2898 3673/4236/2913 3674/4238/2914
f 3652/4231/2892 3395/4239/2635 3667/4240/2907
f 3621/4241/2861 3666/4228/2906 3681/4237/2921
f 3660/4216/2900 3659/4229/2899 3674/4238/2914 3675/4242/2915
f 3653/4218/2893 3652/4231/2892 3667/4240/2907 3668/4243/2908
f 3661/4217/2901 3660/4216/2900 3675/4242/2915 3676/4244/2916
f 3654/4219/2894 3653/4218/2893 3668/4243/2908 3669/4245/2909
f 3662/4220/2902 3661/4217/2901 3676/4244/2916 3677/4246/2917
f 3655/4221/2895 3654/4219/2894 3669/4245/2909 3670/4247/2910
f 3663/4222/2903 3662/4220/2902 3677/4246/2917 3678/4248/2918
f 3656/4223/2896 3655/4221/2895 3670/4247/2910 3671/4249/2911
f 3664/4224/2904 3663/4222/2903 3678/4248/2918 3679/4233/2919
f 3657/4225/2897 3656/4223/2896 3671/4249/2911 3672/4235/2912
f 3669/4250/2909 3668/4251/2908 3683/4252/2923 3684/4253/2924
f 3677/4254/2917 3676/4255/2916 3691/4256/2931 3692/4257/2932
f 3670/4258/2910 3669/4250/2909 3684/4253/2924 3685/4259/2925
f 3678/4260/2918 3677/4254/2917 3692/4257/2932 3693/4261/2933
f 3671/4262/2911 3670/4258/2910 3685/4259/2925 3686/4263/2926
f 3679/4264/2919 3678/4260/2918 3693/4261/2933 3694/4265/2934
f 3672/4266/2912 3671/4262/2911 3686/4263/2926 3687/4267/2927
f 3680/4268/2920 3679/4264/2919 3694/4265/2934 3695/4269/2935
f 3673/4270/2913 3672/4266/2912 3687/4267/2927 3688/4271/2928
f 3681/4272/2921 3680/4268/2920 3695/4269/2935 3696/4273/2936
f 3674/4274/2914 3673/4270/2913 3688/4271/2928 3689/4275/2929
f 3667/4276/2907 3395/4277/2635 3682/4278/2922
f 3621/4279/2861 3681/4272/2921 3696/4273/2936
f 3675/4280/2915 3674/4274/2914 3689/4275/2929 3690/4281/2930
f 3668/4251/2908 3667/4276/2907 3682/4278/2922 3683/4252/2923
f 3676/4255/2916 3675/4280/2915 3690/4281/2930 3691/4256/2931
f 3688/4271/2928 3687/4267/2927 3702/4282/2942 3703/4283/2943
f 3696/4273/2936 3695/4269/2935 3710/4284/2950 3711/4285/2951
f 3689/4275/2929 3688/4271/2928 3703/4283/2943 3704/4286/2944
f 3682/4278/2922 3395/4287/2635 3697/4288/2937
f 3621/4289/2861 3696/4273/2936 3711/4285/2951
f 3690/4281/2930 3689/4275/2929 3704/4286/2944 3705/4290/2945
f 3683/4252/2923 3682/4278/2922 3697/4288/2937 3698/4291/2938
f 3691/4256/2931 3690/4281/2930 3705/4290/2945 3706/4292/2946
f 3684/4253/2924 3683/4252/2923 3698/4291/2938 3699/4293/2939
f 3692/4257/2932 3691/4256/2931 3706/4292/2946 3707/4294/2947
f 3685/4259/2925 3684/4253/2924 3699/4293/2939 3700/4295/2940
f 3693/4261/2933 3692/4257/2932 3707/4294/2947 3708/4296/2948
f 3686/4263/2926 3685/4259/2925 3700/4295/2940 3701/4297/2941
f 3694/4265/2934 3693/4261/2933 3708/4296/2948 3709/4298/2949
f 3687/4267/2927 3686/4263/2926 3701/4297/2941 3702/4282/2942
f 3695/4269/2935 3694/4265/2934 3709/4298/2949 3710/4284/2950
f 3707/4294/2947 3706/4292/2946 3721/4299/2961 3722/4300/2962
f 3700/4295/2940 3699/4293/2939 3714/4301/2954 3715/4302/2955
f 3708/4296/2948 3707/4294/2947 3722/4300/2962 3723/4303/2963
f 3701/4297/2941 3700/4295/2940 3715/4302/2955 3716/4304/2956
f 3709/4298/2949 3708/4296/2948 3723/4303/2963 3724/4305/2964
f 3702/4282/2942 3701/4297/2941 3716/4304/2956 3717/4306/2957
f 3710/4284/2950 3709/4298/2949 3724/4305/2964 3725/4307/2965
f 3703/4283/2943 3702/4282/2942 3717/4306/2957 3718/4308/2958
f 3711/4285/2951 3710/4284/2950 3725/4307/2965 3726/4309/2966
f 3704/4286/2944 3703/4283/2943 3718/4308/2958 3719/4310/2959
f 3697/4288/2937 3395/4311/2635 3712/4312/2952
f 3621/4313/2861 3711/4285/2951 3726/4309/2966
f 3705/4290/2945 3704/4286/2944 3719/4310/2959 3720/4314/2960
f 3698/4291/2938 3697/4288/2937 3712/4312/2952 3713/4315/2953
f 3706/4292/2946 3705/4290/2945 3720/4314/2960 3721/4299/2961
f 3699/4293/2939 3698/4291/2938 3713/4315/2953 3714/4301/2954
f 3726/4309/2966 3725/4307/2965 3740/4316/2980 3741/4317/2981
f 3719/4310/2959 3718/4308/2958 3733/4318/2973 3734/4319/2974
f 3712/4312/2952 3395/4320/2635 3727/4321/2967
f 3621/4322/2861 3726/4309/2966 3741/4317/2981
f 3720/4314/2960 3719/4310/2959 3734/4319/2974 3735/4323/2975
f 3713/4315/2953 3712/4312/2952 3727/4321/2967 3728/4324/2968
f 3721/4299/2961 3720/4314/2960 3735/4323/2975 3736/4325/2976
f 3714/4301/2954 3713/4315/2953 3728/4324/2968 3729/4326/2969
f 3722/4300/2962 3721/4299/2961 3736/4325/2976 3737/4327/2977
f 3715/4302/2955 3714/4301/2954 3729/4326/2969 3730/4328/2970
f 3723/4303/2963 3722/4300/2962 3737/4327/2977 3738/4329/2978
f 3716/4304/2956 3715/4302/2955 3730/4328/2970 3731/4330/2971
f 3724/4305/2964 3723/4303/2963 3738/4329/2978 3739/4331/2979
f 3717/4306/2957 3716/4304/2956 3731/4330/2971 3732/4332/2972
f 3725/4307/2965 3724/4305/2964 3739/4331/2979 3740/4316/2980
f 3718/4308/2958 3717/4306/2957 3732/4332/2972 3733/4318/2973
f 3730/4328/2970 3729/4326/2969 3744/4333/2984 3745/4334/2985
f 3738/4329/2978 3737/4327/2977 3752/4335/2992 3753/4336/2993
f 3731/4330/2971 3730/4328/2970 3745/4334/2985 3746/4337/2986
f 3739/4331/2979 3738/4329/2978 3753/4336/2993 3754/4338/2994
f 3732/4332/2972 3731/4330/2971 3746/4337/2986 3747/4339/2987
f 3740/4316/2980 3739/4331/2979 3754/4338/2994 3755/4340/2995
f 3733/4318/2973 3732/4332/2972 3747/4339/2987 3748/4341/2988
f 3741/4317/2981 3740/4316/2980 3755/4340/2995 3756/4342/2996
f 3734/4319/2974 3733/4318/2973 3748/4341/2988 3749/4343/2989
f 3727/4321/2967 3395/4344/2635 3742/4345/2982
f 3621/4346/2861 3741/4317/2981 3756/4342/2996
f 3735/4323/2975 3734/4319/2974 3749/4343/2989 3750/4347/2990
f 3728/4324/2968 3727/4321/2967 3742/4345/2982 3743/4348/2983
f 3736/4325/2976 3735/4323/2975 3750/4347/2990 3751/4349/2991
f 3729/4326/2969 3728/4324/2968 3743/4348/2983 3744/4333/2984
f 3737/4327/2977 3736/4325/2976 3751/4349/2991 3752/4335/2992
f 3749/4343/2989 3748/4341/2988 3763/4350/3003 3764/4351/3004
f 3742/4345/2982 3395/4352/2635 3757/4353/2997
f 3621/4354/2861 3756/4342/2996 3771/4355/3011
f 3750/4347/2990 3749/4343/2989 3764/4351/3004 3765/4356/3005
f 3743/4348/2983 3742/4345/2982 3757/4353/2997 3758/4357/2998
f 3751/4349/2991 3750/4347/2990 3765/4356/3005 3766/4358/3006
f 3744/4333/2984 3743/4348/2983 3758/4357/2998 3759/4359/2999
f 3752/4335/2992 3751/4349/2991 3766/4358/3006 3767/4360/3007
f 3745/4334/2985 3744/4333/2984 3759/4359/2999 3760/4361/3000
f 3753/4336/2993 3752/4335/2992 3767/4360/3007 3768/4362/3008
f 3746/4337/2986 3745/4334/2985 3760/4361/3000 3761/4363/3001
f 3754/4338/2994 3753/4336/2993 3768/4362/3008 3769/4364/3009
f 3747/4339/2987 3746/4337/2986 3761/4363/3001 3762/4365/3002
f 3755/4340/2995 3754/4338/2994 3769/4364/3009 3770/4366/3010
f 3748/4341/2988 3747/4339/2987 3762/4365/3002 3763/4350/3003
f 3756/4342/2996 3755/4340/2995 3770/4366/3010 3771/4355/3011
f 3768/4362/3008 3767/4360/3007 3782/4367/3022 3783/4368/3023
f 3761/4363/3001 3760/4361/3000 3775/4369/3015 3776/4370/3016
f 3769/4364/3009 3768/4362/3008 3783/4368/3023 3784/4371/3024
f 3762/4365/3002 3761/4363/3001 3776/4370/3016 3777/4372/3017
f 3770/4366/3010 3769/4364/3009 3784/4371/3024 3785/4373/3025
f 3763/4350/3003 3762/4365/3002 3777/4372/3017 3778/4374/3018
f 3771/4355/3011 3770/4366/3010 3785/4373/3025 3786/4375/3026
f 3764/4351/3004 3763/4350/3003 3778/4374/3018 3779/4376/3019
f 3757/4353/2997 3395/4377/2635 3772/4378/3012
f 3621/4379/2861 3771/4355/3011 3786/4375/3026
f 3765/4356/3005 3764/4351/3004 3779/4376/3019 3780/4380/3020
f 3758/4357/2998 3757/4353/2997 3772/4378/3012 3773/4381/3013
f 3766/4358/3006 3765/4356/3005 3780/4380/3020 3781/4382/3021
f 3759/4359/2999 3758/4357/2998 3773/4381/3013 3774/4383/3014
f 3767/4360/3007 3766/4358/3006 3781/4382/3021 3782/4367/3022
f 3760/4361/3000 3759/4359/2999 3774/4383/3014 3775/4369/3015
f 3621/4384/2861 3786/4375/3026 3795/3831/3035
f 3780/4380/3020 3779/4376/3019 3317/3834/2557 3318/3833/2558
f 3773/4381/3013 3772/4378/3012 3787/3827/3027 3788/3837/3028
f 3781/4382/3021 3780/4380/3020 3318/3833/2558 3791/3839/3031
f 3774/4383/3014 3773/4381/3013 3788/3837/3028 3314/3841/2554
f 3782/4367/3022 3781/4382/3021 3791/3839/3031 3319/3843/2559
f 3775/4369/3015 3774/4383/3014 3314/3841/2554 3789/3845/3029
f 3783/4368/3023 3782/4367/3022 3319/3843/2559 3792/3847/3032
f 3776/4370/3016 3775/4369/3015 3789/3845/3029 3315/3849/2555
f 3784/4371/3024 3783/4368/3023 3792/3847/3032 3793/3851/3033
f 3777/4372/3017 3776/4370/3016 3315/3849/2555 3790/3853/3030
f 3785/4373/3025 3784/4371/3024 3793/3851/3033 3794/3855/3034
f 3778/4374/3018 3777/4372/3017 3790/3853/3030 3316/3857/2556
f 3786/4375/3026 3785/4373/3025 3794/3855/3034 3795/3831/3035
f 3779/4376/3019 3778/4374/3018 3316/3857/2556 3317/3834/2557
f 3772/4378/3012 3395/4385/2635 3787/3827/3027
